id,title,isPartOf,publicationYear,doi,docType,provider,datePublished,issueNumber,volumeNumber,url,creator,publisher,language,pageStart,pageEnd,placeOfPublication,wordCount,pageCount,outputFormat
http://www.jstor.org/stable/2866221,Review Article,Shakespeare Quarterly,1951,,article,jstor,1951-04-01,2,2,http://www.jstor.org/stable/2866221,A. H. R. Fairchild,Folger Shakespeare Library,eng,133,134,,1207,2,unigram; bigram; trigram
http://www.jstor.org/stable/2868793,Review Article,Shakespeare Quarterly,1974,,article,jstor,1974-07-01,3,25,http://www.jstor.org/stable/2868793,Marion O'Connor,Folger Shakespeare Library,eng,370,373,,1914,4,unigram; bigram; trigram
http://www.jstor.org/stable/2870918,Review Article,Shakespeare Quarterly,1992,,article,jstor,1992-04-01,1,43,http://www.jstor.org/stable/2870918,John W. Velz,Folger Shakespeare Library,eng,107,109,,1517,3,unigram; bigram; trigram
http://www.jstor.org/stable/41819770,Review Article,Shakespeare Quarterly,2012,,article,jstor,2012-12-01,4,63,http://www.jstor.org/stable/41819770,Darryl Gless,Folger Shakespeare Library,eng,580,587,,3658,8,unigram; bigram; trigram
http://www.jstor.org/stable/2866912,Review Article,Shakespeare Quarterly,1962,,article,jstor,1962-01-01,1,13,http://www.jstor.org/stable/2866912,R. G. Cox,Folger Shakespeare Library,eng,96,97,,573,2,unigram; bigram; trigram
http://www.jstor.org/stable/2869261,Falstaff in Windsor Forest: Villain or Victim?,Shakespeare Quarterly,1975,,article,jstor,1975-01-01,1,26,http://www.jstor.org/stable/2869261,Jeanne Addison Roberts,Folger Shakespeare Library,eng,8,15,,4193,8,unigram; bigram; trigram
http://www.jstor.org/stable/2871217,"Shakespearean Chronology, Ideological Complicity, and Floating Texts: Something is Rotten in Windsor",Shakespeare Quarterly,1994,,article,jstor,1994-07-01,2,45,http://www.jstor.org/stable/2871217,Barbara Freedman,Folger Shakespeare Library,eng,190,210,,12472,21,unigram; bigram; trigram
http://www.jstor.org/stable/2870776,Coriolanus: Body Politic and Private Parts,Shakespeare Quarterly,1990,,article,jstor,1990-12-01,4,41,http://www.jstor.org/stable/2870776,Zvi Jagendorf,Folger Shakespeare Library,eng,455,469,,8209,15,unigram; bigram; trigram
http://www.jstor.org/stable/2869933,"Shakespeare in West Germany, 1983",Shakespeare Quarterly,1984,,article,jstor,1984-07-01,2,35,http://www.jstor.org/stable/2869933,Wilhelm Hortmann,Folger Shakespeare Library,eng,214,218,,2764,5,unigram; bigram; trigram
http://www.jstor.org/stable/2902131,Fragments of Nationalism in Troilus and Cressida,Shakespeare Quarterly,2000,,article,jstor,2000-07-01,2,51,http://www.jstor.org/stable/2902131,Matthew A. Greenfield,Folger Shakespeare Library,eng,181,200,,9538,20,unigram; bigram; trigram
http://www.jstor.org/stable/2871118,Love as Trompe-l'oeil: Taxonomies of Desire in Venus and Adonis,Shakespeare Quarterly,1995,,article,jstor,1995-10-01,3,46,http://www.jstor.org/stable/2871118,Catherine Belsey,Folger Shakespeare Library,eng,257,276,,10617,20,unigram; bigram; trigram
http://www.jstor.org/stable/2867722,Reviews of Books Previously Recorded in Shakespeare Quarterly Bibliographies,Shakespeare Quarterly,1966,,article,jstor,1966-07-01,3,17,http://www.jstor.org/stable/2867722,Rudolph E. Habenicht,Folger Shakespeare Library,eng,306,318,,6258,13,unigram; bigram; trigram
http://www.jstor.org/stable/2866138,Review Article,Shakespeare Quarterly,1956,,article,jstor,1956-01-01,1,7,http://www.jstor.org/stable/2866138,Anna Maria Crinò,Folger Shakespeare Library,eng,129,130,,635,2,unigram; bigram; trigram
http://www.jstor.org/stable/2868054,Front Matter,Shakespeare Quarterly,1967,,article,jstor,1967-01-01,1,18,http://www.jstor.org/stable/2868054,,Folger Shakespeare Library,eng,1,2,,562,3,unigram; bigram; trigram
http://www.jstor.org/stable/2870360,Back Matter,Shakespeare Quarterly,1982,,article,jstor,1982-04-01,1,33,http://www.jstor.org/stable/2870360,,Folger Shakespeare Library,eng,126,128,,702,4,unigram; bigram; trigram
http://www.jstor.org/stable/2866349,Review Article,Shakespeare Quarterly,1954,,article,jstor,1954-07-01,3,5,http://www.jstor.org/stable/2866349,G. B. Harrison,Folger Shakespeare Library,eng,334,335,,684,2,unigram; bigram; trigram
http://www.jstor.org/stable/2870664,Review Article,Shakespeare Quarterly,1991,,article,jstor,1991-04-01,1,42,http://www.jstor.org/stable/2870664,Alexander Leggatt,Folger Shakespeare Library,eng,107,109,,1645,3,unigram; bigram; trigram
http://www.jstor.org/stable/2871037,Back Matter,Shakespeare Quarterly,1997,,article,jstor,1997-10-01,3,48,http://www.jstor.org/stable/2871037,,Folger Shakespeare Library,eng,372,373,,1679,5,unigram; bigram; trigram
http://www.jstor.org/stable/2868248,Review Article,Shakespeare Quarterly,1966,,article,jstor,1966-04-01,2,17,http://www.jstor.org/stable/2868248,Ian Forbes Fraser,Folger Shakespeare Library,eng,181,183,,1033,3,unigram; bigram; trigram
http://www.jstor.org/stable/4624955,"Citizens' Games: Differentiating Collaboration and ""Sir Thomas More""",Shakespeare Quarterly,2007,,article,jstor,2007-04-01,1,58,http://www.jstor.org/stable/4624955,Nina Levine,Folger Shakespeare Library,eng,31,64,,16625,34,unigram; bigram; trigram
http://www.jstor.org/stable/2870895,Review Article,Shakespeare Quarterly,1992,,article,jstor,1992-07-01,2,43,http://www.jstor.org/stable/2870895,Russ McDonald,Folger Shakespeare Library,eng,247,250,,2012,4,unigram; bigram; trigram
http://www.jstor.org/stable/2866237,Volume Information,Shakespeare Quarterly,1951,,article,jstor,1951-10-01,4,2,http://www.jstor.org/stable/2866237,,Folger Shakespeare Library,eng,,,,1005,5,unigram; bigram; trigram
http://www.jstor.org/stable/2866366,Review Article,Shakespeare Quarterly,1956,,article,jstor,1956-10-01,4,7,http://www.jstor.org/stable/2866366,Bonamy Dobrée,Folger Shakespeare Library,eng,423,426,,2296,4,unigram; bigram; trigram
http://www.jstor.org/stable/2867399,Review Article,Shakespeare Quarterly,1961,,article,jstor,1961-04-01,2,12,http://www.jstor.org/stable/2867399,E. G. Rogers,Folger Shakespeare Library,eng,150,151,,806,2,unigram; bigram; trigram
http://www.jstor.org/stable/2867738,Shakespeare In the Seventeenth Century,Shakespeare Quarterly,1965,,article,jstor,1965-01-01,1,16,http://www.jstor.org/stable/2867738,David Frost,Folger Shakespeare Library,eng,81,89,,4963,9,unigram; bigram; trigram
http://www.jstor.org/stable/2868895,Review Article,Shakespeare Quarterly,1974,,article,jstor,1974-01-01,1,25,http://www.jstor.org/stable/2868895,John Kinnaird,Folger Shakespeare Library,eng,135,137,,900,3,unigram; bigram; trigram
http://www.jstor.org/stable/2869130,Shakespeare in Brussels and Antwerp,Shakespeare Quarterly,1978,,article,jstor,1978-04-01,2,29,http://www.jstor.org/stable/2869130,Jozef De Vos,Folger Shakespeare Library,eng,294,295,,1144,2,unigram; bigram; trigram
http://www.jstor.org/stable/40210320,The Alcestis and the Statue Scene in the Winter's Tale,Shakespeare Quarterly,2009,,article,jstor,2009-04-01,1,60,http://www.jstor.org/stable/40210320,Sarah Dewar-Watson,Folger Shakespeare Library,eng,73,80,,3161,8,unigram; bigram; trigram
http://www.jstor.org/stable/2867164,An Early Tune for the Fool's Song in King Lear,Shakespeare Quarterly,1958,,article,jstor,1958-10-01,4,9,http://www.jstor.org/stable/2867164,Peter J. Seng,Folger Shakespeare Library,eng,583,585,,1178,3,unigram; bigram; trigram
http://www.jstor.org/stable/2867350,Review Article,Shakespeare Quarterly,1958,,article,jstor,1958-07-01,3,9,http://www.jstor.org/stable/2867350,Albert Howard Carter,Folger Shakespeare Library,eng,403,405,,992,3,unigram; bigram; trigram
http://www.jstor.org/stable/2868654,"Shakespeare, the Ancients, and Hales of Eton",Shakespeare Quarterly,1972,,article,jstor,1972-01-01,1,23,http://www.jstor.org/stable/2868654,John Freehafer,Folger Shakespeare Library,eng,63,68,,3184,6,unigram; bigram; trigram
http://www.jstor.org/stable/3844120,"When Theaters Were Bear-Gardens; Or, What's at Stake in the Comedy of Humors",Shakespeare Quarterly,2003,,article,jstor,2003-04-01,1,54,http://www.jstor.org/stable/3844120,Jason Scott-Warren,Folger Shakespeare Library,eng,63,82,,9882,20,unigram; bigram; trigram
http://www.jstor.org/stable/3844030,Review Article,Shakespeare Quarterly,2005,,article,jstor,2005-04-01,1,56,http://www.jstor.org/stable/3844030,Christa Jansohn,Folger Shakespeare Library,eng,106,108,,1506,3,unigram; bigram; trigram
http://www.jstor.org/stable/2871356,Othello,Shakespeare Quarterly,1997,,article,jstor,1997-01-01,5,48,http://www.jstor.org/stable/2871356,,Folger Shakespeare Library,eng,713,721,,7726,9,unigram; bigram; trigram
http://www.jstor.org/stable/2902294,Review Article,Shakespeare Quarterly,1999,,article,jstor,1999-12-01,4,50,http://www.jstor.org/stable/2902294,Louisa Foulke Newlin,Folger Shakespeare Library,eng,543,545,,1481,3,unigram; bigram; trigram
http://www.jstor.org/stable/2868884,All's Well That Ends Well and the Morality Play,Shakespeare Quarterly,1974,,article,jstor,1974-01-01,1,25,http://www.jstor.org/stable/2868884,W. L. Godshalk,Folger Shakespeare Library,eng,61,70,,5069,10,unigram; bigram; trigram
http://www.jstor.org/stable/2870860,From the Editor,Shakespeare Quarterly,1992,,article,jstor,1992-12-01,4,43,http://www.jstor.org/stable/2870860,,Folger Shakespeare Library,eng,iii,iv,,954,2,unigram; bigram; trigram
http://www.jstor.org/stable/2866889,[Illustration]: The Monuments of Ancient Rome,Shakespeare Quarterly,1962,,article,jstor,1962-01-01,1,13,http://www.jstor.org/stable/2866889,,Folger Shakespeare Library,eng,14,14,,45,1,unigram; bigram; trigram
http://www.jstor.org/stable/4123505,Review Article,Shakespeare Quarterly,2006,,article,jstor,2006-12-01,4,57,http://www.jstor.org/stable/4123505,Heather Hirschfeld,Folger Shakespeare Library,eng,487,489,,1354,3,unigram; bigram; trigram
http://www.jstor.org/stable/3844299,Review Article,Shakespeare Quarterly,2004,,article,jstor,2004-07-01,2,55,http://www.jstor.org/stable/3844299,Jane Donawerth,Folger Shakespeare Library,eng,238,239,,1017,2,unigram; bigram; trigram
http://www.jstor.org/stable/2871237,Review Article,Shakespeare Quarterly,1994,,article,jstor,1994-10-01,3,45,http://www.jstor.org/stable/2871237,Robert S. Miola,Folger Shakespeare Library,eng,353,354,,973,2,unigram; bigram; trigram
http://www.jstor.org/stable/2866296,[Illustration]: Queen Elizabeth Dancing with Earl of Leicester,Shakespeare Quarterly,1952,,article,jstor,1952-07-01,3,3,http://www.jstor.org/stable/2866296,,Folger Shakespeare Library,eng,186,186,,255,1,unigram; bigram; trigram
http://www.jstor.org/stable/2866093,Review Article,Shakespeare Quarterly,1955,,article,jstor,1955-10-01,4,6,http://www.jstor.org/stable/2866093,John Leon Lievsay,Folger Shakespeare Library,eng,472,473,,780,2,unigram; bigram; trigram
http://www.jstor.org/stable/3844206,Review Article,Shakespeare Quarterly,2004,,article,jstor,2004-12-01,4,55,http://www.jstor.org/stable/3844206,Michelle Ephraim,Folger Shakespeare Library,eng,475,479,,2642,5,unigram; bigram; trigram
http://www.jstor.org/stable/2868912,"Shakespeare at Stratford, Ontario, 1971",Shakespeare Quarterly,1971,,article,jstor,1971-10-01,4,22,http://www.jstor.org/stable/2868912,Berners W. Jackson,Folger Shakespeare Library,eng,365,370,,3737,10,unigram; bigram; trigram
http://www.jstor.org/stable/2867354,Review Article,Shakespeare Quarterly,1958,,article,jstor,1958-07-01,3,9,http://www.jstor.org/stable/2867354,Peter G. Phialas,Folger Shakespeare Library,eng,409,411,,1414,3,unigram; bigram; trigram
http://www.jstor.org/stable/2867928,Review Article,Shakespeare Quarterly,1966,,article,jstor,1966-10-01,4,17,http://www.jstor.org/stable/2867928,Zdeněk Stříbrný,Folger Shakespeare Library,eng,431,431,,550,1,unigram; bigram; trigram
http://www.jstor.org/stable/2869975,Review Article,Shakespeare Quarterly,1986,,article,jstor,1986-07-01,2,37,http://www.jstor.org/stable/2869975,Neil H. Wright,Folger Shakespeare Library,eng,266,267,,921,2,unigram; bigram; trigram
http://www.jstor.org/stable/44990263,Back Matter,Shakespeare Quarterly,2002,,article,jstor,2002-01-01,5,53,http://www.jstor.org/stable/44990263,,Oxford University Press,eng,,,,1863,9,unigram; bigram; trigram
http://www.jstor.org/stable/2870611,Prince Hal's Falstaff: Positioning Psychoanalysis and the Female Reproductive Body,Shakespeare Quarterly,1989,,article,jstor,1989-12-01,4,40,http://www.jstor.org/stable/2870611,Valerie Traub,Folger Shakespeare Library,eng,456,474,,10748,19,unigram; bigram; trigram
http://www.jstor.org/stable/2868209,The Unknown Ulysses,Shakespeare Quarterly,1968,,article,jstor,1968-04-01,2,19,http://www.jstor.org/stable/2868209,Karl F. Thompson,Folger Shakespeare Library,eng,125,128,,2247,4,unigram; bigram; trigram
http://www.jstor.org/stable/2869319,Oregon Shakespearean Festival,Shakespeare Quarterly,1979,,article,jstor,1979-04-01,2,30,http://www.jstor.org/stable/2869319,Alan C. Dessen,Folger Shakespeare Library,eng,253,262,,6853,10,unigram; bigram; trigram
http://www.jstor.org/stable/3648656,Review Article,Shakespeare Quarterly,2001,,article,jstor,2001-04-01,1,52,http://www.jstor.org/stable/3648656,Arthur F. Kinney,Folger Shakespeare Library,eng,151,154,,1677,4,unigram; bigram; trigram
http://www.jstor.org/stable/2868401,"[Illustration]: Woodcut Illustration of Plautus' Asinaria, fol. LVII Showin Phileniu",Shakespeare Quarterly,1970,,article,jstor,1970-01-01,1,21,http://www.jstor.org/stable/2868401,,Folger Shakespeare Library,eng,54,54,,34,1,unigram; bigram; trigram
http://www.jstor.org/stable/2866623,Review Article,Shakespeare Quarterly,1955,,article,jstor,1955-07-01,3,6,http://www.jstor.org/stable/2866623,A. C. Partridge,Folger Shakespeare Library,eng,343,345,,958,3,unigram; bigram; trigram
http://www.jstor.org/stable/2869295,"Shakespeare at ""The Mount""",Shakespeare Quarterly,1979,,article,jstor,1979-04-01,2,30,http://www.jstor.org/stable/2869295,Judy Salsbury,Folger Shakespeare Library,eng,177,178,,1089,2,unigram; bigram; trigram
http://www.jstor.org/stable/2868281,"A Test for ""Accomplished Scholars""",Shakespeare Quarterly,1965,,article,jstor,1965-04-01,2,16,http://www.jstor.org/stable/2868281,R. W. Dent,Folger Shakespeare Library,eng,247,255,,5735,9,unigram; bigram; trigram
http://www.jstor.org/stable/2867098,King Lear: A Study in Balanced and Shifting Sympathies,Shakespeare Quarterly,1959,,article,jstor,1959-10-01,4,10,http://www.jstor.org/stable/2867098,Edward A. Block,Folger Shakespeare Library,eng,499,512,,7148,14,unigram; bigram; trigram
http://www.jstor.org/stable/2868959,Articles,Shakespeare Quarterly,1974,,article,jstor,1974-10-01,4,25,http://www.jstor.org/stable/2868959,Bruce Nesbitt; Thomas F. Grieve,Folger Shakespeare Library,eng,460,494,,17096,35,unigram; bigram; trigram
http://www.jstor.org/stable/2867117,London's New Mermaid Theatre at Puddle Dock,Shakespeare Quarterly,1959,,article,jstor,1959-10-01,4,10,http://www.jstor.org/stable/2867117,Bernard M. Wagner,Folger Shakespeare Library,eng,603,606,,2235,4,unigram; bigram; trigram
http://www.jstor.org/stable/2870614,Johannes Factotum and Jack Cade,Shakespeare Quarterly,1989,,article,jstor,1989-12-01,4,40,http://www.jstor.org/stable/2870614,D. Allen Carroll,Folger Shakespeare Library,eng,491,492,,1304,2,unigram; bigram; trigram
http://www.jstor.org/stable/3844092,Review Article,Shakespeare Quarterly,2005,,article,jstor,2005-10-01,3,56,http://www.jstor.org/stable/3844092,Anston Bosman,Folger Shakespeare Library,eng,376,379,,2149,4,unigram; bigram; trigram
http://www.jstor.org/stable/2868086,Front Matter,Shakespeare Quarterly,1964,,article,jstor,1964-10-01,4,15,http://www.jstor.org/stable/2868086,,Folger Shakespeare Library,eng,,,,490,2,unigram; bigram; trigram
http://www.jstor.org/stable/2868094,The Shakespearian Clock: Time and the Vision of Reality in Romeo and Juliet and the Tempest,Shakespeare Quarterly,1964,,article,jstor,1964-10-01,4,15,http://www.jstor.org/stable/2868094,Tom F. Driver,Folger Shakespeare Library,eng,363,370,,4596,8,unigram; bigram; trigram
http://www.jstor.org/stable/2867966,Review Article,Shakespeare Quarterly,1964,,article,jstor,1964-01-01,1,15,http://www.jstor.org/stable/2867966,Bernard Spivack,Folger Shakespeare Library,eng,106,107,,910,2,unigram; bigram; trigram
http://www.jstor.org/stable/2870779,Hamlet's Bodies,Shakespeare Quarterly,1990,,article,jstor,1990-12-01,4,41,http://www.jstor.org/stable/2870779,Margarida G. Rauen,Folger Shakespeare Library,eng,490,490,,398,1,unigram; bigram; trigram
http://www.jstor.org/stable/2868655,The Psyche Myth and A Midsummer Night's Dream,Shakespeare Quarterly,1972,,article,jstor,1972-01-01,1,23,http://www.jstor.org/stable/2868655,James A. S. McPeek,Folger Shakespeare Library,eng,69,79,,6321,11,unigram; bigram; trigram
http://www.jstor.org/stable/2866711,Fulness of Bread,Shakespeare Quarterly,1952,,article,jstor,1952-10-01,4,3,http://www.jstor.org/stable/2866711,T. M. Parrott,Folger Shakespeare Library,eng,379,381,,1078,3,unigram; bigram; trigram
http://www.jstor.org/stable/2870747,Review Article,Shakespeare Quarterly,1989,,article,jstor,1989-10-01,3,40,http://www.jstor.org/stable/2870747,Jonathan Goldberg,Folger Shakespeare Library,eng,374,376,,1645,3,unigram; bigram; trigram
http://www.jstor.org/stable/2871166,Review Article,Shakespeare Quarterly,1995,,article,jstor,1995-04-01,1,46,http://www.jstor.org/stable/2871166,S. Schoenbaum,Folger Shakespeare Library,eng,111,112,,635,2,unigram; bigram; trigram
http://www.jstor.org/stable/2870047,Dream at Santa Cruz,Shakespeare Quarterly,1981,,article,jstor,1981-07-01,2,32,http://www.jstor.org/stable/2870047,Mary Judith Dunbar,Folger Shakespeare Library,eng,262,263,,1188,2,unigram; bigram; trigram
http://www.jstor.org/stable/2868863,Review Article,Shakespeare Quarterly,1973,,article,jstor,1973-04-01,2,24,http://www.jstor.org/stable/2868863,Arthur M. Eastman,Folger Shakespeare Library,eng,228,228,,400,1,unigram; bigram; trigram
http://www.jstor.org/stable/2870583,From the Editor,Shakespeare Quarterly,1988,,article,jstor,1988-04-01,1,39,http://www.jstor.org/stable/2870583,,Folger Shakespeare Library,eng,iii,iv,,1370,2,unigram; bigram; trigram
http://www.jstor.org/stable/4624971,Back Matter,Shakespeare Quarterly,2007,,article,jstor,2007-04-01,1,58,http://www.jstor.org/stable/4624971,,Folger Shakespeare Library,eng,138,140,,2553,11,unigram; bigram; trigram
http://www.jstor.org/stable/2866523,The Authenticity of The Taming of the Shrew,Shakespeare Quarterly,1954,,article,jstor,1954-01-01,1,5,http://www.jstor.org/stable/2866523,K. Wentersdorf,Folger Shakespeare Library,eng,11,32,,9920,22,unigram; bigram; trigram
http://www.jstor.org/stable/2866556,[Illustration]: The ABC with the Pater Noster,Shakespeare Quarterly,1953,,article,jstor,1953-01-01,1,4,http://www.jstor.org/stable/2866556,,Folger Shakespeare Library,eng,50,50,,194,1,unigram; bigram; trigram
http://www.jstor.org/stable/2867969,"""He That did the Tiger Board""",Shakespeare Quarterly,1964,,article,jstor,1964-01-01,1,15,http://www.jstor.org/stable/2867969,Marion A. Taylor,Folger Shakespeare Library,eng,110,113,,1846,4,unigram; bigram; trigram
http://www.jstor.org/stable/2871334,Cymbeline,Shakespeare Quarterly,1997,,article,jstor,1997-01-01,5,48,http://www.jstor.org/stable/2871334,,Folger Shakespeare Library,eng,620,621,,1306,2,unigram; bigram; trigram
http://www.jstor.org/stable/2871117,Front Matter,Shakespeare Quarterly,1995,,article,jstor,1995-10-01,3,46,http://www.jstor.org/stable/2871117,,Folger Shakespeare Library,eng,i,ii,,764,4,unigram; bigram; trigram
http://www.jstor.org/stable/2866689,[Illustration]: Interior of Stratford Grammar School,Shakespeare Quarterly,1952,,article,jstor,1952-10-01,4,3,http://www.jstor.org/stable/2866689,,Folger Shakespeare Library,eng,296,296,,21,1,unigram; bigram; trigram
http://www.jstor.org/stable/41679770,"Pageantry, Queens, and Housewives in the Two Texts of ""The Merry Wives of Windsor""",Shakespeare Quarterly,2012,,article,jstor,2012-10-01,3,63,http://www.jstor.org/stable/41679770,Elizabeth Zeman Kolkovich,Folger Shakespeare Library,eng,328,354,,13029,27,unigram; bigram; trigram
http://www.jstor.org/stable/3648670,"""Cymbeline"" at Santa Cruz",Shakespeare Quarterly,2001,,article,jstor,2001-07-01,2,52,http://www.jstor.org/stable/3648670,Stephen Orgel,Folger Shakespeare Library,eng,277,285,,3762,9,unigram; bigram; trigram
http://www.jstor.org/stable/2867736,[Illustration]: John Fawcett (1768-1837) as Falstaff,Shakespeare Quarterly,1965,,article,jstor,1965-01-01,1,16,http://www.jstor.org/stable/2867736,,Folger Shakespeare Library,eng,62,62,,49,1,unigram; bigram; trigram
http://www.jstor.org/stable/2869299,The Acting Company At Saratoga,Shakespeare Quarterly,1979,,article,jstor,1979-04-01,2,30,http://www.jstor.org/stable/2869299,Hugh Maclean,Folger Shakespeare Library,eng,188,189,,920,2,unigram; bigram; trigram
http://www.jstor.org/stable/2868898,Review Article,Shakespeare Quarterly,1974,,article,jstor,1974-01-01,1,25,http://www.jstor.org/stable/2868898,J. Dennis Huston,Folger Shakespeare Library,eng,139,140,,1113,2,unigram; bigram; trigram
http://www.jstor.org/stable/24778499,Review Article,Shakespeare Quarterly,2013,,article,jstor,2013-12-01,4,64,http://www.jstor.org/stable/24778499,John D. Staines,Folger Shakespeare Library,eng,483,486,,1580,4,unigram; bigram; trigram
http://www.jstor.org/stable/2869390,Announcements,Shakespeare Quarterly,1980,,article,jstor,1980-04-01,1,31,http://www.jstor.org/stable/2869390,,Folger Shakespeare Library,eng,127,128,,1152,2,unigram; bigram; trigram
http://www.jstor.org/stable/40985631,Review Article,Shakespeare Quarterly,2010,,article,jstor,2010-12-01,4,61,http://www.jstor.org/stable/40985631,Katharine A. Craik,Folger Shakespeare Library,eng,578,580,,1063,3,unigram; bigram; trigram
http://www.jstor.org/stable/3844266,John Shakespeare: A Papist or Just Penniless?,Shakespeare Quarterly,2005,,article,jstor,2005-12-01,4,56,http://www.jstor.org/stable/3844266,Robert Bearman,Folger Shakespeare Library,eng,411,433,,11805,23,unigram; bigram; trigram
http://www.jstor.org/stable/2871120,The Masculine Romance of Roman Britain: Cymbeline and Early Modern English Nationalism,Shakespeare Quarterly,1995,,article,jstor,1995-10-01,3,46,http://www.jstor.org/stable/2871120,Jodi Mikalachki,Folger Shakespeare Library,eng,301,322,,12816,22,unigram; bigram; trigram
http://www.jstor.org/stable/2870827,"The Colorado Shakespeare Festival, Summer 1987",Shakespeare Quarterly,1989,,article,jstor,1989-07-01,2,40,http://www.jstor.org/stable/2870827,Michael Mullin,Folger Shakespeare Library,eng,220,224,,2588,5,unigram; bigram; trigram
http://www.jstor.org/stable/2868241,"""What is the Matter?"" in Othello",Shakespeare Quarterly,1966,,article,jstor,1966-04-01,2,17,http://www.jstor.org/stable/2868241,John Shaw,Folger Shakespeare Library,eng,157,161,,2362,5,unigram; bigram; trigram
http://www.jstor.org/stable/2869640,"The Winter's Tale, II. iii. 103-7: An Allusion to the Hag-Incubus",Shakespeare Quarterly,1977,,article,jstor,1977-01-01,1,28,http://www.jstor.org/stable/2869640,Nicolas K. Kiessling,Folger Shakespeare Library,eng,93,95,,1623,3,unigram; bigram; trigram
http://www.jstor.org/stable/2867286,"""... Some Enterprise that Hath a Stomach In't...""",Shakespeare Quarterly,1961,,article,jstor,1961-01-01,1,12,http://www.jstor.org/stable/2867286,Vlas Kozhevnikov,Folger Shakespeare Library,eng,71,72,,569,2,unigram; bigram; trigram
http://www.jstor.org/stable/2869865,Shakespeare in Ireland,Shakespeare Quarterly,1983,,article,jstor,1983-12-01,4,34,http://www.jstor.org/stable/2869865,Christopher Murray,Folger Shakespeare Library,eng,460,462,,1580,3,unigram; bigram; trigram
http://www.jstor.org/stable/2868987,Review Article,Shakespeare Quarterly,1969,,article,jstor,1969-01-01,1,20,http://www.jstor.org/stable/2868987,Edward A. Langhans,Folger Shakespeare Library,eng,99,101,,730,3,unigram; bigram; trigram
http://www.jstor.org/stable/2870704,From the Editor,Shakespeare Quarterly,1988,,article,jstor,1988-12-01,4,39,http://www.jstor.org/stable/2870704,,Folger Shakespeare Library,eng,iii,iv,,1262,2,unigram; bigram; trigram
http://www.jstor.org/stable/2869211,Shakespeare in Romania,Shakespeare Quarterly,1980,,article,jstor,1980-10-01,3,31,http://www.jstor.org/stable/2869211,Ileana Berlogea,Folger Shakespeare Library,eng,405,407,,2170,3,unigram; bigram; trigram
http://www.jstor.org/stable/2870640,Review Article,Shakespeare Quarterly,1988,,article,jstor,1988-07-01,2,39,http://www.jstor.org/stable/2870640,S. P. Cerasano,Folger Shakespeare Library,eng,251,253,,1095,3,unigram; bigram; trigram
http://www.jstor.org/stable/2902253,Review Article,Shakespeare Quarterly,1998,,article,jstor,1998-12-01,4,49,http://www.jstor.org/stable/2902253,Richard Burt,Folger Shakespeare Library,eng,464,466,,1392,3,unigram; bigram; trigram
http://www.jstor.org/stable/2902205,Shakespeare and Lancaster,Shakespeare Quarterly,1998,,article,jstor,1998-04-01,1,49,http://www.jstor.org/stable/2902205,Richard Dutton,Folger Shakespeare Library,eng,1,21,,12953,21,unigram; bigram; trigram
http://www.jstor.org/stable/2902377,Review Article,Shakespeare Quarterly,1999,,article,jstor,1999-10-01,3,50,http://www.jstor.org/stable/2902377,Ann Rosalind Jones,Folger Shakespeare Library,eng,401,402,,1000,2,unigram; bigram; trigram
http://www.jstor.org/stable/2867791,Aaron and Melancholy in Titus Andronicus,Shakespeare Quarterly,1963,,article,jstor,1963-04-01,2,14,http://www.jstor.org/stable/2867791,Eldred D. Jones,Folger Shakespeare Library,eng,178,179,,848,2,unigram; bigram; trigram
http://www.jstor.org/stable/2867153,Review Article,Shakespeare Quarterly,1958,,article,jstor,1958-10-01,4,9,http://www.jstor.org/stable/2867153,J.G.M.,Folger Shakespeare Library,eng,572,573,,619,2,unigram; bigram; trigram
http://www.jstor.org/stable/2866250,Language Lesson Dialogues in Shakespeare,Shakespeare Quarterly,1951,,article,jstor,1951-10-01,4,2,http://www.jstor.org/stable/2866250,"R. C. Simonini, Jr.",Folger Shakespeare Library,eng,319,329,,4975,13,unigram; bigram; trigram
http://www.jstor.org/stable/2866634,Review Article,Shakespeare Quarterly,1955,,article,jstor,1955-07-01,3,6,http://www.jstor.org/stable/2866634,J. G. M.,Folger Shakespeare Library,eng,355,355,,116,1,unigram; bigram; trigram
http://www.jstor.org/stable/2867931,Review Article,Shakespeare Quarterly,1966,,article,jstor,1966-10-01,4,17,http://www.jstor.org/stable/2867931,Norman Sanders,Folger Shakespeare Library,eng,433,434,,470,2,unigram; bigram; trigram
http://www.jstor.org/stable/2869627,Announcements,Shakespeare Quarterly,1977,,article,jstor,1977-01-01,1,28,http://www.jstor.org/stable/2869627,,Folger Shakespeare Library,eng,3,3,,323,1,unigram; bigram; trigram
http://www.jstor.org/stable/2867530,Review Article,Shakespeare Quarterly,1957,,article,jstor,1957-01-01,1,8,http://www.jstor.org/stable/2867530,Lorentz Eckhoff,Folger Shakespeare Library,eng,112,115,,1567,4,unigram; bigram; trigram
http://www.jstor.org/stable/2870736,Review Article,Shakespeare Quarterly,1989,,article,jstor,1989-10-01,3,40,http://www.jstor.org/stable/2870736,Alexander Leggatt,Folger Shakespeare Library,eng,352,354,,1285,3,unigram; bigram; trigram
http://www.jstor.org/stable/2869920,Front Matter,Shakespeare Quarterly,1984,,article,jstor,1984-07-01,2,35,http://www.jstor.org/stable/2869920,,Folger Shakespeare Library,eng,129,131,,1266,5,unigram; bigram; trigram
http://www.jstor.org/stable/40985633,Review Article,Shakespeare Quarterly,2010,,article,jstor,2010-12-01,4,61,http://www.jstor.org/stable/40985633,Christy Desmet,Folger Shakespeare Library,eng,581,584,,1159,4,unigram; bigram; trigram
http://www.jstor.org/stable/2867929,Review Article,Shakespeare Quarterly,1966,,article,jstor,1966-10-01,4,17,http://www.jstor.org/stable/2867929,Leonard F. Dean,Folger Shakespeare Library,eng,432,432,,479,1,unigram; bigram; trigram
http://www.jstor.org/stable/2868647,[Illustration]: The Snail,Shakespeare Quarterly,1972,,article,jstor,1972-01-01,1,23,http://www.jstor.org/stable/2868647,,Folger Shakespeare Library,eng,,,,196,1,unigram; bigram; trigram
http://www.jstor.org/stable/2867249,Review Article,Shakespeare Quarterly,1958,,article,jstor,1958-04-01,2,9,http://www.jstor.org/stable/2867249,C. Walter Hodges,Folger Shakespeare Library,eng,194,197,,2013,4,unigram; bigram; trigram
http://www.jstor.org/stable/2869554,Shakespeare in Seattle,Shakespeare Quarterly,1980,,article,jstor,1980-07-01,2,31,http://www.jstor.org/stable/2869554,Charles Frey,Folger Shakespeare Library,eng,285,286,,1346,2,unigram; bigram; trigram
http://www.jstor.org/stable/44990247,Bibliography: Shakespeare: Annotated World Bibliography for 1988,Shakespeare Quarterly,1989,,article,jstor,1989-01-01,5,40,http://www.jstor.org/stable/44990247,HARRISON T. MESEROLE; JAMES L. HARNER; PRISCILLA J. LETTERMAN; YANWING LEUNG; JOHN B. SMITH,Oxford University Press,eng,522,962,,311777,441,unigram; bigram; trigram
http://www.jstor.org/stable/3844047,Review Article,Shakespeare Quarterly,2002,,article,jstor,2002-04-01,1,53,http://www.jstor.org/stable/3844047,Garrett A. Sullivan Jr.,Folger Shakespeare Library,eng,128,129,,1114,2,unigram; bigram; trigram
http://www.jstor.org/stable/2870842,Front Matter,Shakespeare Quarterly,1991,,article,jstor,1991-10-01,3,42,http://www.jstor.org/stable/2870842,,Folger Shakespeare Library,eng,i,ii,,757,4,unigram; bigram; trigram
http://www.jstor.org/stable/2870564,"Julio Cesar, et al.: The 1986 Florida Shakespeare Festival",Shakespeare Quarterly,1987,,article,jstor,1987-07-01,2,38,http://www.jstor.org/stable/2870564,Peggy Goodman Endel,Folger Shakespeare Library,eng,214,217,,2532,4,unigram; bigram; trigram
http://www.jstor.org/stable/2867260,"Collections, Editions, and Translations",Shakespeare Quarterly,1958,,article,jstor,1958-04-01,2,9,http://www.jstor.org/stable/2867260,Paul A. Jorgensen,Folger Shakespeare Library,eng,221,226,,3120,6,unigram; bigram; trigram
http://www.jstor.org/stable/2867469,Review Article,Shakespeare Quarterly,1961,,article,jstor,1961-10-01,4,12,http://www.jstor.org/stable/2867469,Eldred D. Jones,Folger Shakespeare Library,eng,458,459,,905,2,unigram; bigram; trigram
http://www.jstor.org/stable/2870607,Front Matter,Shakespeare Quarterly,1989,,article,jstor,1989-12-01,4,40,http://www.jstor.org/stable/2870607,,Folger Shakespeare Library,eng,i,497,,1047,5,unigram; bigram; trigram
http://www.jstor.org/stable/2867987,Volume Information,Shakespeare Quarterly,1962,,article,jstor,1962-10-01,4,13,http://www.jstor.org/stable/2867987,,Folger Shakespeare Library,eng,,,,6370,14,unigram; bigram; trigram
http://www.jstor.org/stable/2870087,Stratford Festival Canada,Shakespeare Quarterly,1985,,article,jstor,1985-04-01,1,36,http://www.jstor.org/stable/2870087,Ralph Berry,Folger Shakespeare Library,eng,87,93,,5384,7,unigram; bigram; trigram
http://www.jstor.org/stable/2868638,Dissertations,Shakespeare Quarterly,1973,,article,jstor,1973-10-01,4,24,http://www.jstor.org/stable/2868638,Bruce Nesbitt,Folger Shakespeare Library,eng,507,513,,2836,7,unigram; bigram; trigram
http://www.jstor.org/stable/2867683,Review Article,Shakespeare Quarterly,1965,,article,jstor,1965-10-01,4,16,http://www.jstor.org/stable/2867683,Jane Plummer Rice,Folger Shakespeare Library,eng,362,362,,339,1,unigram; bigram; trigram
http://www.jstor.org/stable/24778434,Response to Lynne Magnusson,Shakespeare Quarterly,2013,,article,jstor,2013-04-01,1,64,http://www.jstor.org/stable/24778434,Ruth Morse,Folger Shakespeare Library,eng,44,44,,372,1,unigram; bigram; trigram
http://www.jstor.org/stable/2866616,The Problem of Julius Caesar,Shakespeare Quarterly,1955,,article,jstor,1955-07-01,3,6,http://www.jstor.org/stable/2866616,Ernest Schanzer,Folger Shakespeare Library,eng,297,308,,6113,12,unigram; bigram; trigram
http://www.jstor.org/stable/2870534,Review Article,Shakespeare Quarterly,1992,,article,jstor,1992-10-01,3,43,http://www.jstor.org/stable/2870534,Jay L. Halio,Folger Shakespeare Library,eng,368,370,,1132,3,unigram; bigram; trigram
http://www.jstor.org/stable/2868368,Review Article,Shakespeare Quarterly,1973,,article,jstor,1973-07-01,3,24,http://www.jstor.org/stable/2868368,John M. Steadman,Folger Shakespeare Library,eng,345,348,,1821,4,unigram; bigram; trigram
http://www.jstor.org/stable/2868262,The Tempest: Rebellion and the Ideal State,Shakespeare Quarterly,1965,,article,jstor,1965-04-01,2,16,http://www.jstor.org/stable/2868262,Dean Ebner,Folger Shakespeare Library,eng,161,173,,6230,13,unigram; bigram; trigram
http://www.jstor.org/stable/2866882,Notes and Comments,Shakespeare Quarterly,1959,,article,jstor,1959-07-01,3,10,http://www.jstor.org/stable/2866882,,Folger Shakespeare Library,eng,454,456,,1515,3,unigram; bigram; trigram
http://www.jstor.org/stable/2868505,Review Article,Shakespeare Quarterly,1968,,article,jstor,1968-10-01,4,19,http://www.jstor.org/stable/2868505,Maurice Charney,Folger Shakespeare Library,eng,401,403,,992,3,unigram; bigram; trigram
http://www.jstor.org/stable/2869016,Review Article,Shakespeare Quarterly,1969,,article,jstor,1969-04-01,2,20,http://www.jstor.org/stable/2869016,Gerald A. Smith,Folger Shakespeare Library,eng,237,238,,613,2,unigram; bigram; trigram
http://www.jstor.org/stable/2870863,"The Anatomy of Masculine Desire in ""Love's Labor's Lost""",Shakespeare Quarterly,1992,,article,jstor,1992-12-01,4,43,http://www.jstor.org/stable/2870863,Mark Breitenberg,Folger Shakespeare Library,eng,430,449,,10651,20,unigram; bigram; trigram
http://www.jstor.org/stable/2866588,A Shakespeare Haunt in Bucks?,Shakespeare Quarterly,1954,,article,jstor,1954-04-01,2,5,http://www.jstor.org/stable/2866588,Herbert C. Schulz,Folger Shakespeare Library,eng,177,178,,2865,4,unigram; bigram; trigram
http://www.jstor.org/stable/2867191,Review Article,Shakespeare Quarterly,1958,,article,jstor,1958-01-01,1,9,http://www.jstor.org/stable/2867191,Frederick R. Goff,Folger Shakespeare Library,eng,80,80,,339,1,unigram; bigram; trigram
http://www.jstor.org/stable/2866785,King Lear: Moral Example or Tragic Protagonist?,Shakespeare Quarterly,1962,,article,jstor,1962-04-01,2,13,http://www.jstor.org/stable/2866785,Francis G. Schoff,Folger Shakespeare Library,eng,157,172,,9755,16,unigram; bigram; trigram
http://www.jstor.org/stable/2867894,Hamlet's Mother,Shakespeare Quarterly,1964,,article,jstor,1964-04-01,2,15,http://www.jstor.org/stable/2867894,Baldwin Maxwell,Folger Shakespeare Library,eng,235,246,,6280,12,unigram; bigram; trigram
http://www.jstor.org/stable/2866475,The Cunning of the Scene,Shakespeare Quarterly,1953,,article,jstor,1953-10-01,4,4,http://www.jstor.org/stable/2866475,Andrew J. Green,Folger Shakespeare Library,eng,395,404,,5053,10,unigram; bigram; trigram
http://www.jstor.org/stable/2866029,Review Article,Shakespeare Quarterly,1954,,article,jstor,1954-10-01,4,5,http://www.jstor.org/stable/2866029,Philip Styles,Folger Shakespeare Library,eng,415,417,,1404,3,unigram; bigram; trigram
http://www.jstor.org/stable/2871139,"Shylock, Robert Miles, and Events at the Theatre",Shakespeare Quarterly,1993,,article,jstor,1993-07-01,2,44,http://www.jstor.org/stable/2871139,Herbert Berry,Folger Shakespeare Library,eng,183,201,,11100,19,unigram; bigram; trigram
http://www.jstor.org/stable/2871231,Getting It All Right: Titus Andronicus and Roman History,Shakespeare Quarterly,1994,,article,jstor,1994-10-01,3,45,http://www.jstor.org/stable/2871231,Naomi Conn Liebler,Folger Shakespeare Library,eng,263,278,,9490,16,unigram; bigram; trigram
http://www.jstor.org/stable/2870953,Judith Shakespeare's Reading: Teaching The Concealed Fancies,Shakespeare Quarterly,1996,,article,jstor,1996-12-01,4,47,http://www.jstor.org/stable/2870953,Lisa Hopkins,Folger Shakespeare Library,eng,396,406,,5291,11,unigram; bigram; trigram
http://www.jstor.org/stable/2871204,Shakespeare in San Diego,Shakespeare Quarterly,1985,,article,jstor,1985-07-01,2,36,http://www.jstor.org/stable/2871204,Michael Flachmann,Folger Shakespeare Library,eng,232,236,,3238,5,unigram; bigram; trigram
http://www.jstor.org/stable/2870643,Review Article,Shakespeare Quarterly,1988,,article,jstor,1988-07-01,2,39,http://www.jstor.org/stable/2870643,Gail Kern Paster,Folger Shakespeare Library,eng,257,258,,759,2,unigram; bigram; trigram
http://www.jstor.org/stable/2866423,The Over Garrulous Iago,Shakespeare Quarterly,1950,,article,jstor,1950-07-01,3,1,http://www.jstor.org/stable/2866423,Frank Prentice Rand,Folger Shakespeare Library,eng,155,161,,3647,8,unigram; bigram; trigram
http://www.jstor.org/stable/2871149,Back Matter,Shakespeare Quarterly,1993,,article,jstor,1993-07-01,2,44,http://www.jstor.org/stable/2871149,,Folger Shakespeare Library,eng,246,247,,2138,10,unigram; bigram; trigram
http://www.jstor.org/stable/2868488,Some Notes on Ariel's Song,Shakespeare Quarterly,1968,,article,jstor,1968-10-01,4,19,http://www.jstor.org/stable/2868488,John Tyree Fain,Folger Shakespeare Library,eng,329,332,,1720,4,unigram; bigram; trigram
http://www.jstor.org/stable/3648693,Review Article,Shakespeare Quarterly,2001,,article,jstor,2001-10-01,3,52,http://www.jstor.org/stable/3648693,Peter Thomson,Folger Shakespeare Library,eng,433,434,,851,2,unigram; bigram; trigram
http://www.jstor.org/stable/2870434,Review Article,Shakespeare Quarterly,1987,,article,jstor,1987-12-01,4,38,http://www.jstor.org/stable/2870434,Victoria Kahn,Folger Shakespeare Library,eng,527,531,,3022,5,unigram; bigram; trigram
http://www.jstor.org/stable/2867636,"The Washington Shakespeare Summer Festival, 1967",Shakespeare Quarterly,1967,,article,jstor,1967-10-01,,4,http://www.jstor.org/stable/2867636,Lynn K. Horobetz,Folger Shakespeare Library,eng,409,410,,1041,2,unigram; bigram; trigram
http://www.jstor.org/stable/2902323,"The Othello Quarto and the ""Foul-Paper"" Hypothesis",Shakespeare Quarterly,2000,,article,jstor,2000-04-01,1,51,http://www.jstor.org/stable/2902323,Scott McMillin,Folger Shakespeare Library,eng,67,85,,9262,19,unigram; bigram; trigram
http://www.jstor.org/stable/2866192,Hamlet and Hardy,Shakespeare Quarterly,1953,,article,jstor,1953-04-01,2,4,http://www.jstor.org/stable/2866192,Frederick L. Gwynn,Folger Shakespeare Library,eng,207,208,,565,2,unigram; bigram; trigram
http://www.jstor.org/stable/2868171,[Illustration]: Richard the Second.,Shakespeare Quarterly,1963,,article,jstor,1963-10-01,4,14,http://www.jstor.org/stable/2868171,,Folger Shakespeare Library,eng,386,386,,191,1,unigram; bigram; trigram
http://www.jstor.org/stable/2870231,American Shakespeare Theatre,Shakespeare Quarterly,1983,,article,jstor,1983-04-01,1,34,http://www.jstor.org/stable/2870231,David Scott Kastan,Folger Shakespeare Library,eng,101,103,,1649,3,unigram; bigram; trigram
http://www.jstor.org/stable/2870988,Review Article,Shakespeare Quarterly,1995,,article,jstor,1995-12-01,4,46,http://www.jstor.org/stable/2870988,Alexander Leggatt,Folger Shakespeare Library,eng,473,476,,2204,4,unigram; bigram; trigram
http://www.jstor.org/stable/2866027,Review Article,Shakespeare Quarterly,1954,,article,jstor,1954-10-01,4,5,http://www.jstor.org/stable/2866027,Una Ellis-Fermor,Folger Shakespeare Library,eng,411,412,,1256,2,unigram; bigram; trigram
http://www.jstor.org/stable/2902170,Review Article,Shakespeare Quarterly,2000,,article,jstor,2000-10-01,3,51,http://www.jstor.org/stable/2902170,Donald K. Hedrick,Folger Shakespeare Library,eng,390,393,,1868,4,unigram; bigram; trigram
http://www.jstor.org/stable/2869625,Back Matter,Shakespeare Quarterly,1975,,article,jstor,1975-07-01,3,26,http://www.jstor.org/stable/2869625,,Folger Shakespeare Library,eng,318,319,,1642,7,unigram; bigram; trigram
http://www.jstor.org/stable/24778597,Back Matter,Shakespeare Quarterly,2014,,article,jstor,2014-10-01,3,65,http://www.jstor.org/stable/24778597,,Folger Shakespeare Library,eng,,,,2213,7,unigram; bigram; trigram
http://www.jstor.org/stable/2870376,Shakespeare in England,Shakespeare Quarterly,1984,,article,jstor,1984-10-01,3,35,http://www.jstor.org/stable/2870376,Roger Warren,Folger Shakespeare Library,eng,334,340,,4408,7,unigram; bigram; trigram
http://www.jstor.org/stable/23025657,Review Article,Shakespeare Quarterly,2011,,article,jstor,2011-10-01,3,62,http://www.jstor.org/stable/23025657,Michael Anderegg,Folger Shakespeare Library,eng,478,480,,1164,3,unigram; bigram; trigram
http://www.jstor.org/stable/2866832,Review Article,Shakespeare Quarterly,1962,,article,jstor,1962-07-01,3,13,http://www.jstor.org/stable/2866832,Joseph Frank,Folger Shakespeare Library,eng,350,351,,742,2,unigram; bigram; trigram
http://www.jstor.org/stable/2866251,[Illustration]: Commendatory verses in the Second Folio (1632),Shakespeare Quarterly,1951,,article,jstor,1951-10-01,4,2,http://www.jstor.org/stable/2866251,,Folger Shakespeare Library,eng,330,330,,175,1,unigram; bigram; trigram
http://www.jstor.org/stable/2902182,From the Editor,Shakespeare Quarterly,1999,,article,jstor,1999-07-01,2,50,http://www.jstor.org/stable/2902182,,Folger Shakespeare Library,eng,iii,iv,,712,2,unigram; bigram; trigram
http://www.jstor.org/stable/3844065,Review Article,Shakespeare Quarterly,2003,,article,jstor,2003-12-01,4,54,http://www.jstor.org/stable/3844065,Tom Bishop,Folger Shakespeare Library,eng,466,467,,1005,2,unigram; bigram; trigram
http://www.jstor.org/stable/2868761,The Comedy of Errors: A Freely Binding Chain,Shakespeare Quarterly,1971,,article,jstor,1971-01-01,1,22,http://www.jstor.org/stable/2868761,Richard Henze,Folger Shakespeare Library,eng,35,41,,3180,7,unigram; bigram; trigram
http://www.jstor.org/stable/2866890,Shakespeare as a Nondramatic Poet: Sonnet XXIX,Shakespeare Quarterly,1962,,article,jstor,1962-01-01,1,13,http://www.jstor.org/stable/2866890,"Homer Nearing, Jr.",Folger Shakespeare Library,eng,15,20,,2939,6,unigram; bigram; trigram
http://www.jstor.org/stable/2870315,A Pericles In Denver,Shakespeare Quarterly,1985,,article,jstor,1985-12-01,4,36,http://www.jstor.org/stable/2870315,William Sacksteder,Folger Shakespeare Library,eng,472,474,,1070,3,unigram; bigram; trigram
http://www.jstor.org/stable/3844303,From the Editor,Shakespeare Quarterly,2005,,article,jstor,2005-07-01,2,56,http://www.jstor.org/stable/3844303,Gail Kern Paster,Folger Shakespeare Library,eng,iii,iv,,446,2,unigram; bigram; trigram
http://www.jstor.org/stable/2902262,Review Article,Shakespeare Quarterly,1998,,article,jstor,1998-10-01,3,49,http://www.jstor.org/stable/2902262,Yu Jin Ko,Folger Shakespeare Library,eng,320,322,,1789,3,unigram; bigram; trigram
http://www.jstor.org/stable/2869289,Shakespeare in Britain,Shakespeare Quarterly,1979,,article,jstor,1979-04-01,2,30,http://www.jstor.org/stable/2869289,J. C. Trewin,Folger Shakespeare Library,eng,151,158,,5985,8,unigram; bigram; trigram
http://www.jstor.org/stable/2866014,[Illustration]: Charles Kean's prompt-book of Cymbeline,Shakespeare Quarterly,1954,,article,jstor,1954-10-01,4,5,http://www.jstor.org/stable/2866014,,Folger Shakespeare Library,eng,350,350,,120,1,unigram; bigram; trigram
http://www.jstor.org/stable/2870647,Review Article,Shakespeare Quarterly,1988,,article,jstor,1988-07-01,2,39,http://www.jstor.org/stable/2870647,William E. Engel,Folger Shakespeare Library,eng,263,265,,1249,3,unigram; bigram; trigram
http://www.jstor.org/stable/3844329,Review Article,Shakespeare Quarterly,2004,,article,jstor,2004-04-01,1,55,http://www.jstor.org/stable/3844329,John D. Cox,Folger Shakespeare Library,eng,85,86,,973,2,unigram; bigram; trigram
http://www.jstor.org/stable/2867938,Review Article,Shakespeare Quarterly,1966,,article,jstor,1966-10-01,4,17,http://www.jstor.org/stable/2867938,Jerry H. Bryant,Folger Shakespeare Library,eng,438,439,,325,2,unigram; bigram; trigram
http://www.jstor.org/stable/41679750,Review Article,Shakespeare Quarterly,2012,,article,jstor,2012-07-01,2,63,http://www.jstor.org/stable/41679750,Virginia Mason Vaughan,Folger Shakespeare Library,eng,244,246,,1063,3,unigram; bigram; trigram
http://www.jstor.org/stable/2869297,"American Shakespeare Theatre, Stratford, Connecticut",Shakespeare Quarterly,1979,,article,jstor,1979-04-01,2,30,http://www.jstor.org/stable/2869297,Markland Taylor,Folger Shakespeare Library,eng,183,184,,843,2,unigram; bigram; trigram
http://www.jstor.org/stable/2869903,Correction: Shakespeare in Oslo,Shakespeare Quarterly,1983,,article,jstor,1983-10-01,3,34,http://www.jstor.org/stable/2869903,,Folger Shakespeare Library,eng,357,357,,101,1,unigram; bigram; trigram
http://www.jstor.org/stable/2869400,The RSC's King Lear and Macbeth,Shakespeare Quarterly,1977,,article,jstor,1977-04-01,2,28,http://www.jstor.org/stable/2869400,Gareth Lloyd Evans,Folger Shakespeare Library,eng,190,195,,3874,6,unigram; bigram; trigram
http://www.jstor.org/stable/2870431,Review Article,Shakespeare Quarterly,1987,,article,jstor,1987-12-01,4,38,http://www.jstor.org/stable/2870431,Valerie Traub,Folger Shakespeare Library,eng,520,522,,1446,3,unigram; bigram; trigram
http://www.jstor.org/stable/2869522,Champlain Shakespeare Festival,Shakespeare Quarterly,1980,,article,jstor,1980-07-01,2,31,http://www.jstor.org/stable/2869522,Kenneth S. Rothwell,Folger Shakespeare Library,eng,179,181,,1026,3,unigram; bigram; trigram
http://www.jstor.org/stable/2870677,Proud Majesty Made a Subject: Shakespeare and the Spectacle of Rule,Shakespeare Quarterly,1986,,article,jstor,1986-12-01,4,37,http://www.jstor.org/stable/2870677,David Scott Kastan,Folger Shakespeare Library,eng,459,475,,9338,17,unigram; bigram; trigram
http://www.jstor.org/stable/2869721,A Solid and pressive Survey,Shakespeare Quarterly,1985,,article,jstor,1985-10-01,3,36,http://www.jstor.org/stable/2869721,Carol J. Carlisle,Folger Shakespeare Library,eng,364,367,,2111,4,unigram; bigram; trigram
http://www.jstor.org/stable/24778502,Review Article,Shakespeare Quarterly,2013,,article,jstor,2013-12-01,4,64,http://www.jstor.org/stable/24778502,Marianne Novy,Folger Shakespeare Library,eng,492,494,,1482,3,unigram; bigram; trigram
http://www.jstor.org/stable/3844063,Review Article,Shakespeare Quarterly,2003,,article,jstor,2003-12-01,4,54,http://www.jstor.org/stable/3844063,Paul Werstine,Folger Shakespeare Library,eng,461,463,,1569,3,unigram; bigram; trigram
http://www.jstor.org/stable/2870781,Singing in the Rain,Shakespeare Quarterly,1990,,article,jstor,1990-12-01,4,41,http://www.jstor.org/stable/2870781,David Bevington,Folger Shakespeare Library,eng,499,502,,2327,4,unigram; bigram; trigram
http://www.jstor.org/stable/3844211,Review Article,Shakespeare Quarterly,2004,,article,jstor,2004-12-01,4,55,http://www.jstor.org/stable/3844211,Martin Orkin,Folger Shakespeare Library,eng,488,491,,2046,4,unigram; bigram; trigram
http://www.jstor.org/stable/2866306,"""Food for Powder""--""Food for Worms""",Shakespeare Quarterly,1952,,article,jstor,1952-07-01,3,3,http://www.jstor.org/stable/2866306,W. Gordon Zeeveld,Folger Shakespeare Library,eng,249,253,,2700,5,unigram; bigram; trigram
http://www.jstor.org/stable/40468416,From the Editor,Shakespeare Quarterly,2009,,article,jstor,2009-10-01,3,60,http://www.jstor.org/stable/40468416,Gail Kern Paster; David Schalkwyk,Folger Shakespeare Library,eng,iii,iii,,342,1,unigram; bigram; trigram
http://www.jstor.org/stable/2869996,Shakespeare and His Stage,Shakespeare Quarterly,1981,,article,jstor,1981-12-01,4,32,http://www.jstor.org/stable/2869996,Harrison T. Meserole; John B. Smith,Folger Shakespeare Library,eng,454,456,,1512,3,unigram; bigram; trigram
http://www.jstor.org/stable/2867607,Caesars's Just Cause,Shakespeare Quarterly,1966,,article,jstor,1966-01-01,1,17,http://www.jstor.org/stable/2867607,G. A. Starr,Folger Shakespeare Library,eng,77,79,,1267,3,unigram; bigram; trigram
http://www.jstor.org/stable/2902109,The Bankruptcy of Homoerotic Amity in Shakespeare's Merchant of Venice,Shakespeare Quarterly,1999,,article,jstor,1999-04-01,1,50,http://www.jstor.org/stable/2902109,Steve Patterson,Folger Shakespeare Library,eng,9,32,,14826,24,unigram; bigram; trigram
http://www.jstor.org/stable/2867317,Review Article,Shakespeare Quarterly,1960,,article,jstor,1960-07-01,3,11,http://www.jstor.org/stable/2867317,Jiro Ozu,Folger Shakespeare Library,eng,380,381,,358,2,unigram; bigram; trigram
http://www.jstor.org/stable/2867202,The Bastard in King John,Shakespeare Quarterly,1960,,article,jstor,1960-04-01,2,11,http://www.jstor.org/stable/2867202,Julia C. Van de Water,Folger Shakespeare Library,eng,137,146,,5204,10,unigram; bigram; trigram
http://www.jstor.org/stable/2866324,Shakespeare on the Academic Stage,Shakespeare Quarterly,1952,,article,jstor,1952-07-01,3,3,http://www.jstor.org/stable/2866324,,Folger Shakespeare Library,eng,291,291,,279,1,unigram; bigram; trigram
http://www.jstor.org/stable/2870922,Review Article,Shakespeare Quarterly,1992,,article,jstor,1992-04-01,1,43,http://www.jstor.org/stable/2870922,Anne Lancashire,Folger Shakespeare Library,eng,119,120,,649,2,unigram; bigram; trigram
http://www.jstor.org/stable/3844355,Review Article,Shakespeare Quarterly,2002,,article,jstor,2002-10-01,3,53,http://www.jstor.org/stable/3844355,Mario DiGangi,Folger Shakespeare Library,eng,405,407,,1582,3,unigram; bigram; trigram
http://www.jstor.org/stable/2868177,The Stratford Shakespearean Festival,Shakespeare Quarterly,1963,,article,jstor,1963-10-01,4,14,http://www.jstor.org/stable/2868177,Arnold Edinborough,Folger Shakespeare Library,eng,433,436,,1714,4,unigram; bigram; trigram
http://www.jstor.org/stable/2870705,Bifold Authority in Shakespeare's Theatre,Shakespeare Quarterly,1988,,article,jstor,1988-12-01,4,39,http://www.jstor.org/stable/2870705,Robert Weimann,Folger Shakespeare Library,eng,401,417,,9894,17,unigram; bigram; trigram
http://www.jstor.org/stable/2868270,Shakespeare and Humphrey Duke of Gloucester: A Study in Myth,Shakespeare Quarterly,1965,,article,jstor,1965-04-01,2,16,http://www.jstor.org/stable/2868270,Samuel M. Pratt,Folger Shakespeare Library,eng,201,216,,8368,16,unigram; bigram; trigram
http://www.jstor.org/stable/2866092,Review Article,Shakespeare Quarterly,1955,,article,jstor,1955-10-01,4,6,http://www.jstor.org/stable/2866092,Robert H. Goldsmith,Folger Shakespeare Library,eng,471,471,,460,1,unigram; bigram; trigram
http://www.jstor.org/stable/2867283,Review Article,Shakespeare Quarterly,1961,,article,jstor,1961-01-01,1,12,http://www.jstor.org/stable/2867283,J. G. M.,Folger Shakespeare Library,eng,70,70,,140,1,unigram; bigram; trigram
http://www.jstor.org/stable/24778484,Review Article,Shakespeare Quarterly,2013,,article,jstor,2013-10-01,3,64,http://www.jstor.org/stable/24778484,Daniel Juan Gil,Folger Shakespeare Library,eng,386,389,,1687,4,unigram; bigram; trigram
http://www.jstor.org/stable/40731139,<bold>Rorschach</bold> <italic>Tempest</italic> or <italic>The Tempest</italic> <bold>of William S. Performed by Flies on the Erection of a Dreaming Hyena</bold>,Shakespeare Quarterly,2010,,article,jstor,2010-04-01,1,61,http://www.jstor.org/stable/40731139,Teddy Jefferson,Folger Shakespeare Library,eng,78,107,,10800,30,unigram; bigram; trigram
http://www.jstor.org/stable/2867031,Review Article,Shakespeare Quarterly,1959,,article,jstor,1959-01-01,1,10,http://www.jstor.org/stable/2867031,A. C. Partridge,Folger Shakespeare Library,eng,99,104,,2612,6,unigram; bigram; trigram
http://www.jstor.org/stable/2869472,"Portia, the Law, and the Tripartite Structure of the Merchant of Venice",Shakespeare Quarterly,1979,,article,jstor,1979-07-01,3,30,http://www.jstor.org/stable/2869472,Alice N. Benston,Folger Shakespeare Library,eng,367,385,,11276,19,unigram; bigram; trigram
http://www.jstor.org/stable/2866736,Review Article,Shakespeare Quarterly,1951,,article,jstor,1951-01-01,1,2,http://www.jstor.org/stable/2866736,J. G. M.,Folger Shakespeare Library,eng,84,84,,265,1,unigram; bigram; trigram
http://www.jstor.org/stable/3648673,Review Article,Shakespeare Quarterly,2001,,article,jstor,2001-07-01,2,52,http://www.jstor.org/stable/3648673,John Orrell,Folger Shakespeare Library,eng,292,293,,745,2,unigram; bigram; trigram
http://www.jstor.org/stable/2867267,Timon of Athens,Shakespeare Quarterly,1961,,article,jstor,1961-01-01,1,12,http://www.jstor.org/stable/2867267,E. A. J. Honigmann,Folger Shakespeare Library,eng,3,20,,10034,18,unigram; bigram; trigram
http://www.jstor.org/stable/2866271,Front Matter,Shakespeare Quarterly,1952,,article,jstor,1952-01-01,1,3,http://www.jstor.org/stable/2866271,,Folger Shakespeare Library,eng,1,1,,253,1,unigram; bigram; trigram
http://www.jstor.org/stable/2868321,The Cancel in the Quarto of 2 Henry IV Revisited,Shakespeare Quarterly,1964,,article,jstor,1964-07-01,3,15,http://www.jstor.org/stable/2868321,John Hazel Smith,Folger Shakespeare Library,eng,173,178,,3862,6,unigram; bigram; trigram
http://www.jstor.org/stable/2868436,[Illustration]: Music for the Chorus Between Acts IV and V of Johann Reuchlin's Scęnica Progymnasmata,Shakespeare Quarterly,1970,,article,jstor,1970-10-01,4,21,http://www.jstor.org/stable/2868436,,Folger Shakespeare Library,eng,468,468,,137,1,unigram; bigram; trigram
http://www.jstor.org/stable/2867538,Review Article,Shakespeare Quarterly,1957,,article,jstor,1957-01-01,1,8,http://www.jstor.org/stable/2867538,B. Iden Payne,Folger Shakespeare Library,eng,123,124,,869,2,unigram; bigram; trigram
http://www.jstor.org/stable/2871378,Queering the Shakespearean Family,Shakespeare Quarterly,1996,,article,jstor,1996-10-01,3,47,http://www.jstor.org/stable/2871378,Mario DiGangi,Folger Shakespeare Library,eng,269,290,,11744,22,unigram; bigram; trigram
http://www.jstor.org/stable/40210310,Review Article,Shakespeare Quarterly,2008,,article,jstor,2008-12-01,4,59,http://www.jstor.org/stable/40210310,Jean Feerick,Folger Shakespeare Library,eng,513,515,,1145,3,unigram; bigram; trigram
http://www.jstor.org/stable/2869851,A Disappointing and Unsophisticated Book,Shakespeare Quarterly,1983,,article,jstor,1983-07-01,2,34,http://www.jstor.org/stable/2869851,Paul A. Cantor,Folger Shakespeare Library,eng,250,251,,1282,2,unigram; bigram; trigram
http://www.jstor.org/stable/2870407,Review Article,Shakespeare Quarterly,1987,,article,jstor,1987-04-01,1,38,http://www.jstor.org/stable/2870407,Robert N. Watson,Folger Shakespeare Library,eng,100,102,,1246,3,unigram; bigram; trigram
http://www.jstor.org/stable/3844026,Henry Carey's Peculiar Letter,Shakespeare Quarterly,2005,,article,jstor,2005-04-01,1,56,http://www.jstor.org/stable/3844026,Andrew Gurr,Folger Shakespeare Library,eng,51,75,,12879,25,unigram; bigram; trigram
http://www.jstor.org/stable/3844347,Review Article,Shakespeare Quarterly,2002,,article,jstor,2002-10-01,3,53,http://www.jstor.org/stable/3844347,Alan Brissenden,Folger Shakespeare Library,eng,386,388,,1548,3,unigram; bigram; trigram
http://www.jstor.org/stable/2870013,Stratford Festival Canada,Shakespeare Quarterly,1981,,article,jstor,1981-07-01,2,32,http://www.jstor.org/stable/2870013,Ralph Berry,Folger Shakespeare Library,eng,176,180,,3429,5,unigram; bigram; trigram
http://www.jstor.org/stable/2867482,[Illustration]: Charles Macklin--Theatrical Cartoon,Shakespeare Quarterly,1960,,article,jstor,1960-10-01,4,11,http://www.jstor.org/stable/2867482,,Folger Shakespeare Library,eng,,,,70,1,unigram; bigram; trigram
http://www.jstor.org/stable/2867513,Shaw on Shakespeare,Shakespeare Quarterly,1957,,article,jstor,1957-01-01,1,8,http://www.jstor.org/stable/2867513,P. A. W. Collins,Folger Shakespeare Library,eng,1,13,,7080,13,unigram; bigram; trigram
http://www.jstor.org/stable/2867361,Review Article,Shakespeare Quarterly,1958,,article,jstor,1958-07-01,3,9,http://www.jstor.org/stable/2867361,Wilbur Dunkel,Folger Shakespeare Library,eng,416,416,,327,1,unigram; bigram; trigram
http://www.jstor.org/stable/4624989,Back Matter,Shakespeare Quarterly,2007,,article,jstor,2007-07-01,2,58,http://www.jstor.org/stable/4624989,,Folger Shakespeare Library,eng,271,272,,3675,16,unigram; bigram; trigram
http://www.jstor.org/stable/3844058,Review Article,Shakespeare Quarterly,2003,,article,jstor,2003-12-01,4,54,http://www.jstor.org/stable/3844058,Lawrence Manley,Folger Shakespeare Library,eng,449,451,,1540,3,unigram; bigram; trigram
http://www.jstor.org/stable/2869763,An Inquiry into Elizabethan Dramatic Rhetoric,Shakespeare Quarterly,1982,,article,jstor,1982-10-01,3,33,http://www.jstor.org/stable/2869763,Marion Trousdale,Folger Shakespeare Library,eng,414,416,,1597,3,unigram; bigram; trigram
http://www.jstor.org/stable/2868938,Folger Traveling Exhibits,Shakespeare Quarterly,1974,,article,jstor,1974-10-01,4,25,http://www.jstor.org/stable/2868938,,Folger Shakespeare Library,eng,388,388,,73,1,unigram; bigram; trigram
http://www.jstor.org/stable/2866992,[Illustration]: A Choice of Emblemes,Shakespeare Quarterly,1957,,article,jstor,1957-07-01,3,8,http://www.jstor.org/stable/2866992,,Folger Shakespeare Library,eng,330,330,,148,1,unigram; bigram; trigram
http://www.jstor.org/stable/2870942,Review Article,Shakespeare Quarterly,1988,,article,jstor,1988-10-01,3,39,http://www.jstor.org/stable/2870942,Antony Hammond,Folger Shakespeare Library,eng,382,384,,1481,3,unigram; bigram; trigram
http://www.jstor.org/stable/2871045,"""Speak the speech, I pray you,"" Or Suiting the Method to the Moment: A Theory of Classroom Performance of Shakespeare",Shakespeare Quarterly,1995,,article,jstor,1995-07-01,,2,http://www.jstor.org/stable/2871045,David Kennedy Sauer,Folger Shakespeare Library,eng,173,182,,5516,10,unigram; bigram; trigram
http://www.jstor.org/stable/2868411,Review Article,Shakespeare Quarterly,1970,,article,jstor,1970-01-01,1,21,http://www.jstor.org/stable/2868411,Gerald A. Smith,Folger Shakespeare Library,eng,89,90,,469,2,unigram; bigram; trigram
http://www.jstor.org/stable/3844076,"Cinema and the Kingdom of Death: Loncraine's ""Richard III""",Shakespeare Quarterly,2002,,article,jstor,2002-07-01,,2,http://www.jstor.org/stable/3844076,Peter S. Donaldson,Folger Shakespeare Library,eng,241,259,,10048,19,unigram; bigram; trigram
http://www.jstor.org/stable/2867351,Review Article,Shakespeare Quarterly,1958,,article,jstor,1958-07-01,3,9,http://www.jstor.org/stable/2867351,Norman E. Eliason,Folger Shakespeare Library,eng,405,406,,568,2,unigram; bigram; trigram
http://www.jstor.org/stable/2870232,Shakespeare in New York City,Shakespeare Quarterly,1983,,article,jstor,1983-04-01,1,34,http://www.jstor.org/stable/2870232,Arthur Ganz,Folger Shakespeare Library,eng,103,107,,3189,5,unigram; bigram; trigram
http://www.jstor.org/stable/2867139,A Lively Season at Canada's Stratford,Shakespeare Quarterly,1958,,article,jstor,1958-10-01,4,9,http://www.jstor.org/stable/2867139,Arnold Edinborough,Folger Shakespeare Library,eng,535,538,,2297,12,unigram; bigram; trigram
http://www.jstor.org/stable/2868925,Shakespeare's Cornetts,Shakespeare Quarterly,1971,,article,jstor,1971-10-01,4,22,http://www.jstor.org/stable/2868925,John Wm. Sider,Folger Shakespeare Library,eng,401,404,,1817,4,unigram; bigram; trigram
http://www.jstor.org/stable/2866212,A Record of Edwin Booth's Hamlet,Shakespeare Quarterly,1951,,article,jstor,1951-04-01,2,2,http://www.jstor.org/stable/2866212,Murray W. Bundy,Folger Shakespeare Library,eng,99,102,,2938,6,unigram; bigram; trigram
http://www.jstor.org/stable/4624964,Review Article,Shakespeare Quarterly,2007,,article,jstor,2007-04-01,1,58,http://www.jstor.org/stable/4624964,Zachary Lesser,Folger Shakespeare Library,eng,122,124,,1308,3,unigram; bigram; trigram
http://www.jstor.org/stable/2868145,Review Article,Shakespeare Quarterly,1963,,article,jstor,1963-01-01,1,14,http://www.jstor.org/stable/2868145,Robert Loper,Folger Shakespeare Library,eng,76,78,,704,3,unigram; bigram; trigram
http://www.jstor.org/stable/2867660,"[Illustration]: Grace before meat. In Johann Saubert, Duodekas emblematum",Shakespeare Quarterly,1965,,article,jstor,1965-10-01,4,16,http://www.jstor.org/stable/2867660,,Folger Shakespeare Library,eng,312,312,,16,1,unigram; bigram; trigram
http://www.jstor.org/stable/40210315,Back Matter,Shakespeare Quarterly,2008,,article,jstor,2008-12-01,4,59,http://www.jstor.org/stable/40210315,,Folger Shakespeare Library,eng,,,,2904,16,unigram; bigram; trigram
http://www.jstor.org/stable/2869615,Review Article,Shakespeare Quarterly,1975,,article,jstor,1975-07-01,3,26,http://www.jstor.org/stable/2869615,R. J. Schoeck,Folger Shakespeare Library,eng,305,307,,1102,3,unigram; bigram; trigram
http://www.jstor.org/stable/2868376,Women's Fantasy of Manhood: A Shakespearian Theme,Shakespeare Quarterly,1969,,article,jstor,1969-07-01,3,20,http://www.jstor.org/stable/2868376,D. W. Harding,Folger Shakespeare Library,eng,245,253,,4538,9,unigram; bigram; trigram
http://www.jstor.org/stable/2871100,"Princes, Pirates, and Pigs: Criminalizing Wars of Conquest in Henry V",Shakespeare Quarterly,1996,,article,jstor,1996-07-01,2,47,http://www.jstor.org/stable/2871100,Janet M. Spencer,Folger Shakespeare Library,eng,160,177,,10324,18,unigram; bigram; trigram
http://www.jstor.org/stable/2869952,Front Matter,Shakespeare Quarterly,1986,,article,jstor,1986-07-01,2,37,http://www.jstor.org/stable/2869952,,Folger Shakespeare Library,eng,145,146,,981,4,unigram; bigram; trigram
http://www.jstor.org/stable/2870034,Cincinnati's Shakespeare in the Park,Shakespeare Quarterly,1981,,article,jstor,1981-07-01,2,32,http://www.jstor.org/stable/2870034,W. L. Godshalk,Folger Shakespeare Library,eng,229,232,,2681,4,unigram; bigram; trigram
http://www.jstor.org/stable/3844133,English Epicures and Scottish Witches,Shakespeare Quarterly,2006,,article,jstor,2006-07-01,2,57,http://www.jstor.org/stable/3844133,Mary Floyd-Wilson,Folger Shakespeare Library,eng,131,161,,14833,32,unigram; bigram; trigram
http://www.jstor.org/stable/2867316,Review Article,Shakespeare Quarterly,1960,,article,jstor,1960-07-01,,3,http://www.jstor.org/stable/2867316,Jacob H. Adler,Folger Shakespeare Library,eng,380,380,,405,1,unigram; bigram; trigram
http://www.jstor.org/stable/3844187,Review Article,Shakespeare Quarterly,2003,,article,jstor,2003-07-01,2,54,http://www.jstor.org/stable/3844187,Julian Yates,Folger Shakespeare Library,eng,214,216,,1600,3,unigram; bigram; trigram
http://www.jstor.org/stable/2870218,"Henry V: King, Chorus, and Critics",Shakespeare Quarterly,1983,,article,jstor,1983-04-01,1,34,http://www.jstor.org/stable/2870218,Lawrence Danson,Folger Shakespeare Library,eng,27,43,,10332,17,unigram; bigram; trigram
http://www.jstor.org/stable/2866928,Elizabethan Acting in Othello,Shakespeare Quarterly,1959,,article,jstor,1959-04-01,2,10,http://www.jstor.org/stable/2866928,Daniel Seltzer,Folger Shakespeare Library,eng,201,210,,5462,10,unigram; bigram; trigram
http://www.jstor.org/stable/2871175,Review Article,Shakespeare Quarterly,1993,,article,jstor,1993-04-01,1,44,http://www.jstor.org/stable/2871175,Madelon Sprengnether,Folger Shakespeare Library,eng,93,94,,996,2,unigram; bigram; trigram
http://www.jstor.org/stable/2868841,A Cake-Making Image in Troilus and Cressida,Shakespeare Quarterly,1970,,article,jstor,1970-04-01,2,21,http://www.jstor.org/stable/2868841,Beryl Rowland,Folger Shakespeare Library,eng,191,194,,1627,4,unigram; bigram; trigram
http://www.jstor.org/stable/40468406,Review Article,Shakespeare Quarterly,2009,,article,jstor,2009-07-01,2,60,http://www.jstor.org/stable/40468406,MacDonald P. Jackson,Folger Shakespeare Library,eng,225,228,,1629,4,unigram; bigram; trigram
http://www.jstor.org/stable/44990805,Bibliography: Shakespeare: Annotated World Bibliography for 1982,Shakespeare Quarterly,1983,,article,jstor,1983-01-01,5,34,http://www.jstor.org/stable/44990805,HARRISON T. MESEROLE; JOHN B. SMITH,Oxford University Press,eng,516,784,,182899,269,unigram; bigram; trigram
http://www.jstor.org/stable/2870844,"""Knock me here soundly"": Comic Misprision and Class Consciousness in Shakespeare",Shakespeare Quarterly,1991,,article,jstor,1991-10-01,3,42,http://www.jstor.org/stable/2870844,Thomas Moisan,Folger Shakespeare Library,eng,276,290,,8721,15,unigram; bigram; trigram
http://www.jstor.org/stable/2866894,The Five Tragedies in Macbeth,Shakespeare Quarterly,1962,,article,jstor,1962-01-01,1,13,http://www.jstor.org/stable/2866894,Miguel A. Bernad,Folger Shakespeare Library,eng,49,61,,6442,13,unigram; bigram; trigram
http://www.jstor.org/stable/24778572,Anne by Indirection,Shakespeare Quarterly,2014,,article,jstor,2014-12-01,4,65,http://www.jstor.org/stable/24778572,Lena Cowen Orlin,Folger Shakespeare Library,eng,421,454,,17606,34,unigram; bigram; trigram
http://www.jstor.org/stable/2866787,[Illustration]: A View of Mantua,Shakespeare Quarterly,1962,,article,jstor,1962-04-01,2,13,http://www.jstor.org/stable/2866787,,Folger Shakespeare Library,eng,186,186,,37,1,unigram; bigram; trigram
http://www.jstor.org/stable/2868820,Back Matter,Shakespeare Quarterly,1971,,article,jstor,1971-04-01,2,22,http://www.jstor.org/stable/2868820,,Folger Shakespeare Library,eng,194,194,,310,1,unigram; bigram; trigram
http://www.jstor.org/stable/2870985,Review Article,Shakespeare Quarterly,1995,,article,jstor,1995-12-01,4,46,http://www.jstor.org/stable/2870985,F. David Hoeniger,Folger Shakespeare Library,eng,467,469,,1559,3,unigram; bigram; trigram
http://www.jstor.org/stable/2869061,The Theatre at Monmouth: Summer 1975,Shakespeare Quarterly,1976,,article,jstor,1976-01-01,1,27,http://www.jstor.org/stable/2869061,H. R. Coursen,Folger Shakespeare Library,eng,33,37,,2384,5,unigram; bigram; trigram
http://www.jstor.org/stable/4624988,Review Article,Shakespeare Quarterly,2007,,article,jstor,2007-07-01,2,58,http://www.jstor.org/stable/4624988,Michael Steppat,Folger Shakespeare Library,eng,267,270,,1894,4,unigram; bigram; trigram
http://www.jstor.org/stable/2869329,Shakespeare in Czechoslovakia,Shakespeare Quarterly,1979,,article,jstor,1979-04-01,2,30,http://www.jstor.org/stable/2869329,Zdeněk Stříbrný,Folger Shakespeare Library,eng,285,289,,3122,5,unigram; bigram; trigram
http://www.jstor.org/stable/4625004,Review Article,Shakespeare Quarterly,2007,,article,jstor,2007-10-01,3,58,http://www.jstor.org/stable/4625004,Paula Blank,Folger Shakespeare Library,eng,409,411,,1145,3,unigram; bigram; trigram
http://www.jstor.org/stable/4625014,Review Article,Shakespeare Quarterly,2007,,article,jstor,2007-12-01,4,58,http://www.jstor.org/stable/4625014,Catherine Belsey,Folger Shakespeare Library,eng,530,532,,1169,3,unigram; bigram; trigram
http://www.jstor.org/stable/2902139,Review Article,Shakespeare Quarterly,2000,,article,jstor,2000-07-01,2,51,http://www.jstor.org/stable/2902139,David L. Kranz,Folger Shakespeare Library,eng,236,240,,1885,5,unigram; bigram; trigram
http://www.jstor.org/stable/2870817,Women in the Renaissance Theatre Audience,Shakespeare Quarterly,1989,,article,jstor,1989-07-01,2,40,http://www.jstor.org/stable/2870817,Richard Levin,Folger Shakespeare Library,eng,165,174,,5382,10,unigram; bigram; trigram
http://www.jstor.org/stable/2866058,Review Article,Shakespeare Quarterly,1955,,article,jstor,1955-01-01,1,6,http://www.jstor.org/stable/2866058,George F. Reynolds,Folger Shakespeare Library,eng,96,97,,819,2,unigram; bigram; trigram
http://www.jstor.org/stable/2868544,[Illustration]: Iupiter and Alcmena in Plautus' Amphitryo,Shakespeare Quarterly,1969,,article,jstor,1969-10-01,4,20,http://www.jstor.org/stable/2868544,,Folger Shakespeare Library,eng,442,442,,29,1,unigram; bigram; trigram
http://www.jstor.org/stable/3844257,Review Article,Shakespeare Quarterly,2002,,article,jstor,2002-12-01,4,53,http://www.jstor.org/stable/3844257,Sheila T. Cavanagh,Folger Shakespeare Library,eng,590,592,,1660,3,unigram; bigram; trigram
http://www.jstor.org/stable/2871268,Review Article,Shakespeare Quarterly,1997,,article,jstor,1997-12-01,4,48,http://www.jstor.org/stable/2871268,Frances E. Dolan,Folger Shakespeare Library,eng,492,494,,1397,3,unigram; bigram; trigram
http://www.jstor.org/stable/2869819,The Fascination of What's Unusual,Shakespeare Quarterly,1982,,article,jstor,1982-07-01,2,33,http://www.jstor.org/stable/2869819,Charles H. Shattuck,Folger Shakespeare Library,eng,243,244,,890,2,unigram; bigram; trigram
http://www.jstor.org/stable/2866612,[Illustration]: Scene in Heautontimoroumenos,Shakespeare Quarterly,1955,,article,jstor,1955-07-01,3,6,http://www.jstor.org/stable/2866612,,Folger Shakespeare Library,eng,258,258,,19,1,unigram; bigram; trigram
http://www.jstor.org/stable/2868861,Lost Lore in Macbeth,Shakespeare Quarterly,1973,,article,jstor,1973-04-01,2,24,http://www.jstor.org/stable/2868861,James O. Wood,Folger Shakespeare Library,eng,223,226,,1631,4,unigram; bigram; trigram
http://www.jstor.org/stable/2870609,"""So Unsecret to Ourselves"": Notorious Identity and the Material Subject in Shakespeare's Troilus and Cressida",Shakespeare Quarterly,1989,,article,jstor,1989-12-01,4,40,http://www.jstor.org/stable/2870609,Linda Charnes,Folger Shakespeare Library,eng,413,440,,15922,28,unigram; bigram; trigram
http://www.jstor.org/stable/2870835,Review Article,Shakespeare Quarterly,1989,,article,jstor,1989-07-01,2,40,http://www.jstor.org/stable/2870835,Lawrence Danson,Folger Shakespeare Library,eng,240,243,,1961,4,unigram; bigram; trigram
http://www.jstor.org/stable/2869530,Shakespeare in New Jersey,Shakespeare Quarterly,1980,,article,jstor,1980-07-01,2,31,http://www.jstor.org/stable/2869530,Carol Rosen,Folger Shakespeare Library,eng,202,205,,2733,4,unigram; bigram; trigram
http://www.jstor.org/stable/23025638,Review Article,Shakespeare Quarterly,2011,,article,jstor,2011-07-01,2,62,http://www.jstor.org/stable/23025638,Lara Bovilsky,Folger Shakespeare Library,eng,292,295,,1357,4,unigram; bigram; trigram
http://www.jstor.org/stable/2902238,"Spanish ""Shakespeare-manía"": Twelfth Night in Madrid, 1996-97",Shakespeare Quarterly,1998,,article,jstor,1998-12-01,4,49,http://www.jstor.org/stable/2902238,Graham Keith Gregor,Folger Shakespeare Library,eng,421,431,,6844,11,unigram; bigram; trigram
http://www.jstor.org/stable/2869968,Review Article,Shakespeare Quarterly,1986,,article,jstor,1986-07-01,2,37,http://www.jstor.org/stable/2869968,Hallett Smith,Folger Shakespeare Library,eng,255,256,,1147,2,unigram; bigram; trigram
http://www.jstor.org/stable/2870795,Review Article,Shakespeare Quarterly,1990,,article,jstor,1990-12-01,4,41,http://www.jstor.org/stable/2870795,Daniel Russell,Folger Shakespeare Library,eng,544,546,,1736,3,unigram; bigram; trigram
http://www.jstor.org/stable/3844109,Review Article,Shakespeare Quarterly,2003,,article,jstor,2003-10-01,3,54,http://www.jstor.org/stable/3844109,Jennifer Lewin,Folger Shakespeare Library,eng,336,338,,1572,3,unigram; bigram; trigram
http://www.jstor.org/stable/2902295,Back Matter,Shakespeare Quarterly,1999,,article,jstor,1999-12-01,4,50,http://www.jstor.org/stable/2902295,,Folger Shakespeare Library,eng,546,547,,3181,11,unigram; bigram; trigram
http://www.jstor.org/stable/2870625,Front Matter,Shakespeare Quarterly,1988,,article,jstor,1988-07-01,2,39,http://www.jstor.org/stable/2870625,,Folger Shakespeare Library,eng,i,261,,1142,5,unigram; bigram; trigram
http://www.jstor.org/stable/2868612,Shakespeare in Maine: 1972-1973,Shakespeare Quarterly,1973,,article,jstor,1973-10-01,4,24,http://www.jstor.org/stable/2868612,"Herbert R. Coursen, Jr.",Folger Shakespeare Library,eng,419,422,,2145,4,unigram; bigram; trigram
http://www.jstor.org/stable/2869198,Thematic Contraries and the Dramaturgy of Henry V,Shakespeare Quarterly,1980,,article,jstor,1980-10-01,3,31,http://www.jstor.org/stable/2869198,Brownell Salomon,Folger Shakespeare Library,eng,343,356,,8034,14,unigram; bigram; trigram
http://www.jstor.org/stable/2871203,Utah Shakespearean Festival,Shakespeare Quarterly,1985,,article,jstor,1985-07-01,2,36,http://www.jstor.org/stable/2871203,Geoffrey Aggeler,Folger Shakespeare Library,eng,230,232,,1307,3,unigram; bigram; trigram
http://www.jstor.org/stable/2869214,"Shakespeare in ""Provincial"" West Germany",Shakespeare Quarterly,1980,,article,jstor,1980-10-01,3,31,http://www.jstor.org/stable/2869214,Werner Habicht,Folger Shakespeare Library,eng,413,415,,2071,3,unigram; bigram; trigram
http://www.jstor.org/stable/44990747,Front Matter,Shakespeare Quarterly,1995,,article,jstor,1995-01-01,5,46,http://www.jstor.org/stable/44990747,,Oxford University Press,eng,,,,456,3,unigram; bigram; trigram
http://www.jstor.org/stable/3648677,Review Article,Shakespeare Quarterly,2001,,article,jstor,2001-07-01,2,52,http://www.jstor.org/stable/3648677,Joan Ozark Holmer,Folger Shakespeare Library,eng,300,303,,1401,4,unigram; bigram; trigram
http://www.jstor.org/stable/3844046,Review Article,Shakespeare Quarterly,2002,,article,jstor,2002-04-01,1,53,http://www.jstor.org/stable/3844046,Jill L. Levenson,Folger Shakespeare Library,eng,126,127,,934,2,unigram; bigram; trigram
http://www.jstor.org/stable/3648686,"""Maluolio within"": Performance Perspectives on the Dark House",Shakespeare Quarterly,2001,,article,jstor,2001-10-01,3,52,http://www.jstor.org/stable/3648686,David Carnegie,Folger Shakespeare Library,eng,393,414,,16227,22,unigram; bigram; trigram
http://www.jstor.org/stable/2868523,Editions and Translations; Selections and Adaptations,Shakespeare Quarterly,1972,,article,jstor,1972-07-01,3,23,http://www.jstor.org/stable/2868523,Bruce Nesbitt,Folger Shakespeare Library,eng,280,286,,2790,7,unigram; bigram; trigram
http://www.jstor.org/stable/2871093,[V],Shakespeare Quarterly,1964,,article,jstor,1964-01-01,,15,http://www.jstor.org/stable/2871093,,Folger Shakespeare Library,eng,259,261,,1240,3,unigram; bigram; trigram
http://www.jstor.org/stable/2869618,Review Article,Shakespeare Quarterly,1975,,article,jstor,1975-07-01,3,26,http://www.jstor.org/stable/2869618,Jörg Hasler,Folger Shakespeare Library,eng,310,311,,628,2,unigram; bigram; trigram
http://www.jstor.org/stable/2867691,"[Illustration]: Plate 1 Wall Monument in Holy Trinity Church, Stratford-upon-Avon",Shakespeare Quarterly,1967,,article,jstor,1967-04-01,2,18,http://www.jstor.org/stable/2867691,,Folger Shakespeare Library,eng,,,,17,1,unigram; bigram; trigram
http://www.jstor.org/stable/2870445,"""An Incarnational Art"": Teaching Shakespeare",Shakespeare Quarterly,1990,,article,jstor,1990-07-01,2,41,http://www.jstor.org/stable/2870445,Edward L. Rocklin,Folger Shakespeare Library,eng,147,159,,7082,13,unigram; bigram; trigram
http://www.jstor.org/stable/2866543,The Dancing Horse of Love's Labour's Lost,Shakespeare Quarterly,1954,,article,jstor,1954-01-01,1,5,http://www.jstor.org/stable/2866543,Russell A. Fraser,Folger Shakespeare Library,eng,98,99,,496,2,unigram; bigram; trigram
http://www.jstor.org/stable/2868668,Notes and Comments,Shakespeare Quarterly,1972,,article,jstor,1972-01-01,1,23,http://www.jstor.org/stable/2868668,,Folger Shakespeare Library,eng,127,127,,169,1,unigram; bigram; trigram
http://www.jstor.org/stable/2868758,[Illustration]: Woodcut Illustration of the Fourth of Hrotsvit's Comedies,Shakespeare Quarterly,1971,,article,jstor,1971-01-01,1,22,http://www.jstor.org/stable/2868758,,Folger Shakespeare Library,eng,16,16,,26,1,unigram; bigram; trigram
http://www.jstor.org/stable/40468383,"William Shakespeare, ""Our Roscius""",Shakespeare Quarterly,2009,,article,jstor,2009-12-01,4,60,http://www.jstor.org/stable/40468383,Alan H. Nelson; Paul H. Altrocchi,Folger Shakespeare Library,eng,460,469,,3849,10,unigram; bigram; trigram
http://www.jstor.org/stable/2870952,Single-Sex Retreats in Two Early Modern Dramas: Love's Labor's Lost and The Convent of Pleasure,Shakespeare Quarterly,1996,,article,jstor,1996-12-01,4,47,http://www.jstor.org/stable/2870952,Irene G. Dash,Folger Shakespeare Library,eng,387,395,,3964,9,unigram; bigram; trigram
http://www.jstor.org/stable/2866063,Review Article,Shakespeare Quarterly,1955,,article,jstor,1955-01-01,1,6,http://www.jstor.org/stable/2866063,Hereward T. Price,Folger Shakespeare Library,eng,102,103,,413,2,unigram; bigram; trigram
http://www.jstor.org/stable/2871192,The Scandalous Dram of Eale,Shakespeare Quarterly,1985,,article,jstor,1985-07-01,2,36,http://www.jstor.org/stable/2871192,Shirley Carr Grubb,Folger Shakespeare Library,eng,188,203,,8806,16,unigram; bigram; trigram
http://www.jstor.org/stable/2866864,"[Illustration]: The east end of St. Paul's Cathedral, reproduced from the engraving by Wenceslaus Hollar",Shakespeare Quarterly,1959,,article,jstor,1959-07-01,3,10,http://www.jstor.org/stable/2866864,,Folger Shakespeare Library,eng,422,422,,39,1,unigram; bigram; trigram
http://www.jstor.org/stable/2868882,The Parallel Structure of Troilus and Cressida,Shakespeare Quarterly,1974,,article,jstor,1974-01-01,1,25,http://www.jstor.org/stable/2868882,Camille Slights,Folger Shakespeare Library,eng,42,51,,5040,10,unigram; bigram; trigram
http://www.jstor.org/stable/2867306,Review Article,Shakespeare Quarterly,1960,,article,jstor,1960-07-01,3,11,http://www.jstor.org/stable/2867306,Paul N. Siegel,Folger Shakespeare Library,eng,372,373,,744,2,unigram; bigram; trigram
http://www.jstor.org/stable/2866153,Shakespeare Announces a Ghost,Shakespeare Quarterly,1950,,article,jstor,1950-10-01,4,1,http://www.jstor.org/stable/2866153,T. Walter Herbert,Folger Shakespeare Library,eng,247,254,,4217,8,unigram; bigram; trigram
http://www.jstor.org/stable/2867883,[Illustration]: Portland Theatre,Shakespeare Quarterly,1964,,article,jstor,1964-04-01,2,15,http://www.jstor.org/stable/2867883,,Folger Shakespeare Library,eng,130,130,,189,1,unigram; bigram; trigram
http://www.jstor.org/stable/2869515,Shakespeare Observed,Shakespeare Quarterly,1980,,article,jstor,1980-07-01,2,31,http://www.jstor.org/stable/2869515,Stephen Orgel,Folger Shakespeare Library,eng,133,141,,3637,9,unigram; bigram; trigram
http://www.jstor.org/stable/2867882,Imagination in A Midsummer Night's Dream,Shakespeare Quarterly,1964,,article,jstor,1964-04-01,2,15,http://www.jstor.org/stable/2867882,R. W. Dent,Folger Shakespeare Library,eng,115,129,,8615,15,unigram; bigram; trigram
http://www.jstor.org/stable/2867918,"The 1966 Festivals at Ashland, Oregon, and San Diego, California",Shakespeare Quarterly,1966,,article,jstor,1966-10-01,4,17,http://www.jstor.org/stable/2867918,Peter D. Smith,Folger Shakespeare Library,eng,407,417,,6794,13,unigram; bigram; trigram
http://www.jstor.org/stable/2868830,Review Article,Shakespeare Quarterly,1970,,article,jstor,1970-04-01,2,21,http://www.jstor.org/stable/2868830,Robert Fricker,Folger Shakespeare Library,eng,178,178,,529,1,unigram; bigram; trigram
http://www.jstor.org/stable/2902373,Review Article,Shakespeare Quarterly,1999,,article,jstor,1999-10-01,3,50,http://www.jstor.org/stable/2902373,Jeffrey Jerome Cohen,Folger Shakespeare Library,eng,392,393,,973,2,unigram; bigram; trigram
http://www.jstor.org/stable/40985634,Review Article,Shakespeare Quarterly,2010,,article,jstor,2010-12-01,4,61,http://www.jstor.org/stable/40985634,John Ripley,Folger Shakespeare Library,eng,584,586,,1272,3,unigram; bigram; trigram
http://www.jstor.org/stable/2866869,Review Article,Shakespeare Quarterly,1959,,article,jstor,1959-07-01,3,10,http://www.jstor.org/stable/2866869,Baldwin Maxwell,Folger Shakespeare Library,eng,435,437,,1285,3,unigram; bigram; trigram
http://www.jstor.org/stable/2867702,Dramatic Irony in Antony and Cleopatra,Shakespeare Quarterly,1967,,article,jstor,1967-04-01,2,18,http://www.jstor.org/stable/2867702,William Blissett,Folger Shakespeare Library,eng,151,166,,8632,16,unigram; bigram; trigram
http://www.jstor.org/stable/2868740,The Tempest and Shakespeare's Last Plays: The Aesthetic Dimensions,Shakespeare Quarterly,1973,,article,jstor,1973-01-01,,1,http://www.jstor.org/stable/2868740,Sidney R. Homan,Folger Shakespeare Library,eng,69,76,,4892,8,unigram; bigram; trigram
http://www.jstor.org/stable/2870492,Review Article,Shakespeare Quarterly,1990,,article,jstor,1990-10-01,3,41,http://www.jstor.org/stable/2870492,Robert Y. Turner,Folger Shakespeare Library,eng,380,381,,1057,2,unigram; bigram; trigram
http://www.jstor.org/stable/2866932,Review Article,Shakespeare Quarterly,1959,,article,jstor,1959-04-01,2,10,http://www.jstor.org/stable/2866932,Philip Edwards,Folger Shakespeare Library,eng,228,229,,711,2,unigram; bigram; trigram
http://www.jstor.org/stable/40210289,Review Article,Shakespeare Quarterly,2008,,article,jstor,2008-10-01,3,59,http://www.jstor.org/stable/40210289,Sharon O'Dair,Folger Shakespeare Library,eng,351,354,,1468,4,unigram; bigram; trigram
http://www.jstor.org/stable/2869978,Review Article,Shakespeare Quarterly,1986,,article,jstor,1986-07-01,2,37,http://www.jstor.org/stable/2869978,George T. Wright,Folger Shakespeare Library,eng,270,273,,1854,4,unigram; bigram; trigram
http://www.jstor.org/stable/2870826,"Louisiana Shakespeare Festival, 1987-88",Shakespeare Quarterly,1989,,article,jstor,1989-07-01,2,40,http://www.jstor.org/stable/2870826,Brian Jay Corrigan,Folger Shakespeare Library,eng,217,220,,1753,4,unigram; bigram; trigram
http://www.jstor.org/stable/2866654,"Shakespeare in the Periodicals, 1700-1740: A Study of the Growth of a Knowledge of the Dramatist in the Eighteenth Century",Shakespeare Quarterly,1951,,article,jstor,1951-07-01,3,2,http://www.jstor.org/stable/2866654,"George Winchester Stone, Jr.",Folger Shakespeare Library,eng,221,232,,6483,13,unigram; bigram; trigram
http://www.jstor.org/stable/2870019,Shakespeare in Boston and Cambridge,Shakespeare Quarterly,1981,,article,jstor,1981-07-01,2,32,http://www.jstor.org/stable/2870019,Elizabeth H. Hageman,Folger Shakespeare Library,eng,190,193,,2206,4,unigram; bigram; trigram
http://www.jstor.org/stable/40210293,Review Article,Shakespeare Quarterly,2008,,article,jstor,2008-10-01,3,59,http://www.jstor.org/stable/40210293,Michael D. Friedman,Folger Shakespeare Library,eng,360,363,,1785,4,unigram; bigram; trigram
http://www.jstor.org/stable/2867575,Review Article,Shakespeare Quarterly,1957,,article,jstor,1957-10-01,4,8,http://www.jstor.org/stable/2867575,Marvin T. Herrick,Folger Shakespeare Library,eng,551,552,,706,2,unigram; bigram; trigram
http://www.jstor.org/stable/2869645,Thoughts on The Early Shakespear,Shakespeare Quarterly,1977,,article,jstor,1977-01-01,,1,http://www.jstor.org/stable/2869645,David Riggs,Folger Shakespeare Library,eng,107,110,,2091,4,unigram; bigram; trigram
http://www.jstor.org/stable/2868059,[Illustration]: Village Life in the Seventeenth Century,Shakespeare Quarterly,1967,,article,jstor,1967-01-01,1,18,http://www.jstor.org/stable/2868059,,Folger Shakespeare Library,eng,22,22,,22,1,unigram; bigram; trigram
http://www.jstor.org/stable/2871324,Comedies,Shakespeare Quarterly,1997,,article,jstor,1997-01-01,5,48,http://www.jstor.org/stable/2871324,,Folger Shakespeare Library,eng,598,600,,1232,3,unigram; bigram; trigram
http://www.jstor.org/stable/2870725,"""Lend me thy Hand"": Metaphor and Mayhem in Titus Andronicus",Shakespeare Quarterly,1989,,article,jstor,1989-10-01,3,40,http://www.jstor.org/stable/2870725,Gillian Murray Kendall,Folger Shakespeare Library,eng,299,316,,10291,18,unigram; bigram; trigram
http://www.jstor.org/stable/2868915,Oregon Shakespearean Festival--1971,Shakespeare Quarterly,1971,,article,jstor,1971-10-01,4,22,http://www.jstor.org/stable/2868915,Robin Carey,Folger Shakespeare Library,eng,377,380,,1876,4,unigram; bigram; trigram
http://www.jstor.org/stable/2868700,The Provenance of Troilus and Cressida,Shakespeare Quarterly,1970,,article,jstor,1970-07-01,3,21,http://www.jstor.org/stable/2868700,Jarold W. Ramsey,Folger Shakespeare Library,eng,223,240,,10453,18,unigram; bigram; trigram
http://www.jstor.org/stable/2870480,King Lear: The Transference of the Kingdom,Shakespeare Quarterly,1990,,article,jstor,1990-10-01,3,41,http://www.jstor.org/stable/2870480,Jeffrey Stern,Folger Shakespeare Library,eng,299,308,,5447,10,unigram; bigram; trigram
http://www.jstor.org/stable/2869423,Reconstructing The Second Globe,Shakespeare Quarterly,1977,,article,jstor,1977-04-01,2,28,http://www.jstor.org/stable/2869423,David George,Folger Shakespeare Library,eng,268,271,,2257,4,unigram; bigram; trigram
http://www.jstor.org/stable/2870419,"""Enter a Sheriffe"": A Shakespearean Ghost",Shakespeare Quarterly,1987,,article,jstor,1987-04-01,1,38,http://www.jstor.org/stable/2870419,Sidney Thomas,Folger Shakespeare Library,eng,130,130,,507,1,unigram; bigram; trigram
http://www.jstor.org/stable/2870037,Shakespeare in Wisconsin,Shakespeare Quarterly,1981,,article,jstor,1981-07-01,2,32,http://www.jstor.org/stable/2870037,Rhoda-Gale Pollack,Folger Shakespeare Library,eng,236,238,,1846,3,unigram; bigram; trigram
http://www.jstor.org/stable/2869257,Volume Information,Shakespeare Quarterly,1975,,article,jstor,1975-01-01,1,26,http://www.jstor.org/stable/2869257,,Folger Shakespeare Library,eng,,,,932,4,unigram; bigram; trigram
http://www.jstor.org/stable/2868904,[Illustration]: ``Matrimonii Typvs'' in Barthélemy Aneau's Picta Poesis.,Shakespeare Quarterly,1971,,article,jstor,1971-10-01,4,22,http://www.jstor.org/stable/2868904,,Folger Shakespeare Library,eng,314,314,,315,1,unigram; bigram; trigram
http://www.jstor.org/stable/2869983,Review Article,Shakespeare Quarterly,1986,,article,jstor,1986-07-01,2,37,http://www.jstor.org/stable/2869983,William Proctor Williams,Folger Shakespeare Library,eng,280,284,,2715,5,unigram; bigram; trigram
http://www.jstor.org/stable/2869539,Alabama Shakespeare Festival,Shakespeare Quarterly,1980,,article,jstor,1980-07-01,2,31,http://www.jstor.org/stable/2869539,"Robert C. Fulton, III",Folger Shakespeare Library,eng,221,225,,3698,5,unigram; bigram; trigram
http://www.jstor.org/stable/2866610,"[Illustration]: Eunuchus, in Works of Terence (Strassburg, 1496)",Shakespeare Quarterly,1955,,article,jstor,1955-07-01,3,6,http://www.jstor.org/stable/2866610,,Folger Shakespeare Library,eng,248,248,,12,1,unigram; bigram; trigram
http://www.jstor.org/stable/2869860,Overlooked Sources of the Bed Trick,Shakespeare Quarterly,1983,,article,jstor,1983-12-01,4,34,http://www.jstor.org/stable/2869860,Peggy Muñoz Simonds,Folger Shakespeare Library,eng,433,434,,1406,2,unigram; bigram; trigram
http://www.jstor.org/stable/2869479,Educational Films On Shakespeare,Shakespeare Quarterly,1979,,article,jstor,1979-07-01,3,30,http://www.jstor.org/stable/2869479,Andrew M. McLean,Folger Shakespeare Library,eng,415,417,,1525,3,unigram; bigram; trigram
http://www.jstor.org/stable/2869392,Front Matter,Shakespeare Quarterly,1977,,article,jstor,1977-04-01,2,28,http://www.jstor.org/stable/2869392,,Folger Shakespeare Library,eng,129,130,,972,4,unigram; bigram; trigram
http://www.jstor.org/stable/2868560,Review Article,Shakespeare Quarterly,1969,,article,jstor,1969-10-01,4,20,http://www.jstor.org/stable/2868560,Lewis F. Ball,Folger Shakespeare Library,eng,478,478,,145,1,unigram; bigram; trigram
http://www.jstor.org/stable/2869074,Best Single-Volume Shakespeare Yet,Shakespeare Quarterly,1976,,article,jstor,1976-01-01,1,27,http://www.jstor.org/stable/2869074,William C. McAvoy,Folger Shakespeare Library,eng,114,125,,4328,8,unigram; bigram; trigram
http://www.jstor.org/stable/2867544,"Cuckold or Counsellor in Twelfth Night, I.v.56",Shakespeare Quarterly,1957,,article,jstor,1957-01-01,1,8,http://www.jstor.org/stable/2867544,Norman N. Holland,Folger Shakespeare Library,eng,127,129,,900,3,unigram; bigram; trigram
http://www.jstor.org/stable/24778466,Review Article,Shakespeare Quarterly,2013,,article,jstor,2013-07-01,2,64,http://www.jstor.org/stable/24778466,Jay Zysk,Folger Shakespeare Library,eng,255,259,,2082,5,unigram; bigram; trigram
http://www.jstor.org/stable/2871311,Introduction,Shakespeare Quarterly,1997,,article,jstor,1997-01-01,5,48,http://www.jstor.org/stable/2871311,,Folger Shakespeare Library,eng,518,520,,1007,3,unigram; bigram; trigram
http://www.jstor.org/stable/2868037,Review Article,Shakespeare Quarterly,1962,,article,jstor,1962-10-01,4,13,http://www.jstor.org/stable/2868037,Wallace A. Bacon,Folger Shakespeare Library,eng,576,576,,566,1,unigram; bigram; trigram
http://www.jstor.org/stable/2868481,Notes and Comments,Shakespeare Quarterly,1974,,article,jstor,1974-04-01,2,25,http://www.jstor.org/stable/2868481,,Folger Shakespeare Library,eng,283,284,,283,2,unigram; bigram; trigram
http://www.jstor.org/stable/2869599,Indexes,Shakespeare Quarterly,1980,,article,jstor,1980-12-01,4,31,http://www.jstor.org/stable/2869599,Harrison T. Meserole; John B. Smith,Folger Shakespeare Library,eng,621,659,,18955,39,unigram; bigram; trigram
http://www.jstor.org/stable/3844142,Review Article,Shakespeare Quarterly,2006,,article,jstor,2006-07-01,2,57,http://www.jstor.org/stable/3844142,David J. Baker,Folger Shakespeare Library,eng,228,229,,1097,2,unigram; bigram; trigram
http://www.jstor.org/stable/2871420,Shakespeare and the Middling Sort,Shakespeare Quarterly,1993,,article,jstor,1993-10-01,3,44,http://www.jstor.org/stable/2871420,Theodore B. Leinwand,Folger Shakespeare Library,eng,284,303,,12254,20,unigram; bigram; trigram
http://www.jstor.org/stable/2868324,Shakespeare's Shylock,Shakespeare Quarterly,1964,,article,jstor,1964-07-01,3,15,http://www.jstor.org/stable/2868324,Warren D. Smith,Folger Shakespeare Library,eng,193,199,,4026,7,unigram; bigram; trigram
http://www.jstor.org/stable/2870997,Man of Steel Done Got the Blues: Melancholic Subversion of Presence in Antony and Cleopatra,Shakespeare Quarterly,1993,,article,jstor,1993-12-01,4,44,http://www.jstor.org/stable/2870997,Cynthia Marshall,Folger Shakespeare Library,eng,385,408,,13245,24,unigram; bigram; trigram
http://www.jstor.org/stable/2868398,Delusion as Resolution in King Lear,Shakespeare Quarterly,1970,,article,jstor,1970-01-01,1,21,http://www.jstor.org/stable/2868398,Phyllis Rackin,Folger Shakespeare Library,eng,29,34,,3127,6,unigram; bigram; trigram
http://www.jstor.org/stable/40468389,Review Article,Shakespeare Quarterly,2009,,article,jstor,2009-12-01,4,60,http://www.jstor.org/stable/40468389,Colin Burrow,Folger Shakespeare Library,eng,497,499,,1145,3,unigram; bigram; trigram
http://www.jstor.org/stable/2902322,Anglo-Welsh Relations in Cymbeline,Shakespeare Quarterly,2000,,article,jstor,2000-04-01,1,51,http://www.jstor.org/stable/2902322,Ronald J. Boling,Folger Shakespeare Library,eng,33,66,,14842,34,unigram; bigram; trigram
http://www.jstor.org/stable/2869326,A Tokyo Hamlet,Shakespeare Quarterly,1979,,article,jstor,1979-04-01,2,30,http://www.jstor.org/stable/2869326,"B. S. Field, Jr.",Folger Shakespeare Library,eng,277,279,,1836,3,unigram; bigram; trigram
http://www.jstor.org/stable/24778500,Review Article,Shakespeare Quarterly,2013,,article,jstor,2013-12-01,4,64,http://www.jstor.org/stable/24778500,Lara Bovilsky,Folger Shakespeare Library,eng,486,488,,1270,3,unigram; bigram; trigram
http://www.jstor.org/stable/2868746,Review Article,Shakespeare Quarterly,1973,,article,jstor,1973-01-01,1,24,http://www.jstor.org/stable/2868746,David Greenwood,Folger Shakespeare Library,eng,94,94,,327,1,unigram; bigram; trigram
http://www.jstor.org/stable/2867953,All's Well That Ends Well,Shakespeare Quarterly,1964,,article,jstor,1964-01-01,1,15,http://www.jstor.org/stable/2867953,Jay L. Halio,Folger Shakespeare Library,eng,33,43,,6184,11,unigram; bigram; trigram
http://www.jstor.org/stable/2866846,Bibliographies and Surveys,Shakespeare Quarterly,1962,,article,jstor,1962-07-01,3,13,http://www.jstor.org/stable/2866846,Robert W. Dent,Folger Shakespeare Library,eng,377,379,,1206,3,unigram; bigram; trigram
http://www.jstor.org/stable/2867904,Back Matter,Shakespeare Quarterly,1964,,article,jstor,1964-04-01,2,15,http://www.jstor.org/stable/2867904,,Folger Shakespeare Library,eng,313,315,,1333,3,unigram; bigram; trigram
http://www.jstor.org/stable/44990259,BIBLIOGRAPHY: World Shakespeare Bibliography 1992,Shakespeare Quarterly,1993,,article,jstor,1993-01-01,5,44,http://www.jstor.org/stable/44990259,James L. Harner; Harrison T. Meserole; Priscilla J. Letterman,Oxford University Press,eng,520,930,,347331,408,unigram; bigram; trigram
http://www.jstor.org/stable/4123525,Review Article,Shakespeare Quarterly,2006,,article,jstor,2006-10-01,3,57,http://www.jstor.org/stable/4123525,Jeremy Lopez,Folger Shakespeare Library,eng,366,371,,3017,6,unigram; bigram; trigram
http://www.jstor.org/stable/2870513,Review Article,Shakespeare Quarterly,1987,,article,jstor,1987-10-01,3,38,http://www.jstor.org/stable/2870513,Miranda Johnson Haddad,Folger Shakespeare Library,eng,371,375,,2680,5,unigram; bigram; trigram
http://www.jstor.org/stable/2867081,A Chronicle of Small Latin,Shakespeare Quarterly,1961,,article,jstor,1961-07-01,3,12,http://www.jstor.org/stable/2867081,John J. Enck,Folger Shakespeare Library,eng,342,345,,1666,4,unigram; bigram; trigram
http://www.jstor.org/stable/2866175,[Illustration]: The Royal Arms of Queen Elizabeth,Shakespeare Quarterly,1953,,article,jstor,1953-04-01,2,4,http://www.jstor.org/stable/2866175,,Folger Shakespeare Library,eng,162,162,,23,1,unigram; bigram; trigram
http://www.jstor.org/stable/3844338,Review Article,Shakespeare Quarterly,2004,,article,jstor,2004-04-01,1,55,http://www.jstor.org/stable/3844338,James Loehlin,Folger Shakespeare Library,eng,105,107,,1479,3,unigram; bigram; trigram
http://www.jstor.org/stable/2871210,London Theatre In the Eighteenth Century,Shakespeare Quarterly,1985,,article,jstor,1985-07-01,2,36,http://www.jstor.org/stable/2871210,Robert Halsband,Folger Shakespeare Library,eng,250,253,,2877,4,unigram; bigram; trigram
http://www.jstor.org/stable/2867649,Notes and Comments,Shakespeare Quarterly,1967,,article,jstor,1967-10-01,4,18,http://www.jstor.org/stable/2867649,,Folger Shakespeare Library,eng,443,444,,532,2,unigram; bigram; trigram
http://www.jstor.org/stable/2866321,A Norwegian Operatic Cymbeline,Shakespeare Quarterly,1952,,article,jstor,1952-07-01,3,3,http://www.jstor.org/stable/2866321,Kristian Smidt,Folger Shakespeare Library,eng,284,284,,293,1,unigram; bigram; trigram
http://www.jstor.org/stable/2869537,An Alliance Othello,Shakespeare Quarterly,1980,,article,jstor,1980-07-01,2,31,http://www.jstor.org/stable/2869537,Charles B. Lower,Folger Shakespeare Library,eng,218,220,,1571,3,unigram; bigram; trigram
http://www.jstor.org/stable/2866333,The Clothing Motif in King Lear,Shakespeare Quarterly,1954,,article,jstor,1954-07-01,3,5,http://www.jstor.org/stable/2866333,Thelma Nelson Greenfield,Folger Shakespeare Library,eng,281,286,,3277,6,unigram; bigram; trigram
http://www.jstor.org/stable/2866626,Review Article,Shakespeare Quarterly,1955,,article,jstor,1955-07-01,3,6,http://www.jstor.org/stable/2866626,Helen Andrews Kaufman,Folger Shakespeare Library,eng,349,350,,753,2,unigram; bigram; trigram
http://www.jstor.org/stable/2869133,Macbeth in Oslo,Shakespeare Quarterly,1978,,article,jstor,1978-04-01,2,29,http://www.jstor.org/stable/2869133,Peter Bilton,Folger Shakespeare Library,eng,299,300,,590,2,unigram; bigram; trigram
http://www.jstor.org/stable/2867226,Bibliographies and Surveys,Shakespeare Quarterly,1960,,article,jstor,1960-04-01,2,11,http://www.jstor.org/stable/2867226,Robert W. Dent,Folger Shakespeare Library,eng,241,243,,1077,3,unigram; bigram; trigram
http://www.jstor.org/stable/2866185,Review Article,Shakespeare Quarterly,1953,,article,jstor,1953-04-01,2,4,http://www.jstor.org/stable/2866185,Ernest A. Strathmann,Folger Shakespeare Library,eng,192,194,,1142,3,unigram; bigram; trigram
http://www.jstor.org/stable/2867422,[Illustration]: Bird's-eye view of Oxford 1588,Shakespeare Quarterly,1960,,article,jstor,1960-01-01,1,11,http://www.jstor.org/stable/2867422,,Folger Shakespeare Library,eng,,,,81,1,unigram; bigram; trigram
http://www.jstor.org/stable/2867322,Did Shakespeare Join the Casket and Bond Plots in the Merchant of Venice?,Shakespeare Quarterly,1960,,article,jstor,1960-07-01,3,11,http://www.jstor.org/stable/2867322,Milton A. Levy,Folger Shakespeare Library,eng,388,391,,1772,4,unigram; bigram; trigram
http://www.jstor.org/stable/2902352,Review Article,Shakespeare Quarterly,2000,,article,jstor,2000-12-01,4,51,http://www.jstor.org/stable/2902352,Philippa Berry,Folger Shakespeare Library,eng,507,509,,1566,3,unigram; bigram; trigram
http://www.jstor.org/stable/2866240,Political Ideas in Macbeth IV. iii.,Shakespeare Quarterly,1951,,article,jstor,1951-10-01,4,2,http://www.jstor.org/stable/2866240,Lily B. Campbell,Folger Shakespeare Library,eng,281,286,,2905,6,unigram; bigram; trigram
http://www.jstor.org/stable/2867850,Review Article,Shakespeare Quarterly,1968,,article,jstor,1968-01-01,1,19,http://www.jstor.org/stable/2867850,Robert Speaight,Folger Shakespeare Library,eng,90,91,,1084,2,unigram; bigram; trigram
http://www.jstor.org/stable/2870151,"Shakespeare, Jonson, and Molière as Comic Playwrights",Shakespeare Quarterly,1982,,article,jstor,1982-12-01,4,33,http://www.jstor.org/stable/2870151,William Green,Folger Shakespeare Library,eng,536,537,,1029,2,unigram; bigram; trigram
http://www.jstor.org/stable/2867565,Review Article,Shakespeare Quarterly,1957,,article,jstor,1957-10-01,4,8,http://www.jstor.org/stable/2867565,Philip Edwards,Folger Shakespeare Library,eng,535,538,,1883,4,unigram; bigram; trigram
http://www.jstor.org/stable/40210307,Review Article,Shakespeare Quarterly,2008,,article,jstor,2008-12-01,4,59,http://www.jstor.org/stable/40210307,Richard Strier,Folger Shakespeare Library,eng,503,506,,1997,4,unigram; bigram; trigram
http://www.jstor.org/stable/2866372,Review Article,Shakespeare Quarterly,1956,,article,jstor,1956-10-01,4,7,http://www.jstor.org/stable/2866372,Richard L. Coe,Folger Shakespeare Library,eng,435,436,,558,2,unigram; bigram; trigram
http://www.jstor.org/stable/2869779,Context and Charisma: The Sher-Alexander Richard III and its Reviewers,Shakespeare Quarterly,1985,,article,jstor,1985-01-01,5,36,http://www.jstor.org/stable/2869779,"R. Chris Hassel, Jr.",Folger Shakespeare Library,eng,630,643,,7961,14,unigram; bigram; trigram
http://www.jstor.org/stable/2902153,"Cerimon's ""Rough"" Music in Pericles, 3.2",Shakespeare Quarterly,2000,,article,jstor,2000-10-01,3,51,http://www.jstor.org/stable/2902153,F. Elizabeth Hart,Folger Shakespeare Library,eng,313,331,,9520,19,unigram; bigram; trigram
http://www.jstor.org/stable/2871198,"An Allusion to ""India"" And Pearls",Shakespeare Quarterly,1985,,article,jstor,1985-07-01,2,36,http://www.jstor.org/stable/2871198,Nancy A. Gutierrez,Folger Shakespeare Library,eng,220,220,,534,1,unigram; bigram; trigram
http://www.jstor.org/stable/2868471,"""Dear Will""",Shakespeare Quarterly,1974,,article,jstor,1974-04-01,2,25,http://www.jstor.org/stable/2868471,Eliza Alling,Folger Shakespeare Library,eng,264,271,,4009,8,unigram; bigram; trigram
http://www.jstor.org/stable/2866036,Review Article,Shakespeare Quarterly,1954,,article,jstor,1954-10-01,4,5,http://www.jstor.org/stable/2866036,George Burke Johnston,Folger Shakespeare Library,eng,422,423,,313,2,unigram; bigram; trigram
http://www.jstor.org/stable/2867655,[Illustration]: A serenade. In Johan de Brune,Shakespeare Quarterly,1965,,article,jstor,1965-10-01,4,16,http://www.jstor.org/stable/2867655,,Folger Shakespeare Library,eng,288,288,,13,1,unigram; bigram; trigram
http://www.jstor.org/stable/2870670,Review Article,Shakespeare Quarterly,1991,,article,jstor,1991-04-01,1,42,http://www.jstor.org/stable/2870670,Roy Strong,Folger Shakespeare Library,eng,118,120,,1064,3,unigram; bigram; trigram
http://www.jstor.org/stable/2866376,Review Article,Shakespeare Quarterly,1956,,article,jstor,1956-10-01,4,7,http://www.jstor.org/stable/2866376,R. W. Zandvoort,Folger Shakespeare Library,eng,439,440,,469,2,unigram; bigram; trigram
http://www.jstor.org/stable/2870948,Front Matter,Shakespeare Quarterly,1996,,article,jstor,1996-12-01,4,47,http://www.jstor.org/stable/2870948,,Folger Shakespeare Library,eng,i,iii,,1435,5,unigram; bigram; trigram
http://www.jstor.org/stable/2869436,"Language, Linguistics, Philology",Shakespeare Quarterly,1977,,article,jstor,1977-10-01,4,28,http://www.jstor.org/stable/2869436,Harrison T. Meserole,Folger Shakespeare Library,eng,445,447,,1118,3,unigram; bigram; trigram
http://www.jstor.org/stable/2868549,The Great Lakes Shakespeare Festival,Shakespeare Quarterly,1969,,article,jstor,1969-10-01,4,20,http://www.jstor.org/stable/2868549,Robert Ornstein,Folger Shakespeare Library,eng,459,461,,1233,3,unigram; bigram; trigram
http://www.jstor.org/stable/2866964,The Character of Hamlet's Mother,Shakespeare Quarterly,1957,,article,jstor,1957-04-01,2,8,http://www.jstor.org/stable/2866964,Carolyn Heilbrun,Folger Shakespeare Library,eng,201,206,,3407,6,unigram; bigram; trigram
http://www.jstor.org/stable/2871206,Retaining the Secrets Of Troilus and Cressida,Shakespeare Quarterly,1985,,article,jstor,1985-07-01,2,36,http://www.jstor.org/stable/2871206,Robert Kimbrough,Folger Shakespeare Library,eng,239,240,,1133,2,unigram; bigram; trigram
http://www.jstor.org/stable/2868135,Macbeth: The Tragedy of the Hardened Heart,Shakespeare Quarterly,1963,,article,jstor,1963-01-01,1,14,http://www.jstor.org/stable/2868135,Dolora G. Cunningham,Folger Shakespeare Library,eng,39,47,,5016,9,unigram; bigram; trigram
http://www.jstor.org/stable/2869122,Shakespeare In Los Angeles,Shakespeare Quarterly,1978,,article,jstor,1978-04-01,2,29,http://www.jstor.org/stable/2869122,A. R. Braunmuller; William L. Stull,Folger Shakespeare Library,eng,259,267,,6327,9,unigram; bigram; trigram
http://www.jstor.org/stable/2870749,Back Matter,Shakespeare Quarterly,1989,,article,jstor,1989-10-01,3,40,http://www.jstor.org/stable/2870749,,Folger Shakespeare Library,eng,377,378,,2181,5,unigram; bigram; trigram
http://www.jstor.org/stable/3844137,Review Article,Shakespeare Quarterly,2006,,article,jstor,2006-07-01,2,57,http://www.jstor.org/stable/3844137,Ian Smith,Folger Shakespeare Library,eng,216,218,,1439,3,unigram; bigram; trigram
http://www.jstor.org/stable/2868372,Books Received,Shakespeare Quarterly,1973,,article,jstor,1973-07-01,3,24,http://www.jstor.org/stable/2868372,,Folger Shakespeare Library,eng,351,352,,254,2,unigram; bigram; trigram
http://www.jstor.org/stable/2866462,Hoisting the Enginer with His Own Petar,Shakespeare Quarterly,1956,,article,jstor,1956-04-01,2,7,http://www.jstor.org/stable/2866462,Warren V. Shepard,Folger Shakespeare Library,eng,281,285,,1990,5,unigram; bigram; trigram
http://www.jstor.org/stable/2870161,Lear's System,Shakespeare Quarterly,1984,,article,jstor,1984-12-01,4,35,http://www.jstor.org/stable/2870161,Ralph Berry,Folger Shakespeare Library,eng,421,429,,4938,9,unigram; bigram; trigram
http://www.jstor.org/stable/2868554,Review Article,Shakespeare Quarterly,1969,,article,jstor,1969-10-01,4,20,http://www.jstor.org/stable/2868554,Clifford Leech,Folger Shakespeare Library,eng,474,475,,1006,2,unigram; bigram; trigram
http://www.jstor.org/stable/2867800,"Shakespeare and The Gouernour, Bk. II, ch. xiii. Parallels with Richard II and the More Addition",Shakespeare Quarterly,1963,,article,jstor,1963-07-01,3,14,http://www.jstor.org/stable/2867800,Harold F. Brooks,Folger Shakespeare Library,eng,195,199,,2726,5,unigram; bigram; trigram
http://www.jstor.org/stable/2869343,Volume Information,Shakespeare Quarterly,1979,,article,jstor,1979-10-01,4,30,http://www.jstor.org/stable/2869343,,Folger Shakespeare Library,eng,,,,1173,4,unigram; bigram; trigram
http://www.jstor.org/stable/2868318,Isabella's Angry Ape,Shakespeare Quarterly,1964,,article,jstor,1964-07-01,3,15,http://www.jstor.org/stable/2868318,Lawrence Sargent Hall,Folger Shakespeare Library,eng,157,165,,4235,9,unigram; bigram; trigram
http://www.jstor.org/stable/24778564,Contributors,Shakespeare Quarterly,2014,,article,jstor,2014-07-01,2,65,http://www.jstor.org/stable/24778564,,Folger Shakespeare Library,eng,236,237,,616,2,unigram; bigram; trigram
http://www.jstor.org/stable/2869518,Shakespeare in Scotland,Shakespeare Quarterly,1980,,article,jstor,1980-07-01,2,31,http://www.jstor.org/stable/2869518,Graham Barlow; Priscilla Seltzer,Folger Shakespeare Library,eng,161,162,,1162,2,unigram; bigram; trigram
http://www.jstor.org/stable/2866576,Notes and Comments,Shakespeare Quarterly,1953,,article,jstor,1953-01-01,1,4,http://www.jstor.org/stable/2866576,,Folger Shakespeare Library,eng,107,108,,975,2,unigram; bigram; trigram
http://www.jstor.org/stable/2869253,Review Article,Shakespeare Quarterly,1975,,article,jstor,1975-04-01,2,26,http://www.jstor.org/stable/2869253,Maurice Charney,Folger Shakespeare Library,eng,215,216,,688,2,unigram; bigram; trigram
http://www.jstor.org/stable/2868669,Back Matter,Shakespeare Quarterly,1972,,article,jstor,1972-01-01,1,23,http://www.jstor.org/stable/2868669,,Folger Shakespeare Library,eng,128,128,,276,1,unigram; bigram; trigram
http://www.jstor.org/stable/2866209,Front Matter,Shakespeare Quarterly,1951,,article,jstor,1951-04-01,2,2,http://www.jstor.org/stable/2866209,,Folger Shakespeare Library,eng,,,,365,2,unigram; bigram; trigram
http://www.jstor.org/stable/2867362,Review Article,Shakespeare Quarterly,1958,,article,jstor,1958-07-01,3,9,http://www.jstor.org/stable/2867362,Nati Krivatsy,Folger Shakespeare Library,eng,416,416,,126,1,unigram; bigram; trigram
http://www.jstor.org/stable/2866352,Back Matter,Shakespeare Quarterly,1954,,article,jstor,1954-07-01,3,5,http://www.jstor.org/stable/2866352,,Folger Shakespeare Library,eng,340,340,,637,1,unigram; bigram; trigram
http://www.jstor.org/stable/2869032,Renaissance Politics and Pageantry,Shakespeare Quarterly,1976,,article,jstor,1976-04-01,2,27,http://www.jstor.org/stable/2869032,Bruce R. Smith,Folger Shakespeare Library,eng,210,215,,1984,5,unigram; bigram; trigram
http://www.jstor.org/stable/2868806,Shakespeare's Isabella,Shakespeare Quarterly,1971,,article,jstor,1971-04-01,2,22,http://www.jstor.org/stable/2868806,George L. Geckle,Folger Shakespeare Library,eng,163,168,,3474,6,unigram; bigram; trigram
http://www.jstor.org/stable/2867910,King Lear and the Prodigal Son,Shakespeare Quarterly,1966,,article,jstor,1966-10-01,4,17,http://www.jstor.org/stable/2867910,Susan Snyder,Folger Shakespeare Library,eng,361,369,,4751,9,unigram; bigram; trigram
http://www.jstor.org/stable/2868018,Shakespeare in San Diego the Thirteenth Season,Shakespeare Quarterly,1962,,article,jstor,1962-10-01,4,13,http://www.jstor.org/stable/2868018,Eleanor Prosser,Folger Shakespeare Library,eng,529,535,,4080,7,unigram; bigram; trigram
http://www.jstor.org/stable/2868943,"New York Shakespeare Festival, Summer 1974",Shakespeare Quarterly,1974,,article,jstor,1974-10-01,4,25,http://www.jstor.org/stable/2868943,Jack J. Jorgens,Folger Shakespeare Library,eng,410,414,,2763,5,unigram; bigram; trigram
http://www.jstor.org/stable/2902172,Back Matter,Shakespeare Quarterly,2000,,article,jstor,2000-10-01,3,51,http://www.jstor.org/stable/2902172,,Folger Shakespeare Library,eng,397,398,,4196,7,unigram; bigram; trigram
http://www.jstor.org/stable/2870667,Review Article,Shakespeare Quarterly,1991,,article,jstor,1991-04-01,1,42,http://www.jstor.org/stable/2870667,Joan Hutton Landis,Folger Shakespeare Library,eng,113,115,,1056,3,unigram; bigram; trigram
http://www.jstor.org/stable/40985591,Shakespeare Goes Digital: Three Open Internet Editions,Shakespeare Quarterly,2010,,article,jstor,2010-10-01,3,61,http://www.jstor.org/stable/40985591,Andrew Murphy,Folger Shakespeare Library,eng,401,414,,5913,14,unigram; bigram; trigram
http://www.jstor.org/stable/2902137,Review Article,Shakespeare Quarterly,2000,,article,jstor,2000-07-01,2,51,http://www.jstor.org/stable/2902137,Pamela Brown,Folger Shakespeare Library,eng,233,235,,1291,3,unigram; bigram; trigram
http://www.jstor.org/stable/2902234,The Doubled Jaques and Constructions of Negation in As You Like It,Shakespeare Quarterly,1998,,article,jstor,1998-12-01,4,49,http://www.jstor.org/stable/2902234,Cynthia Marshall,Folger Shakespeare Library,eng,375,392,,10435,18,unigram; bigram; trigram
http://www.jstor.org/stable/2867193,Review Article,Shakespeare Quarterly,1958,,article,jstor,1958-01-01,1,9,http://www.jstor.org/stable/2867193,Harold S. Wilson,Folger Shakespeare Library,eng,81,82,,505,2,unigram; bigram; trigram
http://www.jstor.org/stable/2867889,[Illustration]: Playbill of the Camp Street Theatre,Shakespeare Quarterly,1964,,article,jstor,1964-04-01,2,15,http://www.jstor.org/stable/2867889,,Folger Shakespeare Library,eng,176,176,,259,1,unigram; bigram; trigram
http://www.jstor.org/stable/2869523,Shakespeare in Upstate New York and Western New England,Shakespeare Quarterly,1980,,article,jstor,1980-07-01,2,31,http://www.jstor.org/stable/2869523,Thomson H. Littlefield; Hugh Maclean,Folger Shakespeare Library,eng,181,184,,3216,4,unigram; bigram; trigram
http://www.jstor.org/stable/2869870,"Shakespeare in New Jersey, 1983",Shakespeare Quarterly,1983,,article,jstor,1983-12-01,4,34,http://www.jstor.org/stable/2869870,Frank Occhiogrosso,Folger Shakespeare Library,eng,476,478,,1299,3,unigram; bigram; trigram
http://www.jstor.org/stable/2870692,Review Article,Shakespeare Quarterly,1986,,article,jstor,1986-12-01,4,37,http://www.jstor.org/stable/2870692,David George,Folger Shakespeare Library,eng,525,529,,3233,5,unigram; bigram; trigram
http://www.jstor.org/stable/2871061,Review Article,Shakespeare Quarterly,1996,,article,jstor,1996-04-01,1,47,http://www.jstor.org/stable/2871061,Laura Lunger Knoppers,Folger Shakespeare Library,eng,81,82,,739,2,unigram; bigram; trigram
http://www.jstor.org/stable/2870711,Review Article,Shakespeare Quarterly,1988,,article,jstor,1988-12-01,4,39,http://www.jstor.org/stable/2870711,Karen Newman,Folger Shakespeare Library,eng,501,503,,2027,3,unigram; bigram; trigram
http://www.jstor.org/stable/2871262,Review Article,Shakespeare Quarterly,1997,,article,jstor,1997-12-01,4,48,http://www.jstor.org/stable/2871262,G. B. Shand,Folger Shakespeare Library,eng,477,480,,1881,4,unigram; bigram; trigram
http://www.jstor.org/stable/41679747,Love's Rites: Performing Prayer in Shakespeare's Sonnets,Shakespeare Quarterly,2012,,article,jstor,2012-07-01,2,63,http://www.jstor.org/stable/41679747,Rhema Hokama,Folger Shakespeare Library,eng,199,223,,12028,25,unigram; bigram; trigram
http://www.jstor.org/stable/4625017,Review Article,Shakespeare Quarterly,2007,,article,jstor,2007-12-01,4,58,http://www.jstor.org/stable/4625017,Phebe Jensen,Folger Shakespeare Library,eng,542,544,,1155,3,unigram; bigram; trigram
http://www.jstor.org/stable/2869384,Those Old Songs and Dances,Shakespeare Quarterly,1980,,article,jstor,1980-04-01,1,31,http://www.jstor.org/stable/2869384,Philip Brett,Folger Shakespeare Library,eng,109,111,,1698,3,unigram; bigram; trigram
http://www.jstor.org/stable/2871386,Review Article,Shakespeare Quarterly,1996,,article,jstor,1996-10-01,3,47,http://www.jstor.org/stable/2871386,Susan Frye,Folger Shakespeare Library,eng,339,340,,1005,2,unigram; bigram; trigram
http://www.jstor.org/stable/2868222,Review Article,Shakespeare Quarterly,1968,,article,jstor,1968-04-01,2,19,http://www.jstor.org/stable/2868222,Louise George Clubb,Folger Shakespeare Library,eng,180,181,,362,2,unigram; bigram; trigram
http://www.jstor.org/stable/2869485,Shakespeare for Teachers,Shakespeare Quarterly,1979,,article,jstor,1979-07-01,3,30,http://www.jstor.org/stable/2869485,Virgil K. Whitaker,Folger Shakespeare Library,eng,429,433,,2950,5,unigram; bigram; trigram
http://www.jstor.org/stable/2869083,William Poel on the Speaking of Shakespearean Verse: A Reevaluation,Shakespeare Quarterly,1977,,article,jstor,1977-07-01,3,28,http://www.jstor.org/stable/2869083,Stephen C. Schultz,Folger Shakespeare Library,eng,334,350,,9352,17,unigram; bigram; trigram
http://www.jstor.org/stable/2870006,Jonathan Miller on The Shakespeare Plays,Shakespeare Quarterly,1981,,article,jstor,1981-07-01,2,32,http://www.jstor.org/stable/2870006,Tim Hallinan,Folger Shakespeare Library,eng,134,145,,7374,12,unigram; bigram; trigram
http://www.jstor.org/stable/2868367,Review Article,Shakespeare Quarterly,1973,,article,jstor,1973-07-01,3,24,http://www.jstor.org/stable/2868367,Sidney Thomas,Folger Shakespeare Library,eng,344,345,,605,2,unigram; bigram; trigram
http://www.jstor.org/stable/2869609,Ideal Conduct in Venus and Adonis,Shakespeare Quarterly,1975,,article,jstor,1975-07-01,3,26,http://www.jstor.org/stable/2869609,W. R. Streitberger,Folger Shakespeare Library,eng,285,291,,4225,7,unigram; bigram; trigram
http://www.jstor.org/stable/2866855,Troilus and Cressida,Shakespeare Quarterly,1959,,article,jstor,1959-07-01,3,10,http://www.jstor.org/stable/2866855,A. S. Knowland,Folger Shakespeare Library,eng,353,365,,6727,13,unigram; bigram; trigram
http://www.jstor.org/stable/24778581,Front Matter,Shakespeare Quarterly,2014,,article,jstor,2014-10-01,3,65,http://www.jstor.org/stable/24778581,,Folger Shakespeare Library,eng,,,,706,4,unigram; bigram; trigram
http://www.jstor.org/stable/2870208,Review Article,Shakespeare Quarterly,1986,,article,jstor,1986-04-01,1,37,http://www.jstor.org/stable/2870208,James H. Maddox,Folger Shakespeare Library,eng,135,136,,965,2,unigram; bigram; trigram
http://www.jstor.org/stable/2870944,Review Article,Shakespeare Quarterly,1988,,article,jstor,1988-10-01,3,39,http://www.jstor.org/stable/2870944,Craig Monson,Folger Shakespeare Library,eng,386,390,,2327,5,unigram; bigram; trigram
http://www.jstor.org/stable/2870486,"Hardyng's ""Chronicle"" and Shakespeare's Hotspur",Shakespeare Quarterly,1990,,article,jstor,1990-10-01,3,41,http://www.jstor.org/stable/2870486,Gilian West,Folger Shakespeare Library,eng,348,351,,1816,4,unigram; bigram; trigram
http://www.jstor.org/stable/2866433,"Shakespeare's Use of the Upper Stage in Romeo and Juliet, III.v",Shakespeare Quarterly,1956,,article,jstor,1956-04-01,2,7,http://www.jstor.org/stable/2866433,John Cranford Adams,Folger Shakespeare Library,eng,145,152,,3990,8,unigram; bigram; trigram
http://www.jstor.org/stable/2866327,Back Matter,Shakespeare Quarterly,1952,,article,jstor,1952-07-01,3,3,http://www.jstor.org/stable/2866327,,Folger Shakespeare Library,eng,294,295,,669,2,unigram; bigram; trigram
http://www.jstor.org/stable/2867580,Annuals and Special Issues,Shakespeare Quarterly,1965,,article,jstor,1965-07-01,3,16,http://www.jstor.org/stable/2867580,Robert W. Dent,Folger Shakespeare Library,eng,6,15,,5147,10,unigram; bigram; trigram
http://www.jstor.org/stable/2870107,"""Some there be that shadows kiss"": A Note on The Merchant of Venice, II.ix.65",Shakespeare Quarterly,1986,,article,jstor,1986-10-01,3,37,http://www.jstor.org/stable/2870107,Robert McMahon,Folger Shakespeare Library,eng,371,373,,972,3,unigram; bigram; trigram
http://www.jstor.org/stable/2869316,Utah Shakespearean Festival,Shakespeare Quarterly,1979,,article,jstor,1979-04-01,2,30,http://www.jstor.org/stable/2869316,William S. Goodfellow,Folger Shakespeare Library,eng,229,231,,2062,3,unigram; bigram; trigram
http://www.jstor.org/stable/41679762,Review Article,Shakespeare Quarterly,2012,,article,jstor,2012-07-01,2,63,http://www.jstor.org/stable/41679762,Richard C. McCoy,Folger Shakespeare Library,eng,280,283,,1141,4,unigram; bigram; trigram
http://www.jstor.org/stable/2868338,Notes and Comments,Shakespeare Quarterly,1964,,article,jstor,1964-07-01,3,15,http://www.jstor.org/stable/2868338,,Folger Shakespeare Library,eng,240,240,,312,1,unigram; bigram; trigram
http://www.jstor.org/stable/2866328,[Illustration: The Charter of Incorporation],Shakespeare Quarterly,1954,,article,jstor,1954-07-01,3,5,http://www.jstor.org/stable/2866328,,Folger Shakespeare Library,eng,246,246,,446,1,unigram; bigram; trigram
http://www.jstor.org/stable/2866653,"Fools, Fowls, and Perttaunt-Like in Love's Labour's Lost",Shakespeare Quarterly,1951,,article,jstor,1951-07-01,3,2,http://www.jstor.org/stable/2866653,Weston Babcock,Folger Shakespeare Library,eng,211,219,,4594,9,unigram; bigram; trigram
http://www.jstor.org/stable/2868995,Antony and Cleopatra: How Pompey's Honor Struck a Contemporary,Shakespeare Quarterly,1969,,article,jstor,1969-04-01,2,20,http://www.jstor.org/stable/2868995,Reginald Saner,Folger Shakespeare Library,eng,117,120,,2296,4,unigram; bigram; trigram
http://www.jstor.org/stable/2870179,A New Transparency Or an Old Elitism?,Shakespeare Quarterly,1984,,article,jstor,1984-12-01,4,35,http://www.jstor.org/stable/2870179,Ronald Paulson,Folger Shakespeare Library,eng,492,495,,2736,4,unigram; bigram; trigram
http://www.jstor.org/stable/2870886,"""Sleepest or Wakest thou Iolly Shepheard""",Shakespeare Quarterly,1992,,article,jstor,1992-07-01,2,43,http://www.jstor.org/stable/2870886,David Greer,Folger Shakespeare Library,eng,224,226,,1170,3,unigram; bigram; trigram
http://www.jstor.org/stable/2866901,"Gentlemen, You are Welcome to Elsinore",Shakespeare Quarterly,1962,,article,jstor,1962-01-01,1,13,http://www.jstor.org/stable/2866901,Helen E. Sandison,Folger Shakespeare Library,eng,79,81,,1439,5,unigram; bigram; trigram
http://www.jstor.org/stable/2870499,"The Additions to ""The Second Maiden's Tragedy"": Shakespeare or Middleton?",Shakespeare Quarterly,1990,,article,jstor,1990-10-01,3,41,http://www.jstor.org/stable/2870499,MacD. P. Jackson,Folger Shakespeare Library,eng,402,405,,2699,4,unigram; bigram; trigram
http://www.jstor.org/stable/4625008,Back Matter,Shakespeare Quarterly,2007,,article,jstor,2007-10-01,3,58,http://www.jstor.org/stable/4625008,,Folger Shakespeare Library,eng,421,423,,2396,12,unigram; bigram; trigram
http://www.jstor.org/stable/2866659,Shakespeare Festival at Hofstra College,Shakespeare Quarterly,1951,,article,jstor,1951-07-01,3,2,http://www.jstor.org/stable/2866659,Alice Venezky,Folger Shakespeare Library,eng,253,253,,399,1,unigram; bigram; trigram
http://www.jstor.org/stable/2866101,[Illustration: Early American Playbill],Shakespeare Quarterly,1955,,article,jstor,1955-10-01,4,6,http://www.jstor.org/stable/2866101,,Folger Shakespeare Library,eng,482,483,,863,2,unigram; bigram; trigram
http://www.jstor.org/stable/2870727,John Stow's Storm and the Demolition of the Theatre,Shakespeare Quarterly,1989,,article,jstor,1989-10-01,3,40,http://www.jstor.org/stable/2870727,Ann Jennalie Cook,Folger Shakespeare Library,eng,327,328,,924,2,unigram; bigram; trigram
http://www.jstor.org/stable/2870752,"The Sonnet's Body and the Body Sonnetized in ""Romeo and Juliet""",Shakespeare Quarterly,1989,,article,jstor,1989-04-01,1,40,http://www.jstor.org/stable/2870752,Gayle Whittier,Folger Shakespeare Library,eng,27,41,,8569,15,unigram; bigram; trigram
http://www.jstor.org/stable/2870996,Front Matter,Shakespeare Quarterly,1993,,article,jstor,1993-12-01,4,44,http://www.jstor.org/stable/2870996,,Folger Shakespeare Library,eng,i,ii,,749,4,unigram; bigram; trigram
http://www.jstor.org/stable/2868239,New Harvey Marginalia on Hamlet and Richard III,Shakespeare Quarterly,1966,,article,jstor,1966-04-01,2,17,http://www.jstor.org/stable/2868239,F. D. Hoeniger,Folger Shakespeare Library,eng,151,155,,1604,5,unigram; bigram; trigram
http://www.jstor.org/stable/2867459,[Illustration]: View of Paris as known to the Elizabethans,Shakespeare Quarterly,1961,,article,jstor,1961-10-01,4,12,http://www.jstor.org/stable/2867459,,Folger Shakespeare Library,eng,414,414,,86,1,unigram; bigram; trigram
http://www.jstor.org/stable/2866195,Shakespeare on the Academic Stage,Shakespeare Quarterly,1953,,article,jstor,1953-04-01,2,4,http://www.jstor.org/stable/2866195,,Folger Shakespeare Library,eng,213,213,,370,1,unigram; bigram; trigram
http://www.jstor.org/stable/2869567,Biography and Milieu Studies,Shakespeare Quarterly,1976,,article,jstor,1976-10-01,4,27,http://www.jstor.org/stable/2869567,Harrison T. Meserole,Folger Shakespeare Library,eng,418,420,,1278,3,unigram; bigram; trigram
http://www.jstor.org/stable/2866118,Cleopatra's Magnanimity: the Dismissal of the Messenger,Shakespeare Quarterly,1956,,article,jstor,1956-01-01,1,7,http://www.jstor.org/stable/2866118,Joseph S. Stull,Folger Shakespeare Library,eng,73,78,,2991,6,unigram; bigram; trigram
http://www.jstor.org/stable/41350177,Review Article,Shakespeare Quarterly,2012,,article,jstor,2012-04-01,1,63,http://www.jstor.org/stable/41350177,Tom Bishop,Folger Shakespeare Library,eng,133,135,,1192,3,unigram; bigram; trigram
http://www.jstor.org/stable/2866954,Index,Shakespeare Quarterly,1959,,article,jstor,1959-04-01,2,10,http://www.jstor.org/stable/2866954,,Folger Shakespeare Library,eng,317,331,,6575,15,unigram; bigram; trigram
http://www.jstor.org/stable/2869434,"Conferences, Colloquia, Tagungen",Shakespeare Quarterly,1977,,article,jstor,1977-10-01,4,28,http://www.jstor.org/stable/2869434,Harrison T. Meserole,Folger Shakespeare Library,eng,443,444,,313,2,unigram; bigram; trigram
http://www.jstor.org/stable/2870153,Shakespeare and Chapman,Shakespeare Quarterly,1982,,article,jstor,1982-12-01,4,33,http://www.jstor.org/stable/2870153,A. R. Braunmuller,Folger Shakespeare Library,eng,538,540,,1959,3,unigram; bigram; trigram
http://www.jstor.org/stable/41350166,Front Matter,Shakespeare Quarterly,2012,,article,jstor,2012-04-01,1,63,http://www.jstor.org/stable/41350166,,Folger Shakespeare Library,eng,,,,663,4,unigram; bigram; trigram
http://www.jstor.org/stable/2866135,Review Article,Shakespeare Quarterly,1956,,article,jstor,1956-01-01,1,7,http://www.jstor.org/stable/2866135,Margery Bailey,Folger Shakespeare Library,eng,125,127,,1410,3,unigram; bigram; trigram
http://www.jstor.org/stable/3844336,Review Article,Shakespeare Quarterly,2004,,article,jstor,2004-04-01,1,55,http://www.jstor.org/stable/3844336,Michael Harrawood,Folger Shakespeare Library,eng,100,102,,1639,3,unigram; bigram; trigram
http://www.jstor.org/stable/2902235,"""Infinite Space"": Representation and Reformation in Measure for Measure",Shakespeare Quarterly,1998,,article,jstor,1998-12-01,4,49,http://www.jstor.org/stable/2902235,Huston Diehl,Folger Shakespeare Library,eng,393,410,,11083,18,unigram; bigram; trigram
http://www.jstor.org/stable/2869176,Malvolio's Fall,Shakespeare Quarterly,1978,,article,jstor,1978-01-01,1,29,http://www.jstor.org/stable/2869176,David Willbern,Folger Shakespeare Library,eng,85,90,,3111,6,unigram; bigram; trigram
http://www.jstor.org/stable/2867651,Volume Information,Shakespeare Quarterly,1965,,article,jstor,1965-10-01,4,16,http://www.jstor.org/stable/2867651,,Folger Shakespeare Library,eng,i,xx,,8050,19,unigram; bigram; trigram
http://www.jstor.org/stable/2868328,The Time Sense of Antony and Cleopatra,Shakespeare Quarterly,1964,,article,jstor,1964-07-01,3,15,http://www.jstor.org/stable/2868328,David Kaula,Folger Shakespeare Library,eng,211,223,,6702,13,unigram; bigram; trigram
http://www.jstor.org/stable/2871094,[W],Shakespeare Quarterly,1964,,article,jstor,1964-01-01,,15,http://www.jstor.org/stable/2871094,,Folger Shakespeare Library,eng,262,273,,6767,12,unigram; bigram; trigram
http://www.jstor.org/stable/2866068,A Supposed Contemporary Allusion to Shakespeare as a Plagiarist,Shakespeare Quarterly,1955,,article,jstor,1955-10-01,4,6,http://www.jstor.org/stable/2866068,Warren B. Austin,Folger Shakespeare Library,eng,373,380,,4835,8,unigram; bigram; trigram
http://www.jstor.org/stable/2866793,Review Article,Shakespeare Quarterly,1962,,article,jstor,1962-04-01,2,13,http://www.jstor.org/stable/2866793,Irving Ribner,Folger Shakespeare Library,eng,239,240,,833,2,unigram; bigram; trigram
http://www.jstor.org/stable/2869941,Renewing Literary History,Shakespeare Quarterly,1984,,article,jstor,1984-07-01,2,35,http://www.jstor.org/stable/2869941,John N. King,Folger Shakespeare Library,eng,237,239,,1310,3,unigram; bigram; trigram
http://www.jstor.org/stable/2902249,Review Article,Shakespeare Quarterly,1998,,article,jstor,1998-12-01,4,49,http://www.jstor.org/stable/2902249,Maurice Charney,Folger Shakespeare Library,eng,456,457,,657,2,unigram; bigram; trigram
http://www.jstor.org/stable/2870481,"""Truth is the Daughter of Time"": Formalism and Realism in Lear's Last Scene",Shakespeare Quarterly,1990,,article,jstor,1990-10-01,3,41,http://www.jstor.org/stable/2870481,Susan E. Linville,Folger Shakespeare Library,eng,309,318,,5526,10,unigram; bigram; trigram
http://www.jstor.org/stable/2869331,Shakespeare in Poland,Shakespeare Quarterly,1979,,article,jstor,1979-04-01,2,30,http://www.jstor.org/stable/2869331,Andrzej Żurowski,Folger Shakespeare Library,eng,290,293,,2263,4,unigram; bigram; trigram
http://www.jstor.org/stable/2871314,Biography and Milieu,Shakespeare Quarterly,1997,,article,jstor,1997-01-01,5,48,http://www.jstor.org/stable/2871314,,Folger Shakespeare Library,eng,540,542,,1927,3,unigram; bigram; trigram
http://www.jstor.org/stable/2869019,Front Matter,Shakespeare Quarterly,1976,,article,jstor,1976-04-01,2,27,http://www.jstor.org/stable/2869019,,Folger Shakespeare Library,eng,129,132,,1288,6,unigram; bigram; trigram
http://www.jstor.org/stable/2868799,The Smock Alley Prompt-Books of 1 and 2 Henry IV,Shakespeare Quarterly,1971,,article,jstor,1971-04-01,2,22,http://www.jstor.org/stable/2868799,Gunnar Sorelius,Folger Shakespeare Library,eng,111,127,,10032,17,unigram; bigram; trigram
http://www.jstor.org/stable/2868199,Shylock's Turquoise Ring,Shakespeare Quarterly,1963,,article,jstor,1963-10-01,4,14,http://www.jstor.org/stable/2868199,Jackson Campbell Boswell,Folger Shakespeare Library,eng,481,483,,1068,3,unigram; bigram; trigram
http://www.jstor.org/stable/2870038,Houston Shakespeare Festival,Shakespeare Quarterly,1981,,article,jstor,1981-07-01,2,32,http://www.jstor.org/stable/2870038,Everett Evans,Folger Shakespeare Library,eng,238,239,,1024,2,unigram; bigram; trigram
http://www.jstor.org/stable/2870096,Reason and Unreason Over the Sonnets,Shakespeare Quarterly,1985,,article,jstor,1985-04-01,1,36,http://www.jstor.org/stable/2870096,John H. Padel,Folger Shakespeare Library,eng,126,127,,1231,2,unigram; bigram; trigram
http://www.jstor.org/stable/3844167,Review Article,Shakespeare Quarterly,2004,,article,jstor,2004-10-01,3,55,http://www.jstor.org/stable/3844167,Joan Pong Linton,Folger Shakespeare Library,eng,358,359,,970,2,unigram; bigram; trigram
http://www.jstor.org/stable/2869989,Festschriften and Analyzed Collections,Shakespeare Quarterly,1981,,article,jstor,1981-12-01,4,32,http://www.jstor.org/stable/2869989,Harrison T. Meserole; John B. Smith,Folger Shakespeare Library,eng,436,441,,4653,6,unigram; bigram; trigram
http://www.jstor.org/stable/2868500,Review Article,Shakespeare Quarterly,1968,,article,jstor,1968-10-01,4,19,http://www.jstor.org/stable/2868500,A. R. Humphreys,Folger Shakespeare Library,eng,395,396,,654,2,unigram; bigram; trigram
http://www.jstor.org/stable/2902306,Review Article,Shakespeare Quarterly,1998,,article,jstor,1998-07-01,2,49,http://www.jstor.org/stable/2902306,Jeanne Addison Roberts,Folger Shakespeare Library,eng,217,218,,677,2,unigram; bigram; trigram
http://www.jstor.org/stable/2867368,An Unfinished Prompt-Book,Shakespeare Quarterly,1958,,article,jstor,1958-07-01,3,9,http://www.jstor.org/stable/2867368,Kenneth Muir,Folger Shakespeare Library,eng,420,422,,488,3,unigram; bigram; trigram
http://www.jstor.org/stable/40210286,Review Article,Shakespeare Quarterly,2008,,article,jstor,2008-10-01,3,59,http://www.jstor.org/stable/40210286,Frank Nicholas Clary,Folger Shakespeare Library,eng,343,345,,1195,3,unigram; bigram; trigram
http://www.jstor.org/stable/2871052,"The Question of the One and the Many: The Globe Shakespeare, The Complete King Lear, and The New Folger Library Shakespeare",Shakespeare Quarterly,1995,,article,jstor,1995-07-01,2,46,http://www.jstor.org/stable/2871052,Margreta De Grazia,Folger Shakespeare Library,eng,245,251,,3803,7,unigram; bigram; trigram
http://www.jstor.org/stable/2867346,John Gregory's Shakespeare Bas-reliefs,Shakespeare Quarterly,1958,,article,jstor,1958-07-01,3,9,http://www.jstor.org/stable/2867346,Abram Belskie,Folger Shakespeare Library,eng,397,398,,876,4,unigram; bigram; trigram
http://www.jstor.org/stable/40210266,Review Article,Shakespeare Quarterly,2008,,article,jstor,2008-07-01,2,59,http://www.jstor.org/stable/40210266,Sean Keilen,Folger Shakespeare Library,eng,213,216,,1551,4,unigram; bigram; trigram
http://www.jstor.org/stable/2868170,The Grants of Arms to Shakespeare's Father,Shakespeare Quarterly,1963,,article,jstor,1963-10-01,4,14,http://www.jstor.org/stable/2868170,Raymond Carter Sutherland,Folger Shakespeare Library,eng,379,385,,4199,7,unigram; bigram; trigram
http://www.jstor.org/stable/2867243,"Hamlet, the Pseudo-Procrastinator",Shakespeare Quarterly,1958,,article,jstor,1958-04-01,2,9,http://www.jstor.org/stable/2867243,"Robert R. Reed, Jr.",Folger Shakespeare Library,eng,177,186,,5737,10,unigram; bigram; trigram
http://www.jstor.org/stable/3844357,Review Article,Shakespeare Quarterly,2002,,article,jstor,2002-10-01,3,53,http://www.jstor.org/stable/3844357,Elizabeth D. Harvey,Folger Shakespeare Library,eng,410,412,,1633,3,unigram; bigram; trigram
http://www.jstor.org/stable/2871276,Front Matter,Shakespeare Quarterly,1997,,article,jstor,1997-07-01,2,48,http://www.jstor.org/stable/2871276,,Folger Shakespeare Library,eng,i,ii,,667,4,unigram; bigram; trigram
http://www.jstor.org/stable/2868218,Review Article,Shakespeare Quarterly,1968,,article,jstor,1968-04-01,2,19,http://www.jstor.org/stable/2868218,Sergio Baldi,Folger Shakespeare Library,eng,175,177,,1312,3,unigram; bigram; trigram
http://www.jstor.org/stable/2869961,"The Dating of Sir Edward Dering's Copy of ""The History of King Henry the Fourth""",Shakespeare Quarterly,1986,,article,jstor,1986-07-01,2,37,http://www.jstor.org/stable/2869961,Laetitia Yeandle,Folger Shakespeare Library,eng,224,226,,1595,3,unigram; bigram; trigram
http://www.jstor.org/stable/2866952,"Collections, Editions, and Translations",Shakespeare Quarterly,1959,,article,jstor,1959-04-01,2,10,http://www.jstor.org/stable/2866952,Paul A. Jorgensen; Robert W. Dent,Folger Shakespeare Library,eng,262,271,,4845,10,unigram; bigram; trigram
http://www.jstor.org/stable/2869629,"Hazlitt and the ""Design"" of Shakespearean Tragedy: A ""Character"" Critic Revisited",Shakespeare Quarterly,1977,,article,jstor,1977-01-01,1,28,http://www.jstor.org/stable/2869629,John Kinnaird,Folger Shakespeare Library,eng,22,39,,9627,18,unigram; bigram; trigram
http://www.jstor.org/stable/2869560,Back Matter,Shakespeare Quarterly,1980,,article,jstor,1980-07-01,2,31,http://www.jstor.org/stable/2869560,,Folger Shakespeare Library,eng,298,304,,1274,7,unigram; bigram; trigram
http://www.jstor.org/stable/2869864,"Shakespeare in England, 1983",Shakespeare Quarterly,1983,,article,jstor,1983-12-01,4,34,http://www.jstor.org/stable/2869864,Roger Warren,Folger Shakespeare Library,eng,451,460,,7544,10,unigram; bigram; trigram
http://www.jstor.org/stable/2871063,Review Article,Shakespeare Quarterly,1996,,article,jstor,1996-04-01,1,47,http://www.jstor.org/stable/2871063,Susan Snyder,Folger Shakespeare Library,eng,84,85,,1117,2,unigram; bigram; trigram
http://www.jstor.org/stable/2866090,Review Article,Shakespeare Quarterly,1955,,article,jstor,1955-10-01,4,6,http://www.jstor.org/stable/2866090,Roy W. Battenhouse,Folger Shakespeare Library,eng,469,470,,298,2,unigram; bigram; trigram
http://www.jstor.org/stable/2866631,Review Article,Shakespeare Quarterly,1955,,article,jstor,1955-07-01,3,6,http://www.jstor.org/stable/2866631,Charles Beecher Hogan,Folger Shakespeare Library,eng,353,354,,520,2,unigram; bigram; trigram
http://www.jstor.org/stable/2866514,A Note on Titus Andronicus IV. ii. 32-36,Shakespeare Quarterly,1952,,article,jstor,1952-04-01,2,3,http://www.jstor.org/stable/2866514,Edward S. Brubaker,Folger Shakespeare Library,eng,140,140,,368,1,unigram; bigram; trigram
http://www.jstor.org/stable/2869842,Shakespeare Meets The Karamazovs,Shakespeare Quarterly,1983,,article,jstor,1983-07-01,2,34,http://www.jstor.org/stable/2869842,Albert E. Kalson,Folger Shakespeare Library,eng,227,228,,966,2,unigram; bigram; trigram
http://www.jstor.org/stable/2866915,Notes and Comments,Shakespeare Quarterly,1962,,article,jstor,1962-01-01,1,13,http://www.jstor.org/stable/2866915,,Folger Shakespeare Library,eng,129,132,,1520,4,unigram; bigram; trigram
http://www.jstor.org/stable/2867409,"[Illustration]: Bust of Shakespeare, Leeds Pottery, Late 18th Century",Shakespeare Quarterly,1961,,article,jstor,1961-04-01,2,12,http://www.jstor.org/stable/2867409,,Folger Shakespeare Library,eng,,,,28,1,unigram; bigram; trigram
http://www.jstor.org/stable/2869096,The New Arden Twelth Night,Shakespeare Quarterly,1977,,article,jstor,1977-07-01,3,28,http://www.jstor.org/stable/2869096,Peter Davison,Folger Shakespeare Library,eng,378,382,,2654,5,unigram; bigram; trigram
http://www.jstor.org/stable/3844078,Back Matter,Shakespeare Quarterly,2002,,article,jstor,2002-07-01,2,53,http://www.jstor.org/stable/3844078,,Folger Shakespeare Library,eng,280,281,,3367,13,unigram; bigram; trigram
http://www.jstor.org/stable/2869817,A World of Shakespeare,Shakespeare Quarterly,1982,,article,jstor,1982-07-01,2,33,http://www.jstor.org/stable/2869817,David Stuart Rodes,Folger Shakespeare Library,eng,239,241,,1925,3,unigram; bigram; trigram
http://www.jstor.org/stable/2868407,Review Article,Shakespeare Quarterly,1970,,article,jstor,1970-01-01,,1,http://www.jstor.org/stable/2868407,Matthew W. Black,Folger Shakespeare Library,eng,86,86,,302,1,unigram; bigram; trigram
http://www.jstor.org/stable/2867502,Review Article,Shakespeare Quarterly,1960,,article,jstor,1960-10-01,4,11,http://www.jstor.org/stable/2867502,Bror Danielsson,Folger Shakespeare Library,eng,488,489,,698,2,unigram; bigram; trigram
http://www.jstor.org/stable/2868903,Back Matter,Shakespeare Quarterly,1974,,article,jstor,1974-01-01,1,25,http://www.jstor.org/stable/2868903,,Folger Shakespeare Library,eng,148,148,,342,1,unigram; bigram; trigram
http://www.jstor.org/stable/3844301,Back Matter,Shakespeare Quarterly,2004,,article,jstor,2004-07-01,2,55,http://www.jstor.org/stable/3844301,,Folger Shakespeare Library,eng,242,243,,3117,12,unigram; bigram; trigram
http://www.jstor.org/stable/2867491,Shakespeare in the Rockies: III,Shakespeare Quarterly,1960,,article,jstor,1960-10-01,4,11,http://www.jstor.org/stable/2867491,Robert L. Perkin,Folger Shakespeare Library,eng,461,465,,2710,5,unigram; bigram; trigram
http://www.jstor.org/stable/24778574,Celebrity Culture and the Problem of Biography,Shakespeare Quarterly,2014,,article,jstor,2014-12-01,4,65,http://www.jstor.org/stable/24778574,Joseph Roach,Folger Shakespeare Library,eng,470,481,,4142,12,unigram; bigram; trigram
http://www.jstor.org/stable/2870569,"An Absurdist ""All's Well"" at American Shakespeare Repertory",Shakespeare Quarterly,1987,,article,jstor,1987-07-01,2,38,http://www.jstor.org/stable/2870569,Bernice W. Kliman,Folger Shakespeare Library,eng,240,242,,2015,3,unigram; bigram; trigram
http://www.jstor.org/stable/2870142,Shakespeare in Switzerland,Shakespeare Quarterly,1982,,article,jstor,1982-12-01,4,33,http://www.jstor.org/stable/2870142,Balz Engler,Folger Shakespeare Library,eng,518,519,,701,2,unigram; bigram; trigram
http://www.jstor.org/stable/2866205,A German Producer's Hamlet,Shakespeare Quarterly,1950,,article,jstor,1950-01-01,1,1,http://www.jstor.org/stable/2866205,Elmer Edgar Stoll,Folger Shakespeare Library,eng,36,43,,4748,8,unigram; bigram; trigram
http://www.jstor.org/stable/2868119,"Shakespeare and Other English Dramatists at Cambridge, Ca. 1700",Shakespeare Quarterly,1964,,article,jstor,1964-10-01,4,15,http://www.jstor.org/stable/2868119,Mark H. Curtis,Folger Shakespeare Library,eng,445,446,,538,2,unigram; bigram; trigram
http://www.jstor.org/stable/2869521,Shakespeare in Maine: 1979,Shakespeare Quarterly,1980,,article,jstor,1980-07-01,2,31,http://www.jstor.org/stable/2869521,H. R. Coursen,Folger Shakespeare Library,eng,176,179,,2572,4,unigram; bigram; trigram
http://www.jstor.org/stable/2869541,Shakespeare in Louisville,Shakespeare Quarterly,1980,,article,jstor,1980-07-01,2,31,http://www.jstor.org/stable/2869541,Catherine R. Lewis,Folger Shakespeare Library,eng,227,229,,1780,3,unigram; bigram; trigram
http://www.jstor.org/stable/2867668,The Great Lakes Shakespeare Festival,Shakespeare Quarterly,1965,,article,jstor,1965-10-01,4,16,http://www.jstor.org/stable/2867668,Robert G. Shedd,Folger Shakespeare Library,eng,341,342,,895,2,unigram; bigram; trigram
http://www.jstor.org/stable/2867229,Back Matter,Shakespeare Quarterly,1960,,article,jstor,1960-04-01,2,11,http://www.jstor.org/stable/2867229,,Folger Shakespeare Library,eng,238,238,,466,1,unigram; bigram; trigram
http://www.jstor.org/stable/2869732,Television Shakespeare,Shakespeare Quarterly,1982,,article,jstor,1982-10-01,3,33,http://www.jstor.org/stable/2869732,Stanley Wells,Folger Shakespeare Library,eng,261,277,,10092,17,unigram; bigram; trigram
http://www.jstor.org/stable/2871050,Using Films to Teach Shakespeare,Shakespeare Quarterly,1995,,article,jstor,1995-07-01,2,46,http://www.jstor.org/stable/2871050,Michael J. Collins,Folger Shakespeare Library,eng,228,235,,3957,8,unigram; bigram; trigram
http://www.jstor.org/stable/2868732,Front Matter,Shakespeare Quarterly,1973,,article,jstor,1973-01-01,1,24,http://www.jstor.org/stable/2868732,,Folger Shakespeare Library,eng,,,,381,2,unigram; bigram; trigram
http://www.jstor.org/stable/2870473,Review Article,Shakespeare Quarterly,1991,,article,jstor,1991-12-01,4,42,http://www.jstor.org/stable/2870473,Emily C. Bartels,Folger Shakespeare Library,eng,501,502,,889,2,unigram; bigram; trigram
http://www.jstor.org/stable/2866516,Notes and Comments,Shakespeare Quarterly,1952,,article,jstor,1952-04-01,2,3,http://www.jstor.org/stable/2866516,,Folger Shakespeare Library,eng,143,145,,1195,3,unigram; bigram; trigram
http://www.jstor.org/stable/2867495,The Fourth Annual Phoenix Shakespeare Festival,Shakespeare Quarterly,1960,,article,jstor,1960-10-01,4,11,http://www.jstor.org/stable/2867495,Jerry H. Bryant; James Yeater,Folger Shakespeare Library,eng,473,476,,2163,4,unigram; bigram; trigram
http://www.jstor.org/stable/2867641,"[Illustration]: A Monkey. ""The strain of man's bred out Into babon and monkey""",Shakespeare Quarterly,1967,,article,jstor,1967-10-01,4,18,http://www.jstor.org/stable/2867641,,Folger Shakespeare Library,eng,424,424,,50,1,unigram; bigram; trigram
http://www.jstor.org/stable/2868858,"Othello as an ""Assay of Reason""",Shakespeare Quarterly,1973,,article,jstor,1973-04-01,2,24,http://www.jstor.org/stable/2868858,Philip C. McGuire,Folger Shakespeare Library,eng,198,209,,5910,12,unigram; bigram; trigram
http://www.jstor.org/stable/3844265,"Sociology and Soundscape: Herbert Beerbohm Tree's 1908 ""Merchant of Venice""",Shakespeare Quarterly,2005,,article,jstor,2005-12-01,4,56,http://www.jstor.org/stable/3844265,John Ripley,Folger Shakespeare Library,eng,385,410,,13097,29,unigram; bigram; trigram
http://www.jstor.org/stable/2871081,[J],Shakespeare Quarterly,1964,,article,jstor,1964-01-01,,15,http://www.jstor.org/stable/2871081,,Folger Shakespeare Library,eng,117,122,,3294,6,unigram; bigram; trigram
http://www.jstor.org/stable/2867477,Notes and Comments,Shakespeare Quarterly,1961,,article,jstor,1961-10-01,4,12,http://www.jstor.org/stable/2867477,,Folger Shakespeare Library,eng,470,473,,1591,4,unigram; bigram; trigram
http://www.jstor.org/stable/41819767,"The Autumn King: Remembering the Land in ""King Lear""",Shakespeare Quarterly,2012,,article,jstor,2012-12-01,4,63,http://www.jstor.org/stable/41819767,Jayne Elisabeth Archer; Richard Marggraf Turley; Howard Thomas,Folger Shakespeare Library,eng,518,543,,11716,26,unigram; bigram; trigram
http://www.jstor.org/stable/2868681,The Tempest: Rejection of a Vanity,Shakespeare Quarterly,1972,,article,jstor,1972-10-01,4,23,http://www.jstor.org/stable/2868681,Richard Henze,Folger Shakespeare Library,eng,420,434,,7869,15,unigram; bigram; trigram
http://www.jstor.org/stable/2867449,Notes and Comments,Shakespeare Quarterly,1960,,article,jstor,1960-01-01,1,11,http://www.jstor.org/stable/2867449,,Folger Shakespeare Library,eng,116,117,,530,2,unigram; bigram; trigram
http://www.jstor.org/stable/2870436,Review Article,Shakespeare Quarterly,1987,,article,jstor,1987-12-01,4,38,http://www.jstor.org/stable/2870436,Sheila T. Cavanagh,Folger Shakespeare Library,eng,533,534,,863,2,unigram; bigram; trigram
http://www.jstor.org/stable/2870077,ShakeScene,Shakespeare Quarterly,1985,,article,jstor,1985-04-01,1,36,http://www.jstor.org/stable/2870077,,Folger Shakespeare Library,eng,5,9,,3547,5,unigram; bigram; trigram
http://www.jstor.org/stable/3844126,Review Article,Shakespeare Quarterly,2003,,article,jstor,2003-04-01,1,54,http://www.jstor.org/stable/3844126,Martha Ronk,Folger Shakespeare Library,eng,105,107,,1612,3,unigram; bigram; trigram
http://www.jstor.org/stable/2868842,Feste's Dishonesty: An Interpretation of Twelfth Night I. v. 1-30,Shakespeare Quarterly,1970,,article,jstor,1970-04-01,2,21,http://www.jstor.org/stable/2868842,S. Musgrove,Folger Shakespeare Library,eng,194,196,,1462,3,unigram; bigram; trigram
http://www.jstor.org/stable/2869693,"Shakespeare at the Naval Academy, 1983",Shakespeare Quarterly,1984,,article,jstor,1984-04-01,1,35,http://www.jstor.org/stable/2869693,Charles R. Forker,Folger Shakespeare Library,eng,100,102,,2028,3,unigram; bigram; trigram
http://www.jstor.org/stable/2870832,Review Article,Shakespeare Quarterly,1989,,article,jstor,1989-07-01,2,40,http://www.jstor.org/stable/2870832,Jan McDonald,Folger Shakespeare Library,eng,235,237,,1499,3,unigram; bigram; trigram
http://www.jstor.org/stable/2867148,Review Article,Shakespeare Quarterly,1958,,article,jstor,1958-10-01,4,9,http://www.jstor.org/stable/2867148,Giles E. Dawson,Folger Shakespeare Library,eng,563,564,,1265,2,unigram; bigram; trigram
http://www.jstor.org/stable/2866207,Notes and Comment,Shakespeare Quarterly,1950,,article,jstor,1950-01-01,1,1,http://www.jstor.org/stable/2866207,,Folger Shakespeare Library,eng,47,49,,1365,3,unigram; bigram; trigram
http://www.jstor.org/stable/2868363,Review Article,Shakespeare Quarterly,1973,,article,jstor,1973-07-01,3,24,http://www.jstor.org/stable/2868363,R. L. Widmann,Folger Shakespeare Library,eng,338,341,,1480,4,unigram; bigram; trigram
http://www.jstor.org/stable/2866850,"Current Productions: Theater, Radio, Television, Recordings",Shakespeare Quarterly,1962,,article,jstor,1962-07-01,3,13,http://www.jstor.org/stable/2866850,Robert W. Dent,Folger Shakespeare Library,eng,429,435,,2995,7,unigram; bigram; trigram
http://www.jstor.org/stable/2867029,Review Article,Shakespeare Quarterly,1959,,article,jstor,1959-01-01,1,10,http://www.jstor.org/stable/2867029,Sears Jayne,Folger Shakespeare Library,eng,96,98,,1379,3,unigram; bigram; trigram
http://www.jstor.org/stable/2866254,Current Theater Notes,Shakespeare Quarterly,1951,,article,jstor,1951-10-01,4,2,http://www.jstor.org/stable/2866254,,Folger Shakespeare Library,eng,343,351,,3937,11,unigram; bigram; trigram
http://www.jstor.org/stable/2869456,Bibliographies and Checklists,Shakespeare Quarterly,1978,,article,jstor,1978-10-01,4,29,http://www.jstor.org/stable/2869456,Harrison T. Meserole,Folger Shakespeare Library,eng,474,476,,1546,3,unigram; bigram; trigram
http://www.jstor.org/stable/2866759,Review Article,Shakespeare Quarterly,1953,,article,jstor,1953-07-01,3,4,http://www.jstor.org/stable/2866759,M. A. Shaaber,Folger Shakespeare Library,eng,343,344,,1030,2,unigram; bigram; trigram
http://www.jstor.org/stable/2870498,Review Article,Shakespeare Quarterly,1990,,article,jstor,1990-10-01,3,41,http://www.jstor.org/stable/2870498,Joseph G. Price,Folger Shakespeare Library,eng,400,401,,825,2,unigram; bigram; trigram
http://www.jstor.org/stable/40731146,Review Article,Shakespeare Quarterly,2010,,article,jstor,2010-04-01,1,61,http://www.jstor.org/stable/40731146,Paul E.J. Hammer,Folger Shakespeare Library,eng,134,136,,1173,3,unigram; bigram; trigram
http://www.jstor.org/stable/24778453,Back Matter,Shakespeare Quarterly,2013,,article,jstor,2013-04-01,1,64,http://www.jstor.org/stable/24778453,,Folger Shakespeare Library,eng,,,,2357,6,unigram; bigram; trigram
http://www.jstor.org/stable/2866160,Shakespeare's Tragic Frontier,Shakespeare Quarterly,1950,,article,jstor,1950-10-01,4,1,http://www.jstor.org/stable/2866160,Thomas Marc Parrott,Folger Shakespeare Library,eng,281,285,,2806,5,unigram; bigram; trigram
http://www.jstor.org/stable/2869165,The Uniqueness of Troilus and Cressida,Shakespeare Quarterly,1978,,article,jstor,1978-01-01,1,29,http://www.jstor.org/stable/2869165,David M. Jago,Folger Shakespeare Library,eng,20,27,,4429,8,unigram; bigram; trigram
http://www.jstor.org/stable/2867714,Back Matter,Shakespeare Quarterly,1967,,article,jstor,1967-04-01,2,18,http://www.jstor.org/stable/2867714,,Folger Shakespeare Library,eng,194,194,,284,1,unigram; bigram; trigram
http://www.jstor.org/stable/2868144,Review Article,Shakespeare Quarterly,1963,,article,jstor,1963-01-01,1,14,http://www.jstor.org/stable/2868144,Dale B. J. Randall,Folger Shakespeare Library,eng,76,76,,405,1,unigram; bigram; trigram
http://www.jstor.org/stable/2867451,Volume Information,Shakespeare Quarterly,1961,,article,jstor,1961-10-01,4,12,http://www.jstor.org/stable/2867451,,Folger Shakespeare Library,eng,,,,5296,13,unigram; bigram; trigram
http://www.jstor.org/stable/40985630,"""Johannes fac Totum""?: Shakespeare's First Contact with the Acting Companies",Shakespeare Quarterly,2010,,article,jstor,2010-12-01,4,61,http://www.jstor.org/stable/40985630,Bart van Es,Folger Shakespeare Library,eng,551,577,,13658,27,unigram; bigram; trigram
http://www.jstor.org/stable/2866709,Review Article,Shakespeare Quarterly,1952,,article,jstor,1952-10-01,4,3,http://www.jstor.org/stable/2866709,J. G. M.,Folger Shakespeare Library,eng,378,378,,196,1,unigram; bigram; trigram
http://www.jstor.org/stable/2869561,Front Matter,Shakespeare Quarterly,1976,,article,jstor,1976-10-01,4,27,http://www.jstor.org/stable/2869561,,Folger Shakespeare Library,eng,388,388,,1258,5,unigram; bigram; trigram
http://www.jstor.org/stable/2869169,"Orsino and the Spirit of Love: Text, Syntax, and Sense In Twelfth Night, I. i. 1-15",Shakespeare Quarterly,1978,,article,jstor,1978-01-01,1,29,http://www.jstor.org/stable/2869169,Barry B. Adams,Folger Shakespeare Library,eng,52,59,,4306,8,unigram; bigram; trigram
http://www.jstor.org/stable/2902197,Review Article,Shakespeare Quarterly,1999,,article,jstor,1999-07-01,2,50,http://www.jstor.org/stable/2902197,Jonathan Gil Harris,Folger Shakespeare Library,eng,231,233,,1601,3,unigram; bigram; trigram
http://www.jstor.org/stable/2870129,Touchstone's Little Room,Shakespeare Quarterly,1982,,article,jstor,1982-12-01,4,33,http://www.jstor.org/stable/2870129,R. V. Holdsworth,Folger Shakespeare Library,eng,492,493,,1137,2,unigram; bigram; trigram
http://www.jstor.org/stable/2867035,Review Article,Shakespeare Quarterly,1959,,article,jstor,1959-01-01,1,10,http://www.jstor.org/stable/2867035,Arthur Lithgow,Folger Shakespeare Library,eng,109,110,,471,2,unigram; bigram; trigram
http://www.jstor.org/stable/3844275,Review Article,Shakespeare Quarterly,2005,,article,jstor,2005-12-01,4,56,http://www.jstor.org/stable/3844275,Bruce Danner,Folger Shakespeare Library,eng,493,496,,2135,4,unigram; bigram; trigram
http://www.jstor.org/stable/2870519,Review Article,Shakespeare Quarterly,1987,,article,jstor,1987-10-01,3,38,http://www.jstor.org/stable/2870519,Michael Hattaway,Folger Shakespeare Library,eng,384,388,,1736,4,unigram; bigram; trigram
http://www.jstor.org/stable/2870549,Review Article,Shakespeare Quarterly,1991,,article,jstor,1991-07-01,2,42,http://www.jstor.org/stable/2870549,Anne Lancashire,Folger Shakespeare Library,eng,225,230,,4097,6,unigram; bigram; trigram
http://www.jstor.org/stable/3844307,Structures of Popularity in the Early Modern Book Trade,Shakespeare Quarterly,2005,,article,jstor,2005-07-01,2,56,http://www.jstor.org/stable/3844307,Alan B. Farmer; Zachary Lesser,Folger Shakespeare Library,eng,206,213,,4016,8,unigram; bigram; trigram
http://www.jstor.org/stable/2866458,"The Heart's Meteors, A Microcosm: Macrocosm Analogy",Shakespeare Quarterly,1956,,article,jstor,1956-04-01,2,7,http://www.jstor.org/stable/2866458,"S. K. Heninger, Jr.",Folger Shakespeare Library,eng,273,275,,1233,3,unigram; bigram; trigram
http://www.jstor.org/stable/2866408,Review Article,Shakespeare Quarterly,1955,,article,jstor,1955-04-01,2,6,http://www.jstor.org/stable/2866408,Lawrence Babb,Folger Shakespeare Library,eng,190,190,,479,1,unigram; bigram; trigram
http://www.jstor.org/stable/2866903,Review Article,Shakespeare Quarterly,1962,,article,jstor,1962-01-01,1,13,http://www.jstor.org/stable/2866903,Thomas B. Stroup,Folger Shakespeare Library,eng,82,84,,1147,3,unigram; bigram; trigram
http://www.jstor.org/stable/2871130,Review Article,Shakespeare Quarterly,1995,,article,jstor,1995-10-01,3,46,http://www.jstor.org/stable/2871130,F. David Hoeniger,Folger Shakespeare Library,eng,370,371,,800,2,unigram; bigram; trigram
http://www.jstor.org/stable/2868316,Much Ado About Something,Shakespeare Quarterly,1964,,article,jstor,1964-07-01,3,15,http://www.jstor.org/stable/2868316,Walter N. King,Folger Shakespeare Library,eng,143,155,,7417,13,unigram; bigram; trigram
http://www.jstor.org/stable/2869280,Review Article,Shakespeare Quarterly,1975,,article,jstor,1975-01-01,1,26,http://www.jstor.org/stable/2869280,Jorg Hasler,Folger Shakespeare Library,eng,82,83,,1090,2,unigram; bigram; trigram
http://www.jstor.org/stable/2866813,Back Matter,Shakespeare Quarterly,1962,,article,jstor,1962-04-01,2,13,http://www.jstor.org/stable/2866813,,Folger Shakespeare Library,eng,271,271,,392,1,unigram; bigram; trigram
http://www.jstor.org/stable/2867570,Review Article,Shakespeare Quarterly,1957,,article,jstor,1957-10-01,4,8,http://www.jstor.org/stable/2867570,Leo Kirschbaum,Folger Shakespeare Library,eng,544,546,,1034,3,unigram; bigram; trigram
http://www.jstor.org/stable/2870048,Shakespeare in the San Francisco Bay Area,Shakespeare Quarterly,1981,,article,jstor,1981-07-01,2,32,http://www.jstor.org/stable/2870048,Laurence H. Jacobs,Folger Shakespeare Library,eng,263,267,,3070,5,unigram; bigram; trigram
http://www.jstor.org/stable/2870306,Shakespeare's Gower and Gower's Shakespeare: The Larger Debt of Pericles,Shakespeare Quarterly,1985,,article,jstor,1985-12-01,4,36,http://www.jstor.org/stable/2870306,Richard Hillman,Folger Shakespeare Library,eng,427,437,,5148,11,unigram; bigram; trigram
http://www.jstor.org/stable/2866448,Review Article,Shakespeare Quarterly,1956,,article,jstor,1956-04-01,2,7,http://www.jstor.org/stable/2866448,R. C. Bald,Folger Shakespeare Library,eng,246,248,,1506,3,unigram; bigram; trigram
http://www.jstor.org/stable/2869351,Reference Works,Shakespeare Quarterly,1979,,article,jstor,1979-10-01,4,30,http://www.jstor.org/stable/2869351,Harrison T. Meserole; John B. Smith,Folger Shakespeare Library,eng,478,480,,1195,3,unigram; bigram; trigram
http://www.jstor.org/stable/2867932,Review Article,Shakespeare Quarterly,1966,,article,jstor,1966-10-01,4,17,http://www.jstor.org/stable/2867932,Thomas B. Stroup,Folger Shakespeare Library,eng,434,435,,1063,2,unigram; bigram; trigram
http://www.jstor.org/stable/2866347,Review Article,Shakespeare Quarterly,1954,,article,jstor,1954-07-01,3,5,http://www.jstor.org/stable/2866347,Robert Adger Law,Folger Shakespeare Library,eng,331,332,,250,2,unigram; bigram; trigram
http://www.jstor.org/stable/2867383,Hamlet's Quintessence of Dust,Shakespeare Quarterly,1961,,article,jstor,1961-04-01,2,12,http://www.jstor.org/stable/2867383,Raymond H. Reno,Folger Shakespeare Library,eng,107,113,,3927,7,unigram; bigram; trigram
http://www.jstor.org/stable/2870029,Shakespeare In Atlanta,Shakespeare Quarterly,1981,,article,jstor,1981-07-01,2,32,http://www.jstor.org/stable/2870029,Charles B. Lower,Folger Shakespeare Library,eng,215,217,,1840,3,unigram; bigram; trigram
http://www.jstor.org/stable/2866117,The Transmigration of the Crocodile,Shakespeare Quarterly,1956,,article,jstor,1956-01-01,1,7,http://www.jstor.org/stable/2866117,Daniel Stempel,Folger Shakespeare Library,eng,59,72,,7432,14,unigram; bigram; trigram
http://www.jstor.org/stable/2869152,"Measure for Measure, IV. ii. 41-46",Shakespeare Quarterly,1978,,article,jstor,1978-07-01,3,29,http://www.jstor.org/stable/2869152,Gary Taylor,Folger Shakespeare Library,eng,419,421,,1165,3,unigram; bigram; trigram
http://www.jstor.org/stable/2866732,Sonnet 54,Shakespeare Quarterly,1951,,article,jstor,1951-01-01,1,2,http://www.jstor.org/stable/2866732,William Shakespeare,Folger Shakespeare Library,eng,78,78,,118,1,unigram; bigram; trigram
http://www.jstor.org/stable/2870520,Review Article,Shakespeare Quarterly,1987,,article,jstor,1987-10-01,3,38,http://www.jstor.org/stable/2870520,Alexander Leggatt,Folger Shakespeare Library,eng,388,390,,1263,3,unigram; bigram; trigram
http://www.jstor.org/stable/2867606,The Ancestry of Sir John Falstaff,Shakespeare Quarterly,1966,,article,jstor,1966-01-01,1,17,http://www.jstor.org/stable/2867606,D. B. Landt,Folger Shakespeare Library,eng,69,76,,4144,8,unigram; bigram; trigram
http://www.jstor.org/stable/2867211,Review Article,Shakespeare Quarterly,1960,,article,jstor,1960-04-01,2,11,http://www.jstor.org/stable/2867211,Lewis F. Ball,Folger Shakespeare Library,eng,214,215,,821,2,unigram; bigram; trigram
http://www.jstor.org/stable/2869898,Shakespeare at Lake Tahoe,Shakespeare Quarterly,1983,,article,jstor,1983-10-01,3,34,http://www.jstor.org/stable/2869898,William Babula,Folger Shakespeare Library,eng,344,345,,1013,2,unigram; bigram; trigram
http://www.jstor.org/stable/2866837,Review Article,Shakespeare Quarterly,1962,,article,jstor,1962-07-01,3,13,http://www.jstor.org/stable/2866837,Sears Jayne,Folger Shakespeare Library,eng,357,359,,1051,3,unigram; bigram; trigram
http://www.jstor.org/stable/4123491,Volume Information,Shakespeare Quarterly,2006,,article,jstor,2006-12-01,4,57,http://www.jstor.org/stable/4123491,,Folger Shakespeare Library,eng,499,503,,940,5,unigram; bigram; trigram
http://www.jstor.org/stable/2868870,Review Article,Shakespeare Quarterly,1973,,article,jstor,1973-04-01,2,24,http://www.jstor.org/stable/2868870,Rudolph Habenicht,Folger Shakespeare Library,eng,237,238,,822,2,unigram; bigram; trigram
http://www.jstor.org/stable/2867623,Review Article,Shakespeare Quarterly,1966,,article,jstor,1966-01-01,1,17,http://www.jstor.org/stable/2867623,J. G. M.,Folger Shakespeare Library,eng,99,99,,213,1,unigram; bigram; trigram
http://www.jstor.org/stable/2867813,The Royal Gala of 1830,Shakespeare Quarterly,1963,,article,jstor,1963-07-01,3,14,http://www.jstor.org/stable/2867813,Isabel Roome Mann,Folger Shakespeare Library,eng,263,266,,2069,4,unigram; bigram; trigram
http://www.jstor.org/stable/2866775,The Seven Ages of Man Again,Shakespeare Quarterly,1953,,article,jstor,1953-07-01,3,4,http://www.jstor.org/stable/2866775,Cecil C. Seronsy,Folger Shakespeare Library,eng,364,365,,767,2,unigram; bigram; trigram
http://www.jstor.org/stable/2871301,Review Article,Shakespeare Quarterly,1994,,article,jstor,1994-04-01,1,45,http://www.jstor.org/stable/2871301,Robert Y. Turner,Folger Shakespeare Library,eng,117,120,,2681,4,unigram; bigram; trigram
http://www.jstor.org/stable/2867318,Review Article,Shakespeare Quarterly,1960,,article,jstor,1960-07-01,3,11,http://www.jstor.org/stable/2867318,G. W. O'Brien,Folger Shakespeare Library,eng,381,381,,189,1,unigram; bigram; trigram
http://www.jstor.org/stable/2867199,Front Matter,Shakespeare Quarterly,1960,,article,jstor,1960-04-01,2,11,http://www.jstor.org/stable/2867199,,Folger Shakespeare Library,eng,121,122,,380,2,unigram; bigram; trigram
http://www.jstor.org/stable/2869172,"Finding Shakespeare's ""Lost Years""",Shakespeare Quarterly,1978,,article,jstor,1978-01-01,1,29,http://www.jstor.org/stable/2869172,Robert E. Burkhart,Folger Shakespeare Library,eng,77,79,,2174,3,unigram; bigram; trigram
http://www.jstor.org/stable/2868956,Editions and Translations; Selections and Adaptations,Shakespeare Quarterly,1974,,article,jstor,1974-10-01,4,25,http://www.jstor.org/stable/2868956,Bruce Nesbitt; Thomas F. Grieve,Folger Shakespeare Library,eng,446,450,,2099,5,unigram; bigram; trigram
http://www.jstor.org/stable/2870685,"Shakespeare in San Diego, 1985",Shakespeare Quarterly,1986,,article,jstor,1986-12-01,4,37,http://www.jstor.org/stable/2870685,Michael Flachmann,Folger Shakespeare Library,eng,503,506,,2335,4,unigram; bigram; trigram
http://www.jstor.org/stable/2870195,"""Enter a Sheriffe"": Shakespeare's King John and The Troublesome Raigne",Shakespeare Quarterly,1986,,article,jstor,1986-04-01,1,37,http://www.jstor.org/stable/2870195,Sidney Thomas,Folger Shakespeare Library,eng,98,100,,1218,3,unigram; bigram; trigram
http://www.jstor.org/stable/2867564,San Diego National Shakespeare Festival,Shakespeare Quarterly,1957,,article,jstor,1957-10-01,4,8,http://www.jstor.org/stable/2867564,Charles Frederick Johnson,Folger Shakespeare Library,eng,531,534,,1959,4,unigram; bigram; trigram
http://www.jstor.org/stable/2866941,Review Article,Shakespeare Quarterly,1959,,article,jstor,1959-04-01,2,10,http://www.jstor.org/stable/2866941,Joseph F. Kennedy,Folger Shakespeare Library,eng,241,241,,391,1,unigram; bigram; trigram
http://www.jstor.org/stable/2867646,Time Allotted for an Elizabethan Performance,Shakespeare Quarterly,1967,,article,jstor,1967-10-01,4,18,http://www.jstor.org/stable/2867646,David Klein,Folger Shakespeare Library,eng,434,438,,2157,5,unigram; bigram; trigram
http://www.jstor.org/stable/2869055,Volume Information,Shakespeare Quarterly,1976,,article,jstor,1976-01-01,1,27,http://www.jstor.org/stable/2869055,,Folger Shakespeare Library,eng,,,,817,4,unigram; bigram; trigram
http://www.jstor.org/stable/2868257,[Illustration]: The Right Honovrable Philip,Shakespeare Quarterly,1965,,article,jstor,1965-04-01,2,16,http://www.jstor.org/stable/2868257,,Folger Shakespeare Library,eng,144,144,,353,1,unigram; bigram; trigram
http://www.jstor.org/stable/2867767,[Illustration]: The Engraved Frontispiece to Pierre Perrin's Ariadne,Shakespeare Quarterly,1963,,article,jstor,1963-04-01,2,14,http://www.jstor.org/stable/2867767,,Folger Shakespeare Library,eng,102,102,,75,1,unigram; bigram; trigram
http://www.jstor.org/stable/2871010,Review Article,Shakespeare Quarterly,1993,,article,jstor,1993-12-01,4,44,http://www.jstor.org/stable/2871010,Marianne Novy,Folger Shakespeare Library,eng,497,499,,1679,3,unigram; bigram; trigram
http://www.jstor.org/stable/3648664,Back Matter,Shakespeare Quarterly,2001,,article,jstor,2001-04-01,1,52,http://www.jstor.org/stable/3648664,,Folger Shakespeare Library,eng,174,176,,6905,16,unigram; bigram; trigram
http://www.jstor.org/stable/2871104,The Two Noble Kinsmen in 1993-94,Shakespeare Quarterly,1996,,article,jstor,1996-07-01,2,47,http://www.jstor.org/stable/2871104,Lois Potter,Folger Shakespeare Library,eng,197,203,,4683,7,unigram; bigram; trigram
http://www.jstor.org/stable/2869723,An Important but Imperfect Study of the Lear Texts,Shakespeare Quarterly,1985,,article,jstor,1985-10-01,3,36,http://www.jstor.org/stable/2869723,Paul Werstine,Folger Shakespeare Library,eng,368,370,,1730,3,unigram; bigram; trigram
http://www.jstor.org/stable/2866856,[Illustration]: Westminister as seen from the river. From the engraving by Wenceslaus Hollar (1647).,Shakespeare Quarterly,1959,,article,jstor,1959-07-01,3,10,http://www.jstor.org/stable/2866856,,Folger Shakespeare Library,eng,366,366,,72,1,unigram; bigram; trigram
http://www.jstor.org/stable/2870421,Front Matter,Shakespeare Quarterly,1987,,article,jstor,1987-12-01,4,38,http://www.jstor.org/stable/2870421,,Folger Shakespeare Library,eng,i,ii,,867,4,unigram; bigram; trigram
http://www.jstor.org/stable/2871114,Review Article,Shakespeare Quarterly,1996,,article,jstor,1996-07-01,2,47,http://www.jstor.org/stable/2871114,Susan Baker,Folger Shakespeare Library,eng,223,226,,1950,4,unigram; bigram; trigram
http://www.jstor.org/stable/2869614,Review Article,Shakespeare Quarterly,1975,,article,jstor,1975-07-01,3,26,http://www.jstor.org/stable/2869614,J. R. De J. Jackson,Folger Shakespeare Library,eng,303,305,,858,3,unigram; bigram; trigram
http://www.jstor.org/stable/2869355,"Productions, Stage History",Shakespeare Quarterly,1979,,article,jstor,1979-10-01,4,30,http://www.jstor.org/stable/2869355,Harrison T. Meserole; John B. Smith,Folger Shakespeare Library,eng,485,494,,7383,10,unigram; bigram; trigram
http://www.jstor.org/stable/2902260,"Shakespeare, the Public, and Public Education",Shakespeare Quarterly,1998,,article,jstor,1998-10-01,3,49,http://www.jstor.org/stable/2902260,Karen Cunningham,Folger Shakespeare Library,eng,293,298,,4226,6,unigram; bigram; trigram
http://www.jstor.org/stable/2867172,Front Matter,Shakespeare Quarterly,1958,,article,jstor,1958-01-01,1,9,http://www.jstor.org/stable/2867172,,Folger Shakespeare Library,eng,,,,14,1,unigram; bigram; trigram
http://www.jstor.org/stable/2866361,"Consolidation in Stratford, Ontario",Shakespeare Quarterly,1956,,article,jstor,1956-10-01,4,7,http://www.jstor.org/stable/2866361,Arnold Edinborough,Folger Shakespeare Library,eng,403,406,,1999,4,unigram; bigram; trigram
http://www.jstor.org/stable/2871399,"""You Speak a Language that I Understand Not"": The Rhetoric of Animation in The Winter's Tale",Shakespeare Quarterly,1997,,article,jstor,1997-04-01,1,48,http://www.jstor.org/stable/2871399,Lynn Enterline,Folger Shakespeare Library,eng,17,44,,16648,28,unigram; bigram; trigram
http://www.jstor.org/stable/2868604,[Illustration]: The Tempest,Shakespeare Quarterly,1973,,article,jstor,1973-10-01,4,24,http://www.jstor.org/stable/2868604,,Folger Shakespeare Library,eng,,,,39,1,unigram; bigram; trigram
http://www.jstor.org/stable/2867626,Volume Information,Shakespeare Quarterly,1967,,article,jstor,1967-10-01,4,18,http://www.jstor.org/stable/2867626,,Folger Shakespeare Library,eng,i,xvii,,6716,16,unigram; bigram; trigram
http://www.jstor.org/stable/2870220,"The ""Strumpet's Fool"" in Antony and Cleopatra",Shakespeare Quarterly,1983,,article,jstor,1983-04-01,1,34,http://www.jstor.org/stable/2870220,Gordon P. Jones,Folger Shakespeare Library,eng,62,68,,3382,7,unigram; bigram; trigram
http://www.jstor.org/stable/2902201,Review Article,Shakespeare Quarterly,1999,,article,jstor,1999-07-01,2,50,http://www.jstor.org/stable/2902201,Rebecca W. Bushnell,Folger Shakespeare Library,eng,239,241,,1076,3,unigram; bigram; trigram
http://www.jstor.org/stable/2869492,Back Matter,Shakespeare Quarterly,1979,,article,jstor,1979-07-01,3,30,http://www.jstor.org/stable/2869492,,Folger Shakespeare Library,eng,,,,448,2,unigram; bigram; trigram
http://www.jstor.org/stable/2868000,"[Illustration]: Scene from The Taming of the Shrew, Stratford Shakespearean Festival, Ontario, Canada",Shakespeare Quarterly,1962,,article,jstor,1962-10-01,4,13,http://www.jstor.org/stable/2868000,,Folger Shakespeare Library,eng,,,,38,1,unigram; bigram; trigram
http://www.jstor.org/stable/2871088,[Q],Shakespeare Quarterly,1964,,article,jstor,1964-01-01,,15,http://www.jstor.org/stable/2871088,,Folger Shakespeare Library,eng,192,193,,1056,2,unigram; bigram; trigram
http://www.jstor.org/stable/2869166,The Wooing of Lady Anne: A Psychological Inquiry,Shakespeare Quarterly,1978,,article,jstor,1978-01-01,1,29,http://www.jstor.org/stable/2869166,Donald R. Shupe,Folger Shakespeare Library,eng,28,36,,4201,9,unigram; bigram; trigram
http://www.jstor.org/stable/2868365,Review Article,Shakespeare Quarterly,1973,,article,jstor,1973-07-01,3,24,http://www.jstor.org/stable/2868365,Bernard Spivack,Folger Shakespeare Library,eng,342,343,,977,2,unigram; bigram; trigram
http://www.jstor.org/stable/40210318,The Anachronistic Shrews,Shakespeare Quarterly,2009,,article,jstor,2009-04-01,1,60,http://www.jstor.org/stable/40210318,James J. Marino,Folger Shakespeare Library,eng,25,46,,10514,22,unigram; bigram; trigram
http://www.jstor.org/stable/2869358,Play Groups,Shakespeare Quarterly,1979,,article,jstor,1979-10-01,4,30,http://www.jstor.org/stable/2869358,Harrison T. Meserole; John B. Smith,Folger Shakespeare Library,eng,519,526,,5498,8,unigram; bigram; trigram
http://www.jstor.org/stable/2868591,Back Matter,Shakespeare Quarterly,1972,,article,jstor,1972-04-01,2,23,http://www.jstor.org/stable/2868591,,Folger Shakespeare Library,eng,230,230,,469,1,unigram; bigram; trigram
http://www.jstor.org/stable/2870183,"Stage, World, And Renaissance Instability",Shakespeare Quarterly,1984,,article,jstor,1984-12-01,4,35,http://www.jstor.org/stable/2870183,Jon A. Quitsland,Folger Shakespeare Library,eng,502,505,,2431,4,unigram; bigram; trigram
http://www.jstor.org/stable/2866934,Review Article,Shakespeare Quarterly,1959,,article,jstor,1959-04-01,2,10,http://www.jstor.org/stable/2866934,T. R. Henn,Folger Shakespeare Library,eng,231,234,,2294,4,unigram; bigram; trigram
http://www.jstor.org/stable/3648709,Review Article,Shakespeare Quarterly,2001,,article,jstor,2001-12-01,4,52,http://www.jstor.org/stable/3648709,Skiles Howard,Folger Shakespeare Library,eng,522,524,,1102,3,unigram; bigram; trigram
http://www.jstor.org/stable/2868108,Shakespeare in the Rockies: VII,Shakespeare Quarterly,1964,,article,jstor,1964-10-01,4,15,http://www.jstor.org/stable/2868108,Robert L. Perkin,Folger Shakespeare Library,eng,427,431,,2457,5,unigram; bigram; trigram
http://www.jstor.org/stable/2868253,Back Matter,Shakespeare Quarterly,1966,,article,jstor,1966-04-01,2,17,http://www.jstor.org/stable/2868253,,Folger Shakespeare Library,eng,191,191,,268,1,unigram; bigram; trigram
http://www.jstor.org/stable/2870397,From the Editor,Shakespeare Quarterly,1987,,article,jstor,1987-04-01,1,38,http://www.jstor.org/stable/2870397,,Folger Shakespeare Library,eng,iii,iv,,786,2,unigram; bigram; trigram
http://www.jstor.org/stable/2869185,Shakespeare as Feminist,Shakespeare Quarterly,1978,,article,jstor,1978-01-01,1,29,http://www.jstor.org/stable/2869185,Janis Butler Holm,Folger Shakespeare Library,eng,110,112,,1250,3,unigram; bigram; trigram
http://www.jstor.org/stable/44990249,Front Matter,Shakespeare Quarterly,1990,,article,jstor,1990-01-01,5,41,http://www.jstor.org/stable/44990249,,Oxford University Press,eng,,,,653,4,unigram; bigram; trigram
http://www.jstor.org/stable/2870169,Three Productions of Shakespeare in Spain,Shakespeare Quarterly,1984,,article,jstor,1984-12-01,4,35,http://www.jstor.org/stable/2870169,M. A. Conejero,Folger Shakespeare Library,eng,468,470,,1570,3,unigram; bigram; trigram
http://www.jstor.org/stable/2868206,Front Matter,Shakespeare Quarterly,1968,,article,jstor,1968-04-01,2,19,http://www.jstor.org/stable/2868206,,Folger Shakespeare Library,eng,105,106,,554,3,unigram; bigram; trigram
http://www.jstor.org/stable/2868962,Selected Reprints,Shakespeare Quarterly,1974,,article,jstor,1974-10-01,4,25,http://www.jstor.org/stable/2868962,Bruce Nesbitt; Thomas F. Grieve,Folger Shakespeare Library,eng,519,524,,2313,6,unigram; bigram; trigram
http://www.jstor.org/stable/2871085,[N],Shakespeare Quarterly,1964,,article,jstor,1964-01-01,,15,http://www.jstor.org/stable/2871085,,Folger Shakespeare Library,eng,164,169,,3242,6,unigram; bigram; trigram
http://www.jstor.org/stable/2867620,Review Article,Shakespeare Quarterly,1966,,article,jstor,1966-01-01,1,17,http://www.jstor.org/stable/2867620,Stanley Wells,Folger Shakespeare Library,eng,97,98,,546,2,unigram; bigram; trigram
http://www.jstor.org/stable/2902240,Review Article,Shakespeare Quarterly,1998,,article,jstor,1998-12-01,4,49,http://www.jstor.org/stable/2902240,Anne Lancashire,Folger Shakespeare Library,eng,434,435,,1104,2,unigram; bigram; trigram
http://www.jstor.org/stable/2870050,Shakespeare in Seattle,Shakespeare Quarterly,1981,,article,jstor,1981-07-01,2,32,http://www.jstor.org/stable/2870050,Charles Frey,Folger Shakespeare Library,eng,274,277,,2541,4,unigram; bigram; trigram
http://www.jstor.org/stable/40210292,Review Article,Shakespeare Quarterly,2008,,article,jstor,2008-10-01,3,59,http://www.jstor.org/stable/40210292,Christa Jansohn,Folger Shakespeare Library,eng,359,360,,781,2,unigram; bigram; trigram
http://www.jstor.org/stable/2867866,The Devil Can Cite Scripture,Shakespeare Quarterly,1964,,article,jstor,1964-04-01,2,15,http://www.jstor.org/stable/2867866,Ernest A. Strathmann,Folger Shakespeare Library,eng,17,23,,3276,7,unigram; bigram; trigram
http://www.jstor.org/stable/2870335,"Shakespeare's Henry VI Trilogy and Elizabethan ""Romance"" Histories: The Origins of a Genre",Shakespeare Quarterly,1982,,article,jstor,1982-04-01,1,33,http://www.jstor.org/stable/2870335,Paul Dean,Folger Shakespeare Library,eng,34,48,,8775,15,unigram; bigram; trigram
http://www.jstor.org/stable/2866614,"[Illustration: Scenes from in Works of Terence (Strassburg, 1496)]",Shakespeare Quarterly,1955,,article,jstor,1955-07-01,3,6,http://www.jstor.org/stable/2866614,,Folger Shakespeare Library,eng,274,274,,36,1,unigram; bigram; trigram
http://www.jstor.org/stable/24778496,Review Article,Shakespeare Quarterly,2013,,article,jstor,2013-12-01,4,64,http://www.jstor.org/stable/24778496,Randall Martin,Folger Shakespeare Library,eng,475,478,,1307,4,unigram; bigram; trigram
http://www.jstor.org/stable/2866679,"""My Name is Pistol Call'd""",Shakespeare Quarterly,1950,,article,jstor,1950-04-01,2,1,http://www.jstor.org/stable/2866679,Paul A. Jorgensen,Folger Shakespeare Library,eng,73,75,,1103,3,unigram; bigram; trigram
http://www.jstor.org/stable/2902383,Individual Works,Shakespeare Quarterly,1999,,article,jstor,1999-01-01,5,50,http://www.jstor.org/stable/2902383,,Folger Shakespeare Library,eng,643,831,,159455,189,unigram; bigram; trigram
http://www.jstor.org/stable/2868219,Review Article,Shakespeare Quarterly,1968,,article,jstor,1968-04-01,2,19,http://www.jstor.org/stable/2868219,Josephine Waters Bennett,Folger Shakespeare Library,eng,177,178,,631,2,unigram; bigram; trigram
http://www.jstor.org/stable/2870137,Shakespeare in Austria,Shakespeare Quarterly,1982,,article,jstor,1982-12-01,4,33,http://www.jstor.org/stable/2870137,Wolfgang Riehle,Folger Shakespeare Library,eng,506,508,,1150,3,unigram; bigram; trigram
http://www.jstor.org/stable/2867584,Celebrations and Tributes,Shakespeare Quarterly,1965,,article,jstor,1965-07-01,3,16,http://www.jstor.org/stable/2867584,Robert W. Dent,Folger Shakespeare Library,eng,32,45,,6188,14,unigram; bigram; trigram
http://www.jstor.org/stable/2867978,"Annuals, Bibliographies, Surveys, and Festschriften",Shakespeare Quarterly,1968,,article,jstor,1968-07-01,3,19,http://www.jstor.org/stable/2867978,Rudolph E. Habenicht,Folger Shakespeare Library,eng,217,219,,1079,3,unigram; bigram; trigram
http://www.jstor.org/stable/2868916,The Colorado Shakespeare Festival 1971,Shakespeare Quarterly,1971,,article,jstor,1971-10-01,4,22,http://www.jstor.org/stable/2868916,J. H. Crouch,Folger Shakespeare Library,eng,381,384,,1562,4,unigram; bigram; trigram
http://www.jstor.org/stable/2869505,"""Prenzie"": Measure for Measure, III.i",Shakespeare Quarterly,1976,,article,jstor,1976-07-01,3,27,http://www.jstor.org/stable/2869505,Anthony S. G. Edwards; Anthony W. Jenkins,Folger Shakespeare Library,eng,333,334,,629,2,unigram; bigram; trigram
http://www.jstor.org/stable/40210257,Review Article,Shakespeare Quarterly,2008,,article,jstor,2008-04-01,1,59,http://www.jstor.org/stable/40210257,Lisa S. Starks,Folger Shakespeare Library,eng,115,117,,1365,3,unigram; bigram; trigram
http://www.jstor.org/stable/4123521,Review Article,Shakespeare Quarterly,2006,,article,jstor,2006-10-01,3,57,http://www.jstor.org/stable/4123521,Tanya Pollard,Folger Shakespeare Library,eng,356,358,,1247,3,unigram; bigram; trigram
http://www.jstor.org/stable/2871025,Review Article,Shakespeare Quarterly,1997,,article,jstor,1997-10-01,3,48,http://www.jstor.org/stable/2871025,Jeanne Addison Roberts,Folger Shakespeare Library,eng,344,345,,728,2,unigram; bigram; trigram
http://www.jstor.org/stable/24778595,Review Article,Shakespeare Quarterly,2014,,article,jstor,2014-10-01,3,65,http://www.jstor.org/stable/24778595,Dan Venning,Folger Shakespeare Library,eng,362,364,,1318,3,unigram; bigram; trigram
http://www.jstor.org/stable/2866125,Review Article,Shakespeare Quarterly,1956,,article,jstor,1956-01-01,1,7,http://www.jstor.org/stable/2866125,Charles Tyler Prouty,Folger Shakespeare Library,eng,110,111,,515,2,unigram; bigram; trigram
http://www.jstor.org/stable/2869470,Shakespearean Counterpoint: Stage Technique and the Interaction between Play and Audience,Shakespeare Quarterly,1979,,article,jstor,1979-07-01,3,30,http://www.jstor.org/stable/2869470,Jean Howard,Folger Shakespeare Library,eng,343,357,,8214,15,unigram; bigram; trigram
http://www.jstor.org/stable/23025627,At Sea about Hamlet at Sea: A Detective Story,Shakespeare Quarterly,2011,,article,jstor,2011-07-01,2,62,http://www.jstor.org/stable/23025627,Bernice W. Kliman,Folger Shakespeare Library,eng,180,204,,12534,25,unigram; bigram; trigram
http://www.jstor.org/stable/24778489,Front Matter,Shakespeare Quarterly,2013,,article,jstor,2013-12-01,4,64,http://www.jstor.org/stable/24778489,,Folger Shakespeare Library,eng,,,,644,4,unigram; bigram; trigram
http://www.jstor.org/stable/2869855,Front Matter,Shakespeare Quarterly,1983,,article,jstor,1983-12-01,4,34,http://www.jstor.org/stable/2869855,,Folger Shakespeare Library,eng,385,388,,2474,6,unigram; bigram; trigram
http://www.jstor.org/stable/2869325,A Year of Shakespeare In Kiwiland,Shakespeare Quarterly,1979,,article,jstor,1979-04-01,2,30,http://www.jstor.org/stable/2869325,Robert H. Leek,Folger Shakespeare Library,eng,272,277,,4277,6,unigram; bigram; trigram
http://www.jstor.org/stable/4123492,Front Matter,Shakespeare Quarterly,2006,,article,jstor,2006-12-01,4,57,http://www.jstor.org/stable/4123492,,Folger Shakespeare Library,eng,,,,747,4,unigram; bigram; trigram
http://www.jstor.org/stable/2870012,Shakespeare at the Abbey,Shakespeare Quarterly,1981,,article,jstor,1981-07-01,2,32,http://www.jstor.org/stable/2870012,Christopher Murray,Folger Shakespeare Library,eng,173,176,,2166,4,unigram; bigram; trigram
http://www.jstor.org/stable/2870116,Review Article,Shakespeare Quarterly,1986,,article,jstor,1986-10-01,3,37,http://www.jstor.org/stable/2870116,Michel Grivelet,Folger Shakespeare Library,eng,406,407,,902,2,unigram; bigram; trigram
http://www.jstor.org/stable/2867824,Notes and Comments,Shakespeare Quarterly,1963,,article,jstor,1963-07-01,3,14,http://www.jstor.org/stable/2867824,,Folger Shakespeare Library,eng,284,284,,318,1,unigram; bigram; trigram
http://www.jstor.org/stable/2867817,Review Article,Shakespeare Quarterly,1963,,article,jstor,1963-07-01,3,14,http://www.jstor.org/stable/2867817,W. Gordon Zeeveld,Folger Shakespeare Library,eng,271,274,,1663,4,unigram; bigram; trigram
http://www.jstor.org/stable/2870976,Back Matter,Shakespeare Quarterly,1994,,article,jstor,1994-12-01,4,45,http://www.jstor.org/stable/2870976,,Folger Shakespeare Library,eng,494,495,,4472,12,unigram; bigram; trigram
http://www.jstor.org/stable/2867212,Review Article,Shakespeare Quarterly,1960,,article,jstor,1960-04-01,2,11,http://www.jstor.org/stable/2867212,Milton Crane,Folger Shakespeare Library,eng,215,217,,1052,3,unigram; bigram; trigram
http://www.jstor.org/stable/2869186,A Gold Mine for Theatre Historians,Shakespeare Quarterly,1978,,article,jstor,1978-01-01,1,29,http://www.jstor.org/stable/2869186,Harry William Pedicord,Folger Shakespeare Library,eng,112,114,,1062,3,unigram; bigram; trigram
http://www.jstor.org/stable/2866878,The Meaning of the Cloud in Hamlet,Shakespeare Quarterly,1959,,article,jstor,1959-07-01,3,10,http://www.jstor.org/stable/2866878,David R. Cheney,Folger Shakespeare Library,eng,446,447,,637,2,unigram; bigram; trigram
http://www.jstor.org/stable/2870253,"""O thou Blacke Weede""",Shakespeare Quarterly,1981,,article,jstor,1981-10-01,3,32,http://www.jstor.org/stable/2870253,Giorgio Melchiori,Folger Shakespeare Library,eng,355,357,,1795,3,unigram; bigram; trigram
http://www.jstor.org/stable/2868075,Review Article,Shakespeare Quarterly,1967,,article,jstor,1967-01-01,1,18,http://www.jstor.org/stable/2868075,Dennis Biggins,Folger Shakespeare Library,eng,86,87,,540,2,unigram; bigram; trigram
http://www.jstor.org/stable/2869123,Shakespeare in the San Francisco Bay Area,Shakespeare Quarterly,1978,,article,jstor,1978-04-01,2,29,http://www.jstor.org/stable/2869123,Stephen Booth,Folger Shakespeare Library,eng,267,278,,9784,12,unigram; bigram; trigram
http://www.jstor.org/stable/2867366,Review Article,Shakespeare Quarterly,1958,,article,jstor,1958-07-01,3,9,http://www.jstor.org/stable/2867366,Giles E. Dawson,Folger Shakespeare Library,eng,418,418,,67,1,unigram; bigram; trigram
http://www.jstor.org/stable/2866421,Delayed Exposition in Shakespeare,Shakespeare Quarterly,1950,,article,jstor,1950-07-01,3,1,http://www.jstor.org/stable/2866421,Alwin Thaler,Folger Shakespeare Library,eng,140,145,,2790,6,unigram; bigram; trigram
http://www.jstor.org/stable/2866660,[Illustration]: Vpon the Lines and Life of the Famous Scenicke Poet,Shakespeare Quarterly,1951,,article,jstor,1951-07-01,3,2,http://www.jstor.org/stable/2866660,,Folger Shakespeare Library,eng,254,254,,145,1,unigram; bigram; trigram
http://www.jstor.org/stable/2866697,The Shakespeare Society of Philadelphia,Shakespeare Quarterly,1952,,article,jstor,1952-10-01,4,3,http://www.jstor.org/stable/2866697,Henry L. Savage,Folger Shakespeare Library,eng,341,352,,7028,16,unigram; bigram; trigram
http://www.jstor.org/stable/40468401,Front Matter,Shakespeare Quarterly,2009,,article,jstor,2009-07-01,2,60,http://www.jstor.org/stable/40468401,,Folger Shakespeare Library,eng,,,,895,5,unigram; bigram; trigram
http://www.jstor.org/stable/2868240,[Illustration]: Ticket to a performance of Catherine and Petruchio,Shakespeare Quarterly,1966,,article,jstor,1966-04-01,2,17,http://www.jstor.org/stable/2868240,,Folger Shakespeare Library,eng,156,156,,34,1,unigram; bigram; trigram
http://www.jstor.org/stable/2870702,Back Matter,Shakespeare Quarterly,1986,,article,jstor,1986-12-01,4,37,http://www.jstor.org/stable/2870702,,Folger Shakespeare Library,eng,547,548,,1532,4,unigram; bigram; trigram
http://www.jstor.org/stable/2866158,The Merchant of Venice at the University of Kansas City,Shakespeare Quarterly,1950,,article,jstor,1950-10-01,4,1,http://www.jstor.org/stable/2866158,John Egger Barnett,Folger Shakespeare Library,eng,269,271,,1340,3,unigram; bigram; trigram
http://www.jstor.org/stable/2870236,"Shakespeare in Washington, D.C.",Shakespeare Quarterly,1983,,article,jstor,1983-04-01,1,34,http://www.jstor.org/stable/2870236,Gary Jay Williams,Folger Shakespeare Library,eng,112,114,,1811,3,unigram; bigram; trigram
http://www.jstor.org/stable/2867184,Review Article,Shakespeare Quarterly,1958,,article,jstor,1958-01-01,,1,http://www.jstor.org/stable/2867184,Rupert Taylor,Folger Shakespeare Library,eng,70,72,,966,3,unigram; bigram; trigram
http://www.jstor.org/stable/2867684,Review Article,Shakespeare Quarterly,1965,,article,jstor,1965-10-01,4,16,http://www.jstor.org/stable/2867684,J. G. M.,Folger Shakespeare Library,eng,362,363,,282,2,unigram; bigram; trigram
http://www.jstor.org/stable/2870191,"Interruption in ""The Tempest""",Shakespeare Quarterly,1986,,article,jstor,1986-04-01,1,37,http://www.jstor.org/stable/2870191,A. Lynne Magnusson,Folger Shakespeare Library,eng,52,65,,7245,14,unigram; bigram; trigram
http://www.jstor.org/stable/2868529,Selected Reprints,Shakespeare Quarterly,1972,,article,jstor,1972-07-01,3,23,http://www.jstor.org/stable/2868529,Bruce Nesbitt,Folger Shakespeare Library,eng,356,360,,1883,5,unigram; bigram; trigram
http://www.jstor.org/stable/2869184,Dante and Shakespeare,Shakespeare Quarterly,1978,,article,jstor,1978-01-01,1,29,http://www.jstor.org/stable/2869184,Ronald Berman,Folger Shakespeare Library,eng,109,110,,876,2,unigram; bigram; trigram
http://www.jstor.org/stable/2870083,Imaginative Sources For Shakespeare's Puck,Shakespeare Quarterly,1985,,article,jstor,1985-04-01,1,36,http://www.jstor.org/stable/2870083,Winifried Schleiner,Folger Shakespeare Library,eng,65,68,,2320,4,unigram; bigram; trigram
http://www.jstor.org/stable/24778576,Review Article,Shakespeare Quarterly,2014,,article,jstor,2014-12-01,4,65,http://www.jstor.org/stable/24778576,Michael D. Bristol,Folger Shakespeare Library,eng,491,496,,2579,6,unigram; bigram; trigram
http://www.jstor.org/stable/2870955,Why William and Judith Both Need Their Own Rooms,Shakespeare Quarterly,1996,,article,jstor,1996-12-01,4,47,http://www.jstor.org/stable/2870955,Nancy Gutierrez,Folger Shakespeare Library,eng,424,432,,4686,9,unigram; bigram; trigram
http://www.jstor.org/stable/2869717,Shakespeare In Wisconsin,Shakespeare Quarterly,1985,,article,jstor,1985-10-01,3,36,http://www.jstor.org/stable/2869717,Robert Kimbrough,Folger Shakespeare Library,eng,349,353,,3191,5,unigram; bigram; trigram
http://www.jstor.org/stable/2867629,Shakespeare's Miracle Play,Shakespeare Quarterly,1967,,article,jstor,1967-10-01,4,18,http://www.jstor.org/stable/2867629,Howard Felperin,Folger Shakespeare Library,eng,363,374,,6351,12,unigram; bigram; trigram
http://www.jstor.org/stable/2868141,Review Article,Shakespeare Quarterly,1963,,article,jstor,1963-01-01,1,14,http://www.jstor.org/stable/2868141,G. Blakemore Evans,Folger Shakespeare Library,eng,70,73,,2083,4,unigram; bigram; trigram
http://www.jstor.org/stable/3844326,Review Article,Shakespeare Quarterly,2004,,article,jstor,2004-04-01,1,55,http://www.jstor.org/stable/3844326,Cary M. Mazer,Folger Shakespeare Library,eng,77,80,,2169,4,unigram; bigram; trigram
http://www.jstor.org/stable/2866378,Review Article,Shakespeare Quarterly,1956,,article,jstor,1956-10-01,4,7,http://www.jstor.org/stable/2866378,Allan Stevenson,Folger Shakespeare Library,eng,440,441,,695,2,unigram; bigram; trigram
http://www.jstor.org/stable/40985643,Back Matter,Shakespeare Quarterly,2010,,article,jstor,2010-12-01,4,61,http://www.jstor.org/stable/40985643,,Folger Shakespeare Library,eng,,,,3262,15,unigram; bigram; trigram
http://www.jstor.org/stable/2870884,Virgil's Camilla and the Death of Hector,Shakespeare Quarterly,1992,,article,jstor,1992-07-01,2,43,http://www.jstor.org/stable/2870884,Michael Cameron Andrews,Folger Shakespeare Library,eng,219,221,,1125,3,unigram; bigram; trigram
http://www.jstor.org/stable/2869310,Great Lakes Shakespeare,Shakespeare Quarterly,1979,,article,jstor,1979-04-01,2,30,http://www.jstor.org/stable/2869310,Lester E. Barber,Folger Shakespeare Library,eng,212,215,,2109,4,unigram; bigram; trigram
http://www.jstor.org/stable/2867446,The Figura in Sonnet 106,Shakespeare Quarterly,1960,,article,jstor,1960-01-01,1,11,http://www.jstor.org/stable/2867446,"Louis F. May, Jr.",Folger Shakespeare Library,eng,93,94,,803,2,unigram; bigram; trigram
http://www.jstor.org/stable/2869950,Play's the Thing,Shakespeare Quarterly,1984,,article,jstor,1984-07-01,2,35,http://www.jstor.org/stable/2869950,Robert Y. Turner,Folger Shakespeare Library,eng,254,256,,1298,3,unigram; bigram; trigram
http://www.jstor.org/stable/2866595,Review Article,Shakespeare Quarterly,1954,,article,jstor,1954-04-01,2,5,http://www.jstor.org/stable/2866595,Francis R. Johnson,Folger Shakespeare Library,eng,195,198,,1820,4,unigram; bigram; trigram
http://www.jstor.org/stable/2867997,The Curtain,Shakespeare Quarterly,1962,,article,jstor,1962-10-01,4,13,http://www.jstor.org/stable/2867997,Lucyle Hook,Folger Shakespeare Library,eng,499,504,,3265,6,unigram; bigram; trigram
http://www.jstor.org/stable/2869044,Reviews of Current Stage and Screen Productions,Shakespeare Quarterly,1975,,article,jstor,1975-10-01,,4,http://www.jstor.org/stable/2869044,Thomas F. Grieve; Rudolph E. Habenicht,Folger Shakespeare Library,eng,406,417,,6263,12,unigram; bigram; trigram
http://www.jstor.org/stable/2868243,The Adolescent Dream-World of the Two Gentlemen of Verona,Shakespeare Quarterly,1966,,article,jstor,1966-04-01,2,17,http://www.jstor.org/stable/2868243,William E. Stephenson,Folger Shakespeare Library,eng,165,168,,1617,4,unigram; bigram; trigram
http://www.jstor.org/stable/2869509,Two Studies of Honor in Shakespeare,Shakespeare Quarterly,1976,,article,jstor,1976-07-01,3,27,http://www.jstor.org/stable/2869509,Philip C. Kolin,Folger Shakespeare Library,eng,350,353,,1796,4,unigram; bigram; trigram
http://www.jstor.org/stable/2868203,Music in King Lear at the Royal Shakespeare Theatre,Shakespeare Quarterly,1963,,article,jstor,1963-10-01,4,14,http://www.jstor.org/stable/2868203,F. W. Sternfeld,Folger Shakespeare Library,eng,486,487,,534,2,unigram; bigram; trigram
http://www.jstor.org/stable/2869986,Volume Information,Shakespeare Quarterly,1981,,article,jstor,1981-12-01,4,32,http://www.jstor.org/stable/2869986,,Folger Shakespeare Library,eng,,,,1227,4,unigram; bigram; trigram
http://www.jstor.org/stable/2868442,"The Washington Shakespeare Summer Festival, 1970",Shakespeare Quarterly,1970,,article,jstor,1970-10-01,4,21,http://www.jstor.org/stable/2868442,Jeanne Addison Roberts,Folger Shakespeare Library,eng,481,482,,819,2,unigram; bigram; trigram
http://www.jstor.org/stable/2902202,Back Matter,Shakespeare Quarterly,1999,,article,jstor,1999-07-01,2,50,http://www.jstor.org/stable/2902202,,Folger Shakespeare Library,eng,242,243,,2315,9,unigram; bigram; trigram
http://www.jstor.org/stable/2902187,Review Article,Shakespeare Quarterly,1999,,article,jstor,1999-07-01,2,50,http://www.jstor.org/stable/2902187,Barry Gaines,Folger Shakespeare Library,eng,206,210,,3463,5,unigram; bigram; trigram
http://www.jstor.org/stable/2867188,Review Article,Shakespeare Quarterly,1958,,article,jstor,1958-01-01,1,9,http://www.jstor.org/stable/2867188,I. Willis Russell,Folger Shakespeare Library,eng,77,78,,382,2,unigram; bigram; trigram
http://www.jstor.org/stable/2866453,Review Article,Shakespeare Quarterly,1956,,article,jstor,1956-04-01,2,7,http://www.jstor.org/stable/2866453,Harry R. Hoppe,Folger Shakespeare Library,eng,261,263,,1036,3,unigram; bigram; trigram
http://www.jstor.org/stable/2870384,A Worthy Tribute to an Eminent Scholar,Shakespeare Quarterly,1984,,article,jstor,1984-10-01,3,35,http://www.jstor.org/stable/2870384,Werner Habicht,Folger Shakespeare Library,eng,364,365,,1058,2,unigram; bigram; trigram
http://www.jstor.org/stable/2869958,Hamlet's Doubles,Shakespeare Quarterly,1986,,article,jstor,1986-07-01,2,37,http://www.jstor.org/stable/2869958,Ralph Berry,Folger Shakespeare Library,eng,204,212,,4758,9,unigram; bigram; trigram
http://www.jstor.org/stable/2868111,Review Article,Shakespeare Quarterly,1964,,article,jstor,1964-10-01,4,15,http://www.jstor.org/stable/2868111,J.G.M.,Folger Shakespeare Library,eng,434,435,,970,2,unigram; bigram; trigram
http://www.jstor.org/stable/2867888,Richard II at Covent Garden,Shakespeare Quarterly,1964,,article,jstor,1964-04-01,2,15,http://www.jstor.org/stable/2867888,James G. McManaway,Folger Shakespeare Library,eng,161,175,,9603,19,unigram; bigram; trigram
http://www.jstor.org/stable/2868790,Review Article,Shakespeare Quarterly,1974,,article,jstor,1974-07-01,3,25,http://www.jstor.org/stable/2868790,Paul Ramsey,Folger Shakespeare Library,eng,364,366,,1674,3,unigram; bigram; trigram
http://www.jstor.org/stable/2870450,Why Teach Shakespeare? A Reconsideration,Shakespeare Quarterly,1990,,article,jstor,1990-07-01,2,41,http://www.jstor.org/stable/2870450,"Robert F. Willson, Jr.",Folger Shakespeare Library,eng,206,210,,2333,5,unigram; bigram; trigram
http://www.jstor.org/stable/2868041,Review Article,Shakespeare Quarterly,1962,,article,jstor,1962-10-01,4,13,http://www.jstor.org/stable/2868041,Lee Ahlborn,Folger Shakespeare Library,eng,579,579,,320,1,unigram; bigram; trigram
http://www.jstor.org/stable/2868859,Othello: Comedy in Reverse,Shakespeare Quarterly,1973,,article,jstor,1973-04-01,2,24,http://www.jstor.org/stable/2868859,Stephen Rogers,Folger Shakespeare Library,eng,210,220,,5588,11,unigram; bigram; trigram
http://www.jstor.org/stable/3844090,Review Article,Shakespeare Quarterly,2005,,article,jstor,2005-10-01,3,56,http://www.jstor.org/stable/3844090,Richard Dutton,Folger Shakespeare Library,eng,371,374,,2157,4,unigram; bigram; trigram
http://www.jstor.org/stable/2868451,Review Article,Shakespeare Quarterly,1970,,article,jstor,1970-10-01,4,21,http://www.jstor.org/stable/2868451,Clifford Leech,Folger Shakespeare Library,eng,502,504,,1175,3,unigram; bigram; trigram
http://www.jstor.org/stable/2867254,"Gosson, Ovid, and the Elizabethan Audience",Shakespeare Quarterly,1958,,article,jstor,1958-04-01,2,9,http://www.jstor.org/stable/2867254,S. P. Zitner,Folger Shakespeare Library,eng,206,208,,1281,3,unigram; bigram; trigram
http://www.jstor.org/stable/4625003,Review Article,Shakespeare Quarterly,2007,,article,jstor,2007-10-01,3,58,http://www.jstor.org/stable/4625003,Jean E. Howard,Folger Shakespeare Library,eng,406,409,,1390,4,unigram; bigram; trigram
http://www.jstor.org/stable/2868974,[Illustration]: John Ward on Shakespeare,Shakespeare Quarterly,1969,,article,jstor,1969-01-01,1,20,http://www.jstor.org/stable/2868974,,Folger Shakespeare Library,eng,52,52,,44,1,unigram; bigram; trigram
http://www.jstor.org/stable/2866933,Review Article,Shakespeare Quarterly,1959,,article,jstor,1959-04-01,2,10,http://www.jstor.org/stable/2866933,M. C. Bradbrook,Folger Shakespeare Library,eng,229,230,,1026,2,unigram; bigram; trigram
http://www.jstor.org/stable/2867084,Shakespeare in Peru,Shakespeare Quarterly,1961,,article,jstor,1961-07-01,3,12,http://www.jstor.org/stable/2867084,C. E. Zavaleta,Folger Shakespeare Library,eng,351,352,,840,2,unigram; bigram; trigram
http://www.jstor.org/stable/3844294,Review Article,Shakespeare Quarterly,2004,,article,jstor,2004-07-01,2,55,http://www.jstor.org/stable/3844294,Laurie Shannon,Folger Shakespeare Library,eng,225,228,,2038,4,unigram; bigram; trigram
http://www.jstor.org/stable/2869655,From the Editor,Shakespeare Quarterly,1979,,article,jstor,1979-01-01,1,30,http://www.jstor.org/stable/2869655,John F. Andrews,Folger Shakespeare Library,eng,3,4,,1077,2,unigram; bigram; trigram
http://www.jstor.org/stable/2867537,Review Article,Shakespeare Quarterly,1957,,article,jstor,1957-01-01,1,8,http://www.jstor.org/stable/2867537,Gerald J. Eberle,Folger Shakespeare Library,eng,121,123,,909,3,unigram; bigram; trigram
http://www.jstor.org/stable/2867686,Correspondence,Shakespeare Quarterly,1965,,article,jstor,1965-10-01,4,16,http://www.jstor.org/stable/2867686,,Folger Shakespeare Library,eng,369,369,,311,1,unigram; bigram; trigram
http://www.jstor.org/stable/2867030,Review Article,Shakespeare Quarterly,1959,,article,jstor,1959-01-01,1,10,http://www.jstor.org/stable/2867030,Waveney R. N. Payne,Folger Shakespeare Library,eng,98,99,,881,2,unigram; bigram; trigram
http://www.jstor.org/stable/2869458,Editions and Texts,Shakespeare Quarterly,1978,,article,jstor,1978-10-01,4,29,http://www.jstor.org/stable/2869458,Harrison T. Meserole,Folger Shakespeare Library,eng,480,481,,530,2,unigram; bigram; trigram
http://www.jstor.org/stable/2866314,Review Article,Shakespeare Quarterly,1952,,article,jstor,1952-07-01,3,3,http://www.jstor.org/stable/2866314,Philip Williams,Folger Shakespeare Library,eng,273,275,,918,3,unigram; bigram; trigram
http://www.jstor.org/stable/2902332,Review Article,Shakespeare Quarterly,2000,,article,jstor,2000-04-01,1,51,http://www.jstor.org/stable/2902332,Ann Thompson,Folger Shakespeare Library,eng,108,110,,1135,3,unigram; bigram; trigram
http://www.jstor.org/stable/2867319,The Old Lad of the Castle,Shakespeare Quarterly,1960,,article,jstor,1960-07-01,3,11,http://www.jstor.org/stable/2867319,M. C. Bradbrook,Folger Shakespeare Library,eng,382,385,,1710,4,unigram; bigram; trigram
http://www.jstor.org/stable/2870049,Oregon Shakespearean Festival,Shakespeare Quarterly,1981,,article,jstor,1981-07-01,2,32,http://www.jstor.org/stable/2870049,Alan C. Dessen,Folger Shakespeare Library,eng,267,274,,6261,8,unigram; bigram; trigram
http://www.jstor.org/stable/3844140,Review Article,Shakespeare Quarterly,2006,,article,jstor,2006-07-01,2,57,http://www.jstor.org/stable/3844140,Alexander Leggatt,Folger Shakespeare Library,eng,222,224,,1630,3,unigram; bigram; trigram
http://www.jstor.org/stable/2869623,Corrections: The Primacy of Shakespeare,Shakespeare Quarterly,1975,,article,jstor,1975-07-01,3,26,http://www.jstor.org/stable/2869623,,Folger Shakespeare Library,eng,317,317,,205,1,unigram; bigram; trigram
http://www.jstor.org/stable/2902318,Back Matter,Shakespeare Quarterly,1998,,article,jstor,1998-07-01,2,49,http://www.jstor.org/stable/2902318,,Folger Shakespeare Library,eng,241,242,,3148,10,unigram; bigram; trigram
http://www.jstor.org/stable/2871388,Review Article,Shakespeare Quarterly,1996,,article,jstor,1996-10-01,3,47,http://www.jstor.org/stable/2871388,Boyd M. Berry,Folger Shakespeare Library,eng,343,344,,1031,2,unigram; bigram; trigram
http://www.jstor.org/stable/2869874,"Now Then, Now Then, What's Going on Here?",Shakespeare Quarterly,1983,,article,jstor,1983-12-01,4,34,http://www.jstor.org/stable/2869874,M. C. Bradbrook,Folger Shakespeare Library,eng,491,492,,874,2,unigram; bigram; trigram
http://www.jstor.org/stable/2870085,Staging Shakespeare's History Plays in 1984: A Tale of Three Henrys,Shakespeare Quarterly,1985,,article,jstor,1985-04-01,1,36,http://www.jstor.org/stable/2870085,Alan C. Dessen,Folger Shakespeare Library,eng,71,79,,7581,9,unigram; bigram; trigram
http://www.jstor.org/stable/2867790,Review Article,Shakespeare Quarterly,1963,,article,jstor,1963-04-01,2,14,http://www.jstor.org/stable/2867790,MacDonald Emslie,Folger Shakespeare Library,eng,176,177,,797,2,unigram; bigram; trigram
http://www.jstor.org/stable/2866956,[Photograph]: Philip Herbert,Shakespeare Quarterly,1957,,article,jstor,1957-04-01,2,8,http://www.jstor.org/stable/2866956,,Folger Shakespeare Library,eng,,,,31,1,unigram; bigram; trigram
http://www.jstor.org/stable/2871284,Review Article,Shakespeare Quarterly,1997,,article,jstor,1997-07-01,2,48,http://www.jstor.org/stable/2871284,Crystal Bartolovich,Folger Shakespeare Library,eng,233,237,,2967,5,unigram; bigram; trigram
http://www.jstor.org/stable/2866572,Review Article,Shakespeare Quarterly,1953,,article,jstor,1953-01-01,1,4,http://www.jstor.org/stable/2866572,George F. Reynolds,Folger Shakespeare Library,eng,102,103,,951,2,unigram; bigram; trigram
http://www.jstor.org/stable/2868394,Jonsonian Structure in The Tempest,Shakespeare Quarterly,1970,,article,jstor,1970-01-01,1,21,http://www.jstor.org/stable/2868394,Daniel C. Boughner,Folger Shakespeare Library,eng,3,10,,4602,8,unigram; bigram; trigram
http://www.jstor.org/stable/2870999,"Reading, Writing, and Hamlet",Shakespeare Quarterly,1993,,article,jstor,1993-12-01,4,44,http://www.jstor.org/stable/2870999,P. K. Ayers,Folger Shakespeare Library,eng,423,439,,9479,17,unigram; bigram; trigram
http://www.jstor.org/stable/2869995,"Language, Linguistics, Philology",Shakespeare Quarterly,1981,,article,jstor,1981-12-01,4,32,http://www.jstor.org/stable/2869995,Harrison T. Meserole; John B. Smith,Folger Shakespeare Library,eng,450,454,,3291,5,unigram; bigram; trigram
http://www.jstor.org/stable/2868606,[Illustration] The Comedy of Errors,Shakespeare Quarterly,1973,,article,jstor,1973-10-01,4,24,http://www.jstor.org/stable/2868606,,Folger Shakespeare Library,eng,,,,30,1,unigram; bigram; trigram
http://www.jstor.org/stable/2869703,In Defense Of Shakespeare's Female Characters,Shakespeare Quarterly,1984,,article,jstor,1984-04-01,1,35,http://www.jstor.org/stable/2869703,Elizabeth H. Hageman,Folger Shakespeare Library,eng,126,128,,1782,3,unigram; bigram; trigram
http://www.jstor.org/stable/2867782,Review Article,Shakespeare Quarterly,1963,,article,jstor,1963-04-01,2,14,http://www.jstor.org/stable/2867782,J. W. Saunders,Folger Shakespeare Library,eng,167,168,,1022,2,unigram; bigram; trigram
http://www.jstor.org/stable/2866918,The Background of Coriolanus,Shakespeare Quarterly,1959,,article,jstor,1959-04-01,2,10,http://www.jstor.org/stable/2866918,Kenneth Muir,Folger Shakespeare Library,eng,137,145,,4157,9,unigram; bigram; trigram
http://www.jstor.org/stable/2870503,"The Women's Voices in ""Othello"": Speech, Song, Silence",Shakespeare Quarterly,1987,,article,jstor,1987-10-01,3,38,http://www.jstor.org/stable/2870503,Eamon Grennan,Folger Shakespeare Library,eng,275,292,,10789,18,unigram; bigram; trigram
http://www.jstor.org/stable/2866509,Review Article,Shakespeare Quarterly,1952,,article,jstor,1952-04-01,2,3,http://www.jstor.org/stable/2866509,Brents Stirling,Folger Shakespeare Library,eng,133,134,,948,2,unigram; bigram; trigram
http://www.jstor.org/stable/3844260,Review Article,Shakespeare Quarterly,2002,,article,jstor,2002-12-01,4,53,http://www.jstor.org/stable/3844260,Scott Cutler Shershow,Folger Shakespeare Library,eng,598,600,,1625,3,unigram; bigram; trigram
http://www.jstor.org/stable/2870669,Review Article,Shakespeare Quarterly,1991,,article,jstor,1991-04-01,1,42,http://www.jstor.org/stable/2870669,Kenneth S. Rothwell,Folger Shakespeare Library,eng,116,118,,1401,3,unigram; bigram; trigram
http://www.jstor.org/stable/2870562,Hamlet: New York Shakespeare Festival,Shakespeare Quarterly,1987,,article,jstor,1987-07-01,2,38,http://www.jstor.org/stable/2870562,Arthur Ganz,Folger Shakespeare Library,eng,209,211,,1592,3,unigram; bigram; trigram
http://www.jstor.org/stable/2866805,"Othello's ""Base Indian"": V.ii.347",Shakespeare Quarterly,1962,,article,jstor,1962-04-01,2,13,http://www.jstor.org/stable/2866805,Arthur Freeman,Folger Shakespeare Library,eng,256,257,,433,2,unigram; bigram; trigram
http://www.jstor.org/stable/2868896,Review Article,Shakespeare Quarterly,1974,,article,jstor,1974-01-01,1,25,http://www.jstor.org/stable/2868896,George L. Geckle,Folger Shakespeare Library,eng,137,138,,694,2,unigram; bigram; trigram
http://www.jstor.org/stable/2866540,Review Article,Shakespeare Quarterly,1954,,article,jstor,1954-01-01,1,5,http://www.jstor.org/stable/2866540,J. G. M.,Folger Shakespeare Library,eng,92,93,,735,2,unigram; bigram; trigram
http://www.jstor.org/stable/2871286,Review Article,Shakespeare Quarterly,1997,,article,jstor,1997-07-01,2,48,http://www.jstor.org/stable/2871286,Michael D. Bristol,Folger Shakespeare Library,eng,239,242,,1788,4,unigram; bigram; trigram
http://www.jstor.org/stable/2867147,"Poets in the Parish of St. Giles, Cripplegate",Shakespeare Quarterly,1958,,article,jstor,1958-10-01,4,9,http://www.jstor.org/stable/2867147,Mary R. McManaway,Folger Shakespeare Library,eng,561,562,,1069,2,unigram; bigram; trigram
http://www.jstor.org/stable/2871032,Review Article,Shakespeare Quarterly,1997,,article,jstor,1997-10-01,3,48,http://www.jstor.org/stable/2871032,Valerie Traub,Folger Shakespeare Library,eng,357,359,,1854,3,unigram; bigram; trigram
http://www.jstor.org/stable/2867375,Notes and Comments,Shakespeare Quarterly,1958,,article,jstor,1958-07-01,3,9,http://www.jstor.org/stable/2867375,,Folger Shakespeare Library,eng,436,437,,812,2,unigram; bigram; trigram
http://www.jstor.org/stable/2866410,Review Article,Shakespeare Quarterly,1955,,article,jstor,1955-04-01,2,6,http://www.jstor.org/stable/2866410,S. Thomas,Folger Shakespeare Library,eng,191,191,,395,1,unigram; bigram; trigram
http://www.jstor.org/stable/2871398,"Dismember Me: Shakespeare, Paranoia, and the Logic of Mass Culture",Shakespeare Quarterly,1997,,article,jstor,1997-04-01,1,48,http://www.jstor.org/stable/2871398,Linda Charnes,Folger Shakespeare Library,eng,1,16,,9269,16,unigram; bigram; trigram
http://www.jstor.org/stable/40468399,Review Article,Shakespeare Quarterly,2009,,article,jstor,2009-12-01,4,60,http://www.jstor.org/stable/40468399,David Roberts,Folger Shakespeare Library,eng,526,528,,1032,3,unigram; bigram; trigram
http://www.jstor.org/stable/2869769,The Shakespearean Actor as Kamikaze Pilot,Shakespeare Quarterly,1985,,article,jstor,1985-01-01,5,36,http://www.jstor.org/stable/2869769,Stephen Booth,Folger Shakespeare Library,eng,553,570,,10919,18,unigram; bigram; trigram
http://www.jstor.org/stable/2869072,"Shakespeare in California, 1974-75",Shakespeare Quarterly,1976,,article,jstor,1976-01-01,1,27,http://www.jstor.org/stable/2869072,Stephen Booth,Folger Shakespeare Library,eng,94,108,,7523,15,unigram; bigram; trigram
http://www.jstor.org/stable/2868228,Review Article,Shakespeare Quarterly,1968,,article,jstor,1968-04-01,2,19,http://www.jstor.org/stable/2868228,Elizabeth S. Friedman; William F. Friedman,Folger Shakespeare Library,eng,185,185,,355,1,unigram; bigram; trigram
http://www.jstor.org/stable/2868189,Review Article,Shakespeare Quarterly,1963,,article,jstor,1963-10-01,4,14,http://www.jstor.org/stable/2868189,Milton Crane,Folger Shakespeare Library,eng,468,469,,874,2,unigram; bigram; trigram
http://www.jstor.org/stable/2870197,Price-tags and Trade-offs: Chivalry and the Shakespearean Hero in 1985,Shakespeare Quarterly,1986,,article,jstor,1986-04-01,1,37,http://www.jstor.org/stable/2870197,Alan C. Dessen,Folger Shakespeare Library,eng,102,106,,2939,5,unigram; bigram; trigram
http://www.jstor.org/stable/2870794,Review Article,Shakespeare Quarterly,1990,,article,jstor,1990-12-01,4,41,http://www.jstor.org/stable/2870794,Kenneth S. Rothwell,Folger Shakespeare Library,eng,542,544,,1145,3,unigram; bigram; trigram
http://www.jstor.org/stable/2870014,Shakespeare in Halifax,Shakespeare Quarterly,1981,,article,jstor,1981-07-01,2,32,http://www.jstor.org/stable/2870014,Richard Paul Knowles,Folger Shakespeare Library,eng,180,181,,877,2,unigram; bigram; trigram
http://www.jstor.org/stable/2902186,"Shakespeare at Stratford-upon-Avon, 1996-98; or the Search for a Policy",Shakespeare Quarterly,1999,,article,jstor,1999-07-01,2,50,http://www.jstor.org/stable/2902186,Russell Jackson,Folger Shakespeare Library,eng,185,205,,10948,21,unigram; bigram; trigram
http://www.jstor.org/stable/2870152,A Readable Guide To Shakespeare,Shakespeare Quarterly,1982,,article,jstor,1982-12-01,4,33,http://www.jstor.org/stable/2870152,Mark Eccles,Folger Shakespeare Library,eng,537,538,,493,2,unigram; bigram; trigram
http://www.jstor.org/stable/2870106,The Dimensions of Middle Temple Hall,Shakespeare Quarterly,1986,,article,jstor,1986-10-01,3,37,http://www.jstor.org/stable/2870106,Robert E. Burkhart,Folger Shakespeare Library,eng,370,371,,842,2,unigram; bigram; trigram
http://www.jstor.org/stable/24778465,Review Article,Shakespeare Quarterly,2013,,article,jstor,2013-07-01,2,64,http://www.jstor.org/stable/24778465,William N. West,Folger Shakespeare Library,eng,252,255,,1613,4,unigram; bigram; trigram
http://www.jstor.org/stable/2868113,Review Article,Shakespeare Quarterly,1964,,article,jstor,1964-10-01,4,15,http://www.jstor.org/stable/2868113,Franklin M. Dickey,Folger Shakespeare Library,eng,436,437,,667,2,unigram; bigram; trigram
http://www.jstor.org/stable/41679781,Review Article,Shakespeare Quarterly,2012,,article,jstor,2012-10-01,3,63,http://www.jstor.org/stable/41679781,Jean E. Feerick,Folger Shakespeare Library,eng,452,455,,1660,4,unigram; bigram; trigram
http://www.jstor.org/stable/2866551,[Illustration]: Two Extracts,Shakespeare Quarterly,1953,,article,jstor,1953-01-01,1,4,http://www.jstor.org/stable/2866551,,Folger Shakespeare Library,eng,10,10,,262,1,unigram; bigram; trigram
http://www.jstor.org/stable/3844332,Review Article,Shakespeare Quarterly,2004,,article,jstor,2004-04-01,1,55,http://www.jstor.org/stable/3844332,Michael Holahan,Folger Shakespeare Library,eng,91,93,,1632,3,unigram; bigram; trigram
http://www.jstor.org/stable/2869050,The Cat is Grey: King Lear's Mad Trial Scene,Shakespeare Quarterly,1975,,article,jstor,1975-10-01,4,26,http://www.jstor.org/stable/2869050,Adrienne Lockhart,Folger Shakespeare Library,eng,469,471,,946,3,unigram; bigram; trigram
http://www.jstor.org/stable/2867015,[Illustration: The Man],Shakespeare Quarterly,1959,,article,jstor,1959-01-01,1,10,http://www.jstor.org/stable/2867015,,Folger Shakespeare Library,eng,2,2,,8,1,unigram; bigram; trigram
http://www.jstor.org/stable/2868164,Ophelia: Shakespeare's Pathetic Plot Device,Shakespeare Quarterly,1963,,article,jstor,1963-01-01,1,14,http://www.jstor.org/stable/2868164,Linda Welshimer Wagner,Folger Shakespeare Library,eng,94,97,,1596,4,unigram; bigram; trigram
http://www.jstor.org/stable/2867485,Wear and Tear as Factors in the Textual History of the Quarto Version of King Lear,Shakespeare Quarterly,1960,,article,jstor,1960-10-01,4,11,http://www.jstor.org/stable/2867485,Joseph S. G. Bolton,Folger Shakespeare Library,eng,427,438,,7484,12,unigram; bigram; trigram
http://www.jstor.org/stable/2867698,The Dialogues of Spring and Winter: A Key to the Unity of Love's Labour's Lost,Shakespeare Quarterly,1967,,article,jstor,1967-04-01,2,18,http://www.jstor.org/stable/2867698,Catherine M. McLay,Folger Shakespeare Library,eng,119,127,,4713,9,unigram; bigram; trigram
http://www.jstor.org/stable/2866211,[Illustration]: The Unique Fragment of Henry IV,Shakespeare Quarterly,1951,,article,jstor,1951-04-01,2,2,http://www.jstor.org/stable/2866211,,Folger Shakespeare Library,eng,98,98,,270,1,unigram; bigram; trigram
http://www.jstor.org/stable/2870765,Review Article,Shakespeare Quarterly,1989,,article,jstor,1989-04-01,1,40,http://www.jstor.org/stable/2870765,"James J. Yoch, Jr.",Folger Shakespeare Library,eng,113,115,,1845,3,unigram; bigram; trigram
http://www.jstor.org/stable/2868764,"Garrick, Colman, and King Lear: A Reconsideration",Shakespeare Quarterly,1971,,article,jstor,1971-01-01,1,22,http://www.jstor.org/stable/2868764,Arthur John Harris,Folger Shakespeare Library,eng,57,66,,5487,10,unigram; bigram; trigram
http://www.jstor.org/stable/2866222,Review Article,Shakespeare Quarterly,1951,,article,jstor,1951-04-01,2,2,http://www.jstor.org/stable/2866222,Allardyce Nicoll,Folger Shakespeare Library,eng,135,136,,896,2,unigram; bigram; trigram
http://www.jstor.org/stable/2866404,Review Article,Shakespeare Quarterly,1955,,article,jstor,1955-04-01,2,6,http://www.jstor.org/stable/2866404,Hereward T. Price,Folger Shakespeare Library,eng,181,183,,936,3,unigram; bigram; trigram
http://www.jstor.org/stable/3844253,Review Article,Shakespeare Quarterly,2002,,article,jstor,2002-12-01,4,53,http://www.jstor.org/stable/3844253,David M. Bergeron,Folger Shakespeare Library,eng,579,581,,1503,3,unigram; bigram; trigram
http://www.jstor.org/stable/24778460,"""The Killing Stops Here"": Unmaking the Myths of Troy in the Wooster Group / RSC ""Troilus & Cressida"" (2012)",Shakespeare Quarterly,2013,,article,jstor,2013-07-01,2,64,http://www.jstor.org/stable/24778460,Thomas P. Cartelli,Folger Shakespeare Library,eng,233,243,,4444,11,unigram; bigram; trigram
http://www.jstor.org/stable/2869908,Taking Pleasure in Measure,Shakespeare Quarterly,1983,,article,jstor,1983-10-01,3,34,http://www.jstor.org/stable/2869908,Darryl J. Gless,Folger Shakespeare Library,eng,364,366,,1805,3,unigram; bigram; trigram
http://www.jstor.org/stable/2870837,Review Article,Shakespeare Quarterly,1989,,article,jstor,1989-07-01,2,40,http://www.jstor.org/stable/2870837,Kevin Dunn,Folger Shakespeare Library,eng,245,248,,1211,3,unigram; bigram; trigram
http://www.jstor.org/stable/2868238,The Ambiguity of Troilus and Cressida,Shakespeare Quarterly,1966,,article,jstor,1966-04-01,2,17,http://www.jstor.org/stable/2868238,J. C. Oates,Folger Shakespeare Library,eng,141,150,,5447,10,unigram; bigram; trigram
http://www.jstor.org/stable/2866847,"Collections, Editions, and Translations",Shakespeare Quarterly,1962,,article,jstor,1962-07-01,3,13,http://www.jstor.org/stable/2866847,Robert W. Dent,Folger Shakespeare Library,eng,379,387,,4261,9,unigram; bigram; trigram
http://www.jstor.org/stable/2868069,The Fool's Prophecy,Shakespeare Quarterly,1967,,article,jstor,1967-01-01,1,18,http://www.jstor.org/stable/2868069,Sheldon P. Zitner,Folger Shakespeare Library,eng,76,80,,2157,5,unigram; bigram; trigram
http://www.jstor.org/stable/3648705,Review Article,Shakespeare Quarterly,2001,,article,jstor,2001-12-01,4,52,http://www.jstor.org/stable/3648705,Lawrence Manley,Folger Shakespeare Library,eng,510,512,,1436,3,unigram; bigram; trigram
http://www.jstor.org/stable/3844192,Review Article,Shakespeare Quarterly,2003,,article,jstor,2003-07-01,2,54,http://www.jstor.org/stable/3844192,Margaret Jane Kidnie,Folger Shakespeare Library,eng,226,230,,2532,5,unigram; bigram; trigram
http://www.jstor.org/stable/2902343,Review Article,Shakespeare Quarterly,2000,,article,jstor,2000-12-01,4,51,http://www.jstor.org/stable/2902343,A. E. B. Coldiron,Folger Shakespeare Library,eng,485,486,,987,2,unigram; bigram; trigram
http://www.jstor.org/stable/2868702,"[Illustration]: Woodcut Illustration of Plautus' Epidicus (Venice, 1518)",Shakespeare Quarterly,1970,,article,jstor,1970-07-01,3,21,http://www.jstor.org/stable/2868702,,Folger Shakespeare Library,eng,252,252,,55,1,unigram; bigram; trigram
http://www.jstor.org/stable/2870514,Review Article,Shakespeare Quarterly,1987,,article,jstor,1987-10-01,3,38,http://www.jstor.org/stable/2870514,Michael Field,Folger Shakespeare Library,eng,375,377,,1180,3,unigram; bigram; trigram
http://www.jstor.org/stable/24778475,Shakespeare as Rorschach: A Response to David Hillman,Shakespeare Quarterly,2013,,article,jstor,2013-10-01,3,64,http://www.jstor.org/stable/24778475,Douglas Bruster,Folger Shakespeare Library,eng,334,342,,4128,9,unigram; bigram; trigram
http://www.jstor.org/stable/2866190,Political Doctrine in Macbeth,Shakespeare Quarterly,1953,,article,jstor,1953-04-01,2,4,http://www.jstor.org/stable/2866190,Irving Ribner,Folger Shakespeare Library,eng,202,205,,1678,4,unigram; bigram; trigram
http://www.jstor.org/stable/2871216,"""Draw, if you be Men"": Saviolo's Significance for Romeo and Juliet",Shakespeare Quarterly,1994,,article,jstor,1994-07-01,2,45,http://www.jstor.org/stable/2871216,Joan Ozark Holmer,Folger Shakespeare Library,eng,163,189,,14684,27,unigram; bigram; trigram
http://www.jstor.org/stable/2866385,An Early Newspaper Allusion to Shakespeare,Shakespeare Quarterly,1956,,article,jstor,1956-10-01,4,7,http://www.jstor.org/stable/2866385,Joseph Frank,Folger Shakespeare Library,eng,456,456,,300,1,unigram; bigram; trigram
http://www.jstor.org/stable/2869710,"The Dispraise of the Country In ""As You Like It""",Shakespeare Quarterly,1985,,article,jstor,1985-10-01,3,36,http://www.jstor.org/stable/2869710,A. Stuart Daley,Folger Shakespeare Library,eng,300,314,,9937,15,unigram; bigram; trigram
http://www.jstor.org/stable/23025620,Back Matter,Shakespeare Quarterly,2011,,article,jstor,2011-04-01,1,62,http://www.jstor.org/stable/23025620,,Folger Shakespeare Library,eng,,,,2040,10,unigram; bigram; trigram
http://www.jstor.org/stable/2867842,The Comic Mode of Measure for Measure,Shakespeare Quarterly,1968,,article,jstor,1968-01-01,1,19,http://www.jstor.org/stable/2867842,Roger Sale,Folger Shakespeare Library,eng,55,61,,3778,7,unigram; bigram; trigram
http://www.jstor.org/stable/2868991,Notes and Comments,Shakespeare Quarterly,1969,,article,jstor,1969-01-01,1,20,http://www.jstor.org/stable/2868991,,Folger Shakespeare Library,eng,105,106,,458,2,unigram; bigram; trigram
http://www.jstor.org/stable/2871177,Review Article,Shakespeare Quarterly,1993,,article,jstor,1993-04-01,1,44,http://www.jstor.org/stable/2871177,Carolyn Ruth Swift,Folger Shakespeare Library,eng,96,100,,2839,5,unigram; bigram; trigram
http://www.jstor.org/stable/2867275,Review Article,Shakespeare Quarterly,1961,,article,jstor,1961-01-01,1,12,http://www.jstor.org/stable/2867275,Frances Carpenter,Folger Shakespeare Library,eng,64,65,,677,2,unigram; bigram; trigram
http://www.jstor.org/stable/3844115,Review Article,Shakespeare Quarterly,2003,,article,jstor,2003-10-01,3,54,http://www.jstor.org/stable/3844115,Michael Anderegg,Folger Shakespeare Library,eng,349,351,,1289,3,unigram; bigram; trigram
http://www.jstor.org/stable/3844106,Review Article,Shakespeare Quarterly,2003,,article,jstor,2003-10-01,3,54,http://www.jstor.org/stable/3844106,Anne M. O'Donnell,Folger Shakespeare Library,eng,328,330,,1530,3,unigram; bigram; trigram
http://www.jstor.org/stable/2867052,A Note on Romeo and Juliet I. III. 89-90,Shakespeare Quarterly,1959,,article,jstor,1959-01-01,1,10,http://www.jstor.org/stable/2867052,Taylor Culbert,Folger Shakespeare Library,eng,129,132,,1285,4,unigram; bigram; trigram
http://www.jstor.org/stable/2870496,Review Article,Shakespeare Quarterly,1990,,article,jstor,1990-10-01,3,41,http://www.jstor.org/stable/2870496,Michael Cohen,Folger Shakespeare Library,eng,391,394,,2555,4,unigram; bigram; trigram
http://www.jstor.org/stable/2868392,[Illustration]: Woodcut Illustration of Plautus' Asinaria,Shakespeare Quarterly,1970,,article,jstor,1970-01-01,1,21,http://www.jstor.org/stable/2868392,,Folger Shakespeare Library,eng,,,,92,1,unigram; bigram; trigram
http://www.jstor.org/stable/2869774,The Reviewer as Historian,Shakespeare Quarterly,1985,,article,jstor,1985-01-01,5,36,http://www.jstor.org/stable/2869774,Ralph Berry,Folger Shakespeare Library,eng,594,597,,2416,4,unigram; bigram; trigram
http://www.jstor.org/stable/2867983,Reviews of Books Previously Recorded in Shakespeare Quarterly Bibliographies,Shakespeare Quarterly,1968,,article,jstor,1968-07-01,3,19,http://www.jstor.org/stable/2867983,Rudolph E. Habenicht,Folger Shakespeare Library,eng,281,292,,5284,12,unigram; bigram; trigram
http://www.jstor.org/stable/2866518,Shakespeare: An Annotated Bibliography for 1951,Shakespeare Quarterly,1952,,article,jstor,1952-04-01,2,3,http://www.jstor.org/stable/2866518,Sidney Thomas,Folger Shakespeare Library,eng,149,184,,17785,36,unigram; bigram; trigram
http://www.jstor.org/stable/2866990,The Argument of A Midsummer Night's Dream,Shakespeare Quarterly,1957,,article,jstor,1957-07-01,3,8,http://www.jstor.org/stable/2866990,Peter F. Fisher,Folger Shakespeare Library,eng,307,310,,1995,4,unigram; bigram; trigram
http://www.jstor.org/stable/2869451,Back Matter,Shakespeare Quarterly,1977,,article,jstor,1977-10-01,4,28,http://www.jstor.org/stable/2869451,,Folger Shakespeare Library,eng,,,,668,3,unigram; bigram; trigram
http://www.jstor.org/stable/2870181,Tables of Elizabethans,Shakespeare Quarterly,1984,,article,jstor,1984-12-01,4,35,http://www.jstor.org/stable/2870181,,Folger Shakespeare Library,eng,498,499,,553,2,unigram; bigram; trigram
http://www.jstor.org/stable/2870506,"Castrating (W)itches: Impotence and Magic in ""The Merry Wives of Windsor""",Shakespeare Quarterly,1987,,article,jstor,1987-10-01,3,38,http://www.jstor.org/stable/2870506,Nancy Cotton,Folger Shakespeare Library,eng,320,326,,3746,7,unigram; bigram; trigram
http://www.jstor.org/stable/2868680,"Shakespeare in Vermont, 1972",Shakespeare Quarterly,1972,,article,jstor,1972-10-01,4,23,http://www.jstor.org/stable/2868680,William C. Haponski,Folger Shakespeare Library,eng,417,419,,1247,3,unigram; bigram; trigram
http://www.jstor.org/stable/2867798,Back Matter,Shakespeare Quarterly,1963,,article,jstor,1963-04-01,2,14,http://www.jstor.org/stable/2867798,,Folger Shakespeare Library,eng,192,192,,343,1,unigram; bigram; trigram
http://www.jstor.org/stable/2868208,Idolatrous Love: A New Approach to Othello,Shakespeare Quarterly,1968,,article,jstor,1968-04-01,2,19,http://www.jstor.org/stable/2868208,R. N. Hallstead,Folger Shakespeare Library,eng,107,124,,9887,18,unigram; bigram; trigram
http://www.jstor.org/stable/2870288,Desolation and the Better Life: The Two Voices of Shakespearean Tragedy,Shakespeare Quarterly,1981,,article,jstor,1981-04-01,1,32,http://www.jstor.org/stable/2870288,René E. Fortin,Folger Shakespeare Library,eng,80,94,,7540,15,unigram; bigram; trigram
http://www.jstor.org/stable/2871279,Glass Slippers and Seven-League Boots: C-Prompted Doubts about Ascribing A Funeral Elegy and A Lover's Complaint to Shakespeare,Shakespeare Quarterly,1997,,article,jstor,1997-07-01,2,48,http://www.jstor.org/stable/2871279,Ward E. Y. Elliott; Robert J. Valenza,Folger Shakespeare Library,eng,177,207,,17326,31,unigram; bigram; trigram
http://www.jstor.org/stable/2866574,Distressful Bread,Shakespeare Quarterly,1953,,article,jstor,1953-01-01,1,4,http://www.jstor.org/stable/2866574,G. B. Harrison,Folger Shakespeare Library,eng,105,105,,129,1,unigram; bigram; trigram
http://www.jstor.org/stable/2868358,A Lost Paragraph in the Revels Constitution,Shakespeare Quarterly,1973,,article,jstor,1973-07-01,3,24,http://www.jstor.org/stable/2868358,John Doebler,Folger Shakespeare Library,eng,333,334,,656,2,unigram; bigram; trigram
http://www.jstor.org/stable/2870329,Name-Calling and the New Oxford Henry V,Shakespeare Quarterly,1985,,article,jstor,1985-12-01,4,36,http://www.jstor.org/stable/2870329,Jennifer Krauss,Folger Shakespeare Library,eng,523,525,,2167,3,unigram; bigram; trigram
http://www.jstor.org/stable/40468385,Review Article,Shakespeare Quarterly,2009,,article,jstor,2009-12-01,4,60,http://www.jstor.org/stable/40468385,Jay L. Halio,Folger Shakespeare Library,eng,481,483,,1357,3,unigram; bigram; trigram
http://www.jstor.org/stable/2868566,The Fairies of A Midsummer Night's Dream,Shakespeare Quarterly,1969,,article,jstor,1969-10-01,4,20,http://www.jstor.org/stable/2868566,Standish Henning,Folger Shakespeare Library,eng,484,486,,965,3,unigram; bigram; trigram
http://www.jstor.org/stable/3844204,Review Article,Shakespeare Quarterly,2004,,article,jstor,2004-12-01,4,55,http://www.jstor.org/stable/3844204,Graham Holderness,Folger Shakespeare Library,eng,469,471,,1611,3,unigram; bigram; trigram
http://www.jstor.org/stable/2871295,Retrieving Jonson's Petrarch,Shakespeare Quarterly,1994,,article,jstor,1994-04-01,1,45,http://www.jstor.org/stable/2871295,Christopher Martin,Folger Shakespeare Library,eng,89,92,,1418,4,unigram; bigram; trigram
http://www.jstor.org/stable/2866781,Front Matter,Shakespeare Quarterly,1962,,article,jstor,1962-04-01,2,13,http://www.jstor.org/stable/2866781,,Folger Shakespeare Library,eng,135,136,,401,2,unigram; bigram; trigram
http://www.jstor.org/stable/2871351,Measure for Measure,Shakespeare Quarterly,1997,,article,jstor,1997-01-01,5,48,http://www.jstor.org/stable/2871351,,Folger Shakespeare Library,eng,683,687,,4042,5,unigram; bigram; trigram
http://www.jstor.org/stable/2867107,"[Illustration]: York. From John Speed's ""The Theatre of the Empire of Great Britaine"" (1614).",Shakespeare Quarterly,1959,,article,jstor,1959-10-01,4,10,http://www.jstor.org/stable/2867107,,Folger Shakespeare Library,eng,568,568,,38,1,unigram; bigram; trigram
http://www.jstor.org/stable/2870264,Shakespeare in Denmark,Shakespeare Quarterly,1981,,article,jstor,1981-10-01,3,32,http://www.jstor.org/stable/2870264,Ingeborg Nixon,Folger Shakespeare Library,eng,374,375,,906,2,unigram; bigram; trigram
http://www.jstor.org/stable/3844072,"Shakescorp ""Noir""",Shakespeare Quarterly,2002,,article,jstor,2002-07-01,2,53,http://www.jstor.org/stable/3844072,Douglas M. Lanier,Folger Shakespeare Library,eng,157,180,,11511,25,unigram; bigram; trigram
http://www.jstor.org/stable/40468384,"Speaking with the Dead: The RSC History Cycle, 2007-8",Shakespeare Quarterly,2009,,article,jstor,2009-12-01,4,60,http://www.jstor.org/stable/40468384,Lois Potter,Folger Shakespeare Library,eng,470,480,,4059,11,unigram; bigram; trigram
http://www.jstor.org/stable/2866537,Review Article,Shakespeare Quarterly,1954,,article,jstor,1954-01-01,1,5,http://www.jstor.org/stable/2866537,Clifford Leech,Folger Shakespeare Library,eng,88,90,,1201,3,unigram; bigram; trigram
http://www.jstor.org/stable/2870174,Shakespeare in Sydney And Melbourne,Shakespeare Quarterly,1984,,article,jstor,1984-12-01,4,35,http://www.jstor.org/stable/2870174,Robyn Heales; Dennis Bartholomeusz,Folger Shakespeare Library,eng,479,484,,3896,6,unigram; bigram; trigram
http://www.jstor.org/stable/2870867,The Shenandoah Shakespeare Express,Shakespeare Quarterly,1992,,article,jstor,1992-12-01,4,43,http://www.jstor.org/stable/2870867,Stephen Booth,Folger Shakespeare Library,eng,479,483,,2958,5,unigram; bigram; trigram
http://www.jstor.org/stable/23025645,"Intoxicating Rhythms: Or, Shakespeare, Literary Drama, and Performance (Studies)",Shakespeare Quarterly,2011,,article,jstor,2011-10-01,3,62,http://www.jstor.org/stable/23025645,W. B. Worthen,Folger Shakespeare Library,eng,309,339,,14254,31,unigram; bigram; trigram
http://www.jstor.org/stable/2869476,God's Secrets and Bottom's Name: A Reply,Shakespeare Quarterly,1979,,article,jstor,1979-07-01,3,30,http://www.jstor.org/stable/2869476,"Robert F. Willson, Jr.",Folger Shakespeare Library,eng,407,408,,908,2,unigram; bigram; trigram
http://www.jstor.org/stable/2870310,The Red Lion Playhouse: Two Notes,Shakespeare Quarterly,1985,,article,jstor,1985-12-01,,4,http://www.jstor.org/stable/2870310,John H. Astington,Folger Shakespeare Library,eng,456,457,,1614,2,unigram; bigram; trigram
http://www.jstor.org/stable/2869562,"From the Editor: The ""New"" World Shakespeare Bibliography",Shakespeare Quarterly,1976,,article,jstor,1976-10-01,4,27,http://www.jstor.org/stable/2869562,,Folger Shakespeare Library,eng,387,387,,518,1,unigram; bigram; trigram
http://www.jstor.org/stable/2871222,Review Article,Shakespeare Quarterly,1994,,article,jstor,1994-07-01,2,45,http://www.jstor.org/stable/2871222,Lois Potter,Folger Shakespeare Library,eng,238,239,,833,2,unigram; bigram; trigram
http://www.jstor.org/stable/2870472,Review Article,Shakespeare Quarterly,1991,,article,jstor,1991-12-01,4,42,http://www.jstor.org/stable/2870472,H. R. Coursen,Folger Shakespeare Library,eng,498,501,,1658,4,unigram; bigram; trigram
http://www.jstor.org/stable/2866625,Review Article,Shakespeare Quarterly,1955,,article,jstor,1955-07-01,3,6,http://www.jstor.org/stable/2866625,Kenneth Muir,Folger Shakespeare Library,eng,348,349,,768,2,unigram; bigram; trigram
http://www.jstor.org/stable/2868475,Review Article,Shakespeare Quarterly,1974,,article,jstor,1974-04-01,2,25,http://www.jstor.org/stable/2868475,Roland Mushat Frye,Folger Shakespeare Library,eng,275,275,,275,1,unigram; bigram; trigram
http://www.jstor.org/stable/4123495,"The Winchester Crux in the First Folio's ""1 Henry VI""",Shakespeare Quarterly,2006,,article,jstor,2006-12-01,4,57,http://www.jstor.org/stable/4123495,Karl P. Wentersdorf,Folger Shakespeare Library,eng,443,449,,3325,7,unigram; bigram; trigram
http://www.jstor.org/stable/2867638,"[Illustration]: Fleas. ""This be the most villainous house in all London road for fleas""",Shakespeare Quarterly,1967,,article,jstor,1967-10-01,4,18,http://www.jstor.org/stable/2867638,,Folger Shakespeare Library,eng,416,416,,35,1,unigram; bigram; trigram
http://www.jstor.org/stable/2868221,Review Article,Shakespeare Quarterly,1968,,article,jstor,1968-04-01,2,19,http://www.jstor.org/stable/2868221,Baldwin Maxwell,Folger Shakespeare Library,eng,179,180,,785,2,unigram; bigram; trigram
http://www.jstor.org/stable/2867568,Review Article,Shakespeare Quarterly,1957,,article,jstor,1957-10-01,4,8,http://www.jstor.org/stable/2867568,Hereward T. Price,Folger Shakespeare Library,eng,541,542,,787,2,unigram; bigram; trigram
http://www.jstor.org/stable/2868357,Ironic Epithet in Julius Caesar,Shakespeare Quarterly,1973,,article,jstor,1973-07-01,3,24,http://www.jstor.org/stable/2868357,Robert C. Reynolds,Folger Shakespeare Library,eng,329,333,,1940,5,unigram; bigram; trigram
http://www.jstor.org/stable/2867096,Acts IV and V of Timon of Athens,Shakespeare Quarterly,1959,,article,jstor,1959-10-01,4,10,http://www.jstor.org/stable/2867096,Winifred M. T. Nowottny,Folger Shakespeare Library,eng,493,497,,2833,5,unigram; bigram; trigram
http://www.jstor.org/stable/2868773,"A Logical Note on ""Barbary""",Shakespeare Quarterly,1971,,article,jstor,1971-01-01,1,22,http://www.jstor.org/stable/2868773,Stephen G. Bolger,Folger Shakespeare Library,eng,79,80,,587,2,unigram; bigram; trigram
http://www.jstor.org/stable/2869915,Historical Scholarship And Literary Analysis,Shakespeare Quarterly,1983,,article,jstor,1983-10-01,3,34,http://www.jstor.org/stable/2869915,Marion Trousdale,Folger Shakespeare Library,eng,376,377,,1042,2,unigram; bigram; trigram
http://www.jstor.org/stable/2866843,"""Repentant Ashes"": The Matrix of ""Shakespearian"" Poetic Language",Shakespeare Quarterly,1962,,article,jstor,1962-07-01,3,13,http://www.jstor.org/stable/2866843,Robert D. Stevick,Folger Shakespeare Library,eng,366,370,,2208,5,unigram; bigram; trigram
http://www.jstor.org/stable/2868561,Review Article,Shakespeare Quarterly,1969,,article,jstor,1969-10-01,4,20,http://www.jstor.org/stable/2868561,Lewis F. Ball,Folger Shakespeare Library,eng,478,479,,123,2,unigram; bigram; trigram
http://www.jstor.org/stable/2902292,Review Article,Shakespeare Quarterly,1999,,article,jstor,1999-12-01,4,50,http://www.jstor.org/stable/2902292,Megan Matchinske,Folger Shakespeare Library,eng,540,541,,1285,2,unigram; bigram; trigram
http://www.jstor.org/stable/2868839,Review Article,Shakespeare Quarterly,1970,,article,jstor,1970-04-01,2,21,http://www.jstor.org/stable/2868839,Thomas B. Stroup,Folger Shakespeare Library,eng,188,189,,872,2,unigram; bigram; trigram
http://www.jstor.org/stable/2868080,Review Article,Shakespeare Quarterly,1967,,article,jstor,1967-01-01,1,18,http://www.jstor.org/stable/2868080,Karl P. Wentersdorf,Folger Shakespeare Library,eng,91,93,,1314,3,unigram; bigram; trigram
http://www.jstor.org/stable/2867174,Margaret of Anjou: Romantic Princess and Troubled Queen,Shakespeare Quarterly,1958,,article,jstor,1958-01-01,1,9,http://www.jstor.org/stable/2867174,Thomas H. McNeal,Folger Shakespeare Library,eng,1,10,,5119,10,unigram; bigram; trigram
http://www.jstor.org/stable/2866054,Shakespeare Through the Camera's Eye 1953-1954,Shakespeare Quarterly,1955,,article,jstor,1955-01-01,1,6,http://www.jstor.org/stable/2866054,Alice Griffin,Folger Shakespeare Library,eng,63,66,,1704,4,unigram; bigram; trigram
http://www.jstor.org/stable/2866566,Review Article,Shakespeare Quarterly,1953,,article,jstor,1953-01-01,1,4,http://www.jstor.org/stable/2866566,M. C. Bradbrook,Folger Shakespeare Library,eng,93,93,,412,1,unigram; bigram; trigram
http://www.jstor.org/stable/2867232,"Lasso's Music for Shakespeare's ""Samingo""",Shakespeare Quarterly,1958,,article,jstor,1958-04-01,2,9,http://www.jstor.org/stable/2867232,Frederick W. Sternfeld,Folger Shakespeare Library,eng,105,116,,6893,12,unigram; bigram; trigram
http://www.jstor.org/stable/2868112,Review Article,Shakespeare Quarterly,1964,,article,jstor,1964-10-01,4,15,http://www.jstor.org/stable/2868112,Sybil Rosenfeld,Folger Shakespeare Library,eng,435,436,,559,2,unigram; bigram; trigram
http://www.jstor.org/stable/2868548,The Colorado Shakespeare Festival-1969,Shakespeare Quarterly,1969,,article,jstor,1969-10-01,4,20,http://www.jstor.org/stable/2868548,J. H. Crouch,Folger Shakespeare Library,eng,455,458,,2426,8,unigram; bigram; trigram
http://www.jstor.org/stable/2871342,3 Henry VI,Shakespeare Quarterly,1997,,article,jstor,1997-01-01,5,48,http://www.jstor.org/stable/2871342,,Folger Shakespeare Library,eng,653,654,,269,2,unigram; bigram; trigram
http://www.jstor.org/stable/3844081,"Early Modern Mobility: Players, Payments, and Patrons",Shakespeare Quarterly,2005,,article,jstor,2005-10-01,3,56,http://www.jstor.org/stable/3844081,Barbara D. Palmer,Folger Shakespeare Library,eng,259,305,,20231,47,unigram; bigram; trigram
http://www.jstor.org/stable/2869300,New Jersey Shakespeare Festival,Shakespeare Quarterly,1979,,article,jstor,1979-04-01,2,30,http://www.jstor.org/stable/2869300,Frank Occhiogrosso,Folger Shakespeare Library,eng,189,191,,1471,3,unigram; bigram; trigram
http://www.jstor.org/stable/4123523,Review Article,Shakespeare Quarterly,2006,,article,jstor,2006-10-01,3,57,http://www.jstor.org/stable/4123523,Ayanna Thompson,Folger Shakespeare Library,eng,361,363,,1248,3,unigram; bigram; trigram
http://www.jstor.org/stable/3844247,Review Article,Shakespeare Quarterly,2002,,article,jstor,2002-12-01,4,53,http://www.jstor.org/stable/3844247,Luke Wilson,Folger Shakespeare Library,eng,564,566,,1794,3,unigram; bigram; trigram
http://www.jstor.org/stable/2868748,Review Article,Shakespeare Quarterly,1973,,article,jstor,1973-01-01,1,24,http://www.jstor.org/stable/2868748,John L. Lievsay,Folger Shakespeare Library,eng,95,96,,362,2,unigram; bigram; trigram
http://www.jstor.org/stable/40210251,Review Article,Shakespeare Quarterly,2008,,article,jstor,2008-04-01,1,59,http://www.jstor.org/stable/40210251,Ben Saunders,Folger Shakespeare Library,eng,98,101,,1717,4,unigram; bigram; trigram
http://www.jstor.org/stable/2867923,Review Article,Shakespeare Quarterly,1966,,article,jstor,1966-10-01,,4,http://www.jstor.org/stable/2867923,Richard W. Van Fossen,Folger Shakespeare Library,eng,427,428,,646,2,unigram; bigram; trigram
http://www.jstor.org/stable/2870063,Shakespeare USA: The BBC Plays And American Education,Shakespeare Quarterly,1984,,article,jstor,1984-01-01,5,35,http://www.jstor.org/stable/2870063,Michael Mullin,Folger Shakespeare Library,eng,582,589,,4448,8,unigram; bigram; trigram
http://www.jstor.org/stable/2869468,Front Matter,Shakespeare Quarterly,1979,,article,jstor,1979-07-01,3,30,http://www.jstor.org/stable/2869468,,Folger Shakespeare Library,eng,321,418,,2113,7,unigram; bigram; trigram
http://www.jstor.org/stable/2870243,Is Self-Sufficiency Sufficient?,Shakespeare Quarterly,1983,,article,jstor,1983-04-01,1,34,http://www.jstor.org/stable/2870243,Paul Ramsey,Folger Shakespeare Library,eng,127,128,,1050,2,unigram; bigram; trigram
http://www.jstor.org/stable/40210259,Back Matter,Shakespeare Quarterly,2008,,article,jstor,2008-04-01,1,59,http://www.jstor.org/stable/40210259,,Folger Shakespeare Library,eng,,,,2625,12,unigram; bigram; trigram
http://www.jstor.org/stable/2868314,St. George for Spelling Reform!,Shakespeare Quarterly,1964,,article,jstor,1964-07-01,3,15,http://www.jstor.org/stable/2868314,M. C. Bradbrook,Folger Shakespeare Library,eng,129,141,,7142,13,unigram; bigram; trigram
http://www.jstor.org/stable/2866715,Shakespeare Clubs and Study Groups,Shakespeare Quarterly,1952,,article,jstor,1952-10-01,4,3,http://www.jstor.org/stable/2866715,,Folger Shakespeare Library,eng,394,394,,278,1,unigram; bigram; trigram
http://www.jstor.org/stable/2867600,"[Illustration]: A hopeless chest? J. Cats,... Ouderdom... (1655)",Shakespeare Quarterly,1966,,article,jstor,1966-01-01,1,17,http://www.jstor.org/stable/2867600,,Folger Shakespeare Library,eng,18,18,,21,1,unigram; bigram; trigram
http://www.jstor.org/stable/2869756,"Shakespeare At Santa Cruz, Stanford, and San Jose",Shakespeare Quarterly,1982,,article,jstor,1982-10-01,3,33,http://www.jstor.org/stable/2869756,Mary Judith Dunbar,Folger Shakespeare Library,eng,394,395,,1666,2,unigram; bigram; trigram
http://www.jstor.org/stable/2870465,"The Shakespeare Theatre at the Folger, 1990-91",Shakespeare Quarterly,1991,,article,jstor,1991-12-01,4,42,http://www.jstor.org/stable/2870465,Miranda Johnson-Haddad,Folger Shakespeare Library,eng,472,484,,8545,13,unigram; bigram; trigram
http://www.jstor.org/stable/2902239,Review Article,Shakespeare Quarterly,1998,,article,jstor,1998-12-01,4,49,http://www.jstor.org/stable/2902239,Nora Johnson,Folger Shakespeare Library,eng,432,434,,1395,3,unigram; bigram; trigram
http://www.jstor.org/stable/2870984,Review Article,Shakespeare Quarterly,1995,,article,jstor,1995-12-01,4,46,http://www.jstor.org/stable/2870984,Meredith Anne Skura,Folger Shakespeare Library,eng,465,467,,1481,3,unigram; bigram; trigram
http://www.jstor.org/stable/2867167,Two Hitherto Unpublished Settings of Sonnets from the Passionate Pilgrime,Shakespeare Quarterly,1958,,article,jstor,1958-10-01,4,9,http://www.jstor.org/stable/2867167,John P. Cutts,Folger Shakespeare Library,eng,588,594,,1680,9,unigram; bigram; trigram
http://www.jstor.org/stable/2871322,General Studies,Shakespeare Quarterly,1997,,article,jstor,1997-01-01,5,48,http://www.jstor.org/stable/2871322,,Folger Shakespeare Library,eng,561,596,,30649,36,unigram; bigram; trigram
http://www.jstor.org/stable/2869641,Shakespeare and Emerging Cultural Values,Shakespeare Quarterly,1977,,article,jstor,1977-01-01,1,28,http://www.jstor.org/stable/2869641,Alvin Kernan,Folger Shakespeare Library,eng,96,98,,1818,3,unigram; bigram; trigram
http://www.jstor.org/stable/2866501,Theatre Into Globe,Shakespeare Quarterly,1952,,article,jstor,1952-04-01,2,3,http://www.jstor.org/stable/2866501,Irwin Smith,Folger Shakespeare Library,eng,113,120,,2907,8,unigram; bigram; trigram
http://www.jstor.org/stable/2871018,The Gastric Epic: Troilus and Cressida,Shakespeare Quarterly,1997,,article,jstor,1997-10-01,3,48,http://www.jstor.org/stable/2871018,David Hillman,Folger Shakespeare Library,eng,295,313,,11629,19,unigram; bigram; trigram
http://www.jstor.org/stable/23025636,Review Article,Shakespeare Quarterly,2011,,article,jstor,2011-07-01,2,62,http://www.jstor.org/stable/23025636,James Kearney,Folger Shakespeare Library,eng,286,289,,1882,4,unigram; bigram; trigram
http://www.jstor.org/stable/24778579,Back Matter,Shakespeare Quarterly,2014,,article,jstor,2014-12-01,4,65,http://www.jstor.org/stable/24778579,,Folger Shakespeare Library,eng,,,,387,2,unigram; bigram; trigram
http://www.jstor.org/stable/2868624,"Another ""Germ"" of the Garden Scene in Richard II?",Shakespeare Quarterly,1973,,article,jstor,1973-10-01,4,24,http://www.jstor.org/stable/2868624,R. Levitsky,Folger Shakespeare Library,eng,466,467,,895,2,unigram; bigram; trigram
http://www.jstor.org/stable/40468391,Review Article,Shakespeare Quarterly,2009,,article,jstor,2009-12-01,4,60,http://www.jstor.org/stable/40468391,Juliet Fleming,Folger Shakespeare Library,eng,502,504,,894,3,unigram; bigram; trigram
http://www.jstor.org/stable/2866438,The Increase in Popularity of Shakespeare's Plays in the Eighteenth Century: A Caveat for Interpretors of Stage History,Shakespeare Quarterly,1956,,article,jstor,1956-04-01,2,7,http://www.jstor.org/stable/2866438,Arthur H. Scouten,Folger Shakespeare Library,eng,189,202,,7506,14,unigram; bigram; trigram
http://www.jstor.org/stable/2871294,A New Discovery about Shakespeare's Estate in Old Stratford,Shakespeare Quarterly,1994,,article,jstor,1994-04-01,1,45,http://www.jstor.org/stable/2871294,Màiri Macdonald,Folger Shakespeare Library,eng,87,89,,2226,3,unigram; bigram; trigram
http://www.jstor.org/stable/2869376,"""Like the Base Judean""",Shakespeare Quarterly,1980,,article,jstor,1980-04-01,1,31,http://www.jstor.org/stable/2869376,Naseeb Shaheen,Folger Shakespeare Library,eng,93,95,,1434,3,unigram; bigram; trigram
http://www.jstor.org/stable/2870605,Announcements,Shakespeare Quarterly,1988,,article,jstor,1988-04-01,1,39,http://www.jstor.org/stable/2870605,,Folger Shakespeare Library,eng,136,136,,315,1,unigram; bigram; trigram
http://www.jstor.org/stable/2869698,Shakespeare and Renaissance Solitude,Shakespeare Quarterly,1984,,article,jstor,1984-04-01,1,35,http://www.jstor.org/stable/2869698,Frederick O. Waage,Folger Shakespeare Library,eng,114,116,,1705,3,unigram; bigram; trigram
http://www.jstor.org/stable/3844095,"From Strange's Men to Pembroke's Men: 2 ""Henry VI"" and The First Part of the Contention",Shakespeare Quarterly,2003,,article,jstor,2003-10-01,3,54,http://www.jstor.org/stable/3844095,Lawrence Manley,Folger Shakespeare Library,eng,253,287,,17256,35,unigram; bigram; trigram
http://www.jstor.org/stable/2866112,The Marriage of Duke Vincentio and Isabella,Shakespeare Quarterly,1956,,article,jstor,1956-01-01,1,7,http://www.jstor.org/stable/2866112,Norman Nathan,Folger Shakespeare Library,eng,43,45,,1076,3,unigram; bigram; trigram
http://www.jstor.org/stable/4624976,"Kneehigh's Dream of ""Cymbeline""",Shakespeare Quarterly,2007,,article,jstor,2007-07-01,2,58,http://www.jstor.org/stable/4624976,Valerie Wayne,Folger Shakespeare Library,eng,228,237,,3252,10,unigram; bigram; trigram
http://www.jstor.org/stable/2869834,Lucrece's Re-Creation,Shakespeare Quarterly,1983,,article,jstor,1983-07-01,2,34,http://www.jstor.org/stable/2869834,Laura G. Bromley,Folger Shakespeare Library,eng,200,211,,6478,12,unigram; bigram; trigram
http://www.jstor.org/stable/2867988,Front Matter,Shakespeare Quarterly,1962,,article,jstor,1962-10-01,4,13,http://www.jstor.org/stable/2867988,,Folger Shakespeare Library,eng,,,,461,2,unigram; bigram; trigram
http://www.jstor.org/stable/2867479,Back Matter,Shakespeare Quarterly,1961,,article,jstor,1961-10-01,4,12,http://www.jstor.org/stable/2867479,,Folger Shakespeare Library,eng,479,479,,429,1,unigram; bigram; trigram
http://www.jstor.org/stable/2866663,Review Article,Shakespeare Quarterly,1951,,article,jstor,1951-07-01,3,2,http://www.jstor.org/stable/2866663,R. C. Bald,Folger Shakespeare Library,eng,257,259,,875,3,unigram; bigram; trigram
http://www.jstor.org/stable/2870307,Eighteenth-Century Adaptations Of Shakespeare and the Example of John Dennis,Shakespeare Quarterly,1985,,article,jstor,1985-12-01,4,36,http://www.jstor.org/stable/2870307,David Wheeler,Folger Shakespeare Library,eng,438,449,,6236,12,unigram; bigram; trigram
http://www.jstor.org/stable/4123520,Review Article,Shakespeare Quarterly,2006,,article,jstor,2006-10-01,3,57,http://www.jstor.org/stable/4123520,Zackariah C. Long,Folger Shakespeare Library,eng,353,356,,1696,4,unigram; bigram; trigram
http://www.jstor.org/stable/2867090,"[Illustration]: Nonsuch Palace. From Braun and Hogenburg's ""Civitates Orbis Terrarum"" (c. 1582).",Shakespeare Quarterly,1959,,article,jstor,1959-10-01,4,10,http://www.jstor.org/stable/2867090,,Folger Shakespeare Library,eng,460,460,,86,1,unigram; bigram; trigram
http://www.jstor.org/stable/2866129,Review Article,Shakespeare Quarterly,1956,,article,jstor,1956-01-01,1,7,http://www.jstor.org/stable/2866129,Alfred Harbage,Folger Shakespeare Library,eng,116,118,,727,3,unigram; bigram; trigram
http://www.jstor.org/stable/2866445,Shakespeare Through the Camera's Eye: III,Shakespeare Quarterly,1956,,article,jstor,1956-04-01,2,7,http://www.jstor.org/stable/2866445,Alice Griffin,Folger Shakespeare Library,eng,235,240,,3334,10,unigram; bigram; trigram
http://www.jstor.org/stable/2868393,Front Matter,Shakespeare Quarterly,1970,,article,jstor,1970-01-01,1,21,http://www.jstor.org/stable/2868393,,Folger Shakespeare Library,eng,1,2,,665,2,unigram; bigram; trigram
http://www.jstor.org/stable/3844348,Review Article,Shakespeare Quarterly,2002,,article,jstor,2002-10-01,3,53,http://www.jstor.org/stable/3844348,Andrew James Hartley,Folger Shakespeare Library,eng,388,390,,1662,3,unigram; bigram; trigram
http://www.jstor.org/stable/2870353,In Search of Shakespeare's Earliest Editors,Shakespeare Quarterly,1982,,article,jstor,1982-04-01,1,33,http://www.jstor.org/stable/2870353,Steven Urkowitz,Folger Shakespeare Library,eng,117,118,,1039,2,unigram; bigram; trigram
http://www.jstor.org/stable/2866676,Katharine Hepburn's As You Like It,Shakespeare Quarterly,1950,,article,jstor,1950-04-01,2,1,http://www.jstor.org/stable/2866676,Mary Crapo Hyde,Folger Shakespeare Library,eng,55,94,,1113,7,unigram; bigram; trigram
http://www.jstor.org/stable/2871417,Back Matter,Shakespeare Quarterly,1997,,article,jstor,1997-04-01,1,48,http://www.jstor.org/stable/2871417,,Folger Shakespeare Library,eng,118,119,,1981,8,unigram; bigram; trigram
http://www.jstor.org/stable/2866828,Review Article,Shakespeare Quarterly,1962,,article,jstor,1962-07-01,3,13,http://www.jstor.org/stable/2866828,Waveney R. N. Payne,Folger Shakespeare Library,eng,345,347,,1194,3,unigram; bigram; trigram
http://www.jstor.org/stable/2868346,Index,Shakespeare Quarterly,1964,,article,jstor,1964-07-01,3,15,http://www.jstor.org/stable/2868346,Robert W. Dent,Folger Shakespeare Library,eng,310,325,,7679,16,unigram; bigram; trigram
http://www.jstor.org/stable/40985629,"Staging on the Road, 1586-1594: A New Look at Some Old Assumptions",Shakespeare Quarterly,2010,,article,jstor,2010-12-01,4,61,http://www.jstor.org/stable/40985629,Leslie Thomson,Folger Shakespeare Library,eng,526,550,,11503,25,unigram; bigram; trigram
http://www.jstor.org/stable/2867507,"Shakespeare and Arnold's ""Dover Beach""",Shakespeare Quarterly,1960,,article,jstor,1960-10-01,4,11,http://www.jstor.org/stable/2867507,Nicholas A. Salerno,Folger Shakespeare Library,eng,495,496,,333,2,unigram; bigram; trigram
http://www.jstor.org/stable/2869991,Biography and Milieu,Shakespeare Quarterly,1981,,article,jstor,1981-12-01,4,32,http://www.jstor.org/stable/2869991,Harrison T. Meserole; John B. Smith,Folger Shakespeare Library,eng,444,446,,1473,3,unigram; bigram; trigram
http://www.jstor.org/stable/2870512,Review Article,Shakespeare Quarterly,1987,,article,jstor,1987-10-01,3,38,http://www.jstor.org/stable/2870512,Coppélia Kahn,Folger Shakespeare Library,eng,368,371,,1720,4,unigram; bigram; trigram
http://www.jstor.org/stable/2902210,Review Article,Shakespeare Quarterly,1998,,article,jstor,1998-04-01,1,49,http://www.jstor.org/stable/2902210,R. A. Foakes,Folger Shakespeare Library,eng,87,88,,1227,2,unigram; bigram; trigram
http://www.jstor.org/stable/2866670,The Colossus at Rhodes,Shakespeare Quarterly,1951,,article,jstor,1951-07-01,3,2,http://www.jstor.org/stable/2866670,Dorothy Burr Thompson,Folger Shakespeare Library,eng,270,270,,122,1,unigram; bigram; trigram
http://www.jstor.org/stable/4624974,"Unbuilding the City: ""Coriolanus"" and the Birth of Republican Rome",Shakespeare Quarterly,2007,,article,jstor,2007-07-01,2,58,http://www.jstor.org/stable/4624974,James Kuzner,Folger Shakespeare Library,eng,174,199,,12215,26,unigram; bigram; trigram
http://www.jstor.org/stable/2868727,Reviews of Books Previously Recorded in Shakespeare Quarterly Bibliographies,Shakespeare Quarterly,1971,,article,jstor,1971-07-01,3,22,http://www.jstor.org/stable/2868727,Rudolph E. Habenicht; Bruce Nesbitt,Folger Shakespeare Library,eng,279,291,,5472,13,unigram; bigram; trigram
http://www.jstor.org/stable/2870852,Review Article,Shakespeare Quarterly,1991,,article,jstor,1991-10-01,3,42,http://www.jstor.org/stable/2870852,Alexander Leggatt,Folger Shakespeare Library,eng,366,368,,1397,3,unigram; bigram; trigram
http://www.jstor.org/stable/2867936,Review Article,Shakespeare Quarterly,1966,,article,jstor,1966-10-01,4,17,http://www.jstor.org/stable/2867936,Ernest William Talbert,Folger Shakespeare Library,eng,437,438,,205,2,unigram; bigram; trigram
http://www.jstor.org/stable/2868883,Some Textual Implications of Tyrone Guthrie's 1953 Production of All's Well That Ends Well,Shakespeare Quarterly,1974,,article,jstor,1974-01-01,1,25,http://www.jstor.org/stable/2868883,Neil Carson,Folger Shakespeare Library,eng,52,60,,5078,9,unigram; bigram; trigram
http://www.jstor.org/stable/23025641,Review Article,Shakespeare Quarterly,2011,,article,jstor,2011-07-01,2,62,http://www.jstor.org/stable/23025641,Anston Bosman,Folger Shakespeare Library,eng,300,302,,1345,3,unigram; bigram; trigram
http://www.jstor.org/stable/2868347,Back Matter,Shakespeare Quarterly,1964,,article,jstor,1964-07-01,3,15,http://www.jstor.org/stable/2868347,,Folger Shakespeare Library,eng,243,243,,403,1,unigram; bigram; trigram
http://www.jstor.org/stable/2867020,Shakespeare's Plutarch,Shakespeare Quarterly,1959,,article,jstor,1959-01-01,1,10,http://www.jstor.org/stable/2867020,E. A. J. Honigmann,Folger Shakespeare Library,eng,25,33,,4465,9,unigram; bigram; trigram
http://www.jstor.org/stable/3844160,Review Article,Shakespeare Quarterly,2004,,article,jstor,2004-10-01,3,55,http://www.jstor.org/stable/3844160,Lisa S. Starks,Folger Shakespeare Library,eng,341,343,,1556,3,unigram; bigram; trigram
http://www.jstor.org/stable/2868937,Special Notice: Moratorium,Shakespeare Quarterly,1974,,article,jstor,1974-10-01,4,25,http://www.jstor.org/stable/2868937,,Folger Shakespeare Library,eng,387,387,,254,1,unigram; bigram; trigram
http://www.jstor.org/stable/2868317,[Illustration]: Baltimore Theatre,Shakespeare Quarterly,1964,,article,jstor,1964-07-01,3,15,http://www.jstor.org/stable/2868317,,Folger Shakespeare Library,eng,156,156,,293,1,unigram; bigram; trigram
http://www.jstor.org/stable/2870366,The Paradox of Timon's Self-Cursing,Shakespeare Quarterly,1984,,article,jstor,1984-10-01,3,35,http://www.jstor.org/stable/2870366,William O. Scott,Folger Shakespeare Library,eng,290,304,,8188,15,unigram; bigram; trigram
http://www.jstor.org/stable/3844308,Review Article,Shakespeare Quarterly,2005,,article,jstor,2005-07-01,2,56,http://www.jstor.org/stable/3844308,Steven W. May,Folger Shakespeare Library,eng,214,216,,1601,3,unigram; bigram; trigram
http://www.jstor.org/stable/2866394,The Folio Text of 2 Henry IV,Shakespeare Quarterly,1955,,article,jstor,1955-04-01,2,6,http://www.jstor.org/stable/2866394,M. A. Shaaber,Folger Shakespeare Library,eng,135,144,,5802,10,unigram; bigram; trigram
http://www.jstor.org/stable/2868084,Back Matter,Shakespeare Quarterly,1967,,article,jstor,1967-01-01,1,18,http://www.jstor.org/stable/2868084,,Folger Shakespeare Library,eng,98,98,,512,1,unigram; bigram; trigram
http://www.jstor.org/stable/2866420,The Reputation of Philip Henslowe,Shakespeare Quarterly,1950,,article,jstor,1950-07-01,3,1,http://www.jstor.org/stable/2866420,Murray Bromberg,Folger Shakespeare Library,eng,135,139,,2713,5,unigram; bigram; trigram
http://www.jstor.org/stable/41679760,Review Article,Shakespeare Quarterly,2012,,article,jstor,2012-07-01,2,63,http://www.jstor.org/stable/41679760,Kimberly Anne Coles,Folger Shakespeare Library,eng,273,276,,1764,4,unigram; bigram; trigram
http://www.jstor.org/stable/2867611,Review Article,Shakespeare Quarterly,1966,,article,jstor,1966-01-01,1,17,http://www.jstor.org/stable/2867611,M. A. Shaaber,Folger Shakespeare Library,eng,87,87,,458,1,unigram; bigram; trigram
http://www.jstor.org/stable/2870722,Front Matter,Shakespeare Quarterly,1989,,article,jstor,1989-10-01,3,40,http://www.jstor.org/stable/2870722,,Folger Shakespeare Library,eng,i,361,,1366,6,unigram; bigram; trigram
http://www.jstor.org/stable/2868807,Review Article,Shakespeare Quarterly,1971,,article,jstor,1971-04-01,2,22,http://www.jstor.org/stable/2868807,Frederick W. Hilles,Folger Shakespeare Library,eng,169,170,,1117,2,unigram; bigram; trigram
http://www.jstor.org/stable/3844097,Review Article,Shakespeare Quarterly,2003,,article,jstor,2003-10-01,3,54,http://www.jstor.org/stable/3844097,Heather Dubrow,Folger Shakespeare Library,eng,308,310,,1421,3,unigram; bigram; trigram
http://www.jstor.org/stable/2867647,Ducdame,Shakespeare Quarterly,1967,,article,jstor,1967-10-01,4,18,http://www.jstor.org/stable/2867647,Richard A. J. Knowles,Folger Shakespeare Library,eng,438,441,,1620,4,unigram; bigram; trigram
http://www.jstor.org/stable/2870634,Shakespeare in Canada: The 1987 Stratford Festival,Shakespeare Quarterly,1988,,article,jstor,1988-07-01,2,39,http://www.jstor.org/stable/2870634,Daniel J. Watermeier,Folger Shakespeare Library,eng,226,232,,4200,7,unigram; bigram; trigram
http://www.jstor.org/stable/40468403,"Dating ""As You like It,"" Epilogues and Prayers, and the Problems of ""As the Dial Hand Tells O'er""",Shakespeare Quarterly,2009,,article,jstor,2009-07-01,2,60,http://www.jstor.org/stable/40468403,Michael Hattaway,Folger Shakespeare Library,eng,154,167,,6971,14,unigram; bigram; trigram
http://www.jstor.org/stable/2866594,Review Article,Shakespeare Quarterly,1954,,article,jstor,1954-04-01,2,5,http://www.jstor.org/stable/2866594,George C. Taylor,Folger Shakespeare Library,eng,192,195,,1963,4,unigram; bigram; trigram
http://www.jstor.org/stable/2869002,Edmund's Conception and Nativity in King Lear,Shakespeare Quarterly,1969,,article,jstor,1969-04-01,2,20,http://www.jstor.org/stable/2869002,Harry Rusche,Folger Shakespeare Library,eng,161,164,,1776,4,unigram; bigram; trigram
http://www.jstor.org/stable/2869939,From the New Criticism To Post-Structuralist Metadramatic Criticism,Shakespeare Quarterly,1984,,article,jstor,1984-07-01,2,35,http://www.jstor.org/stable/2869939,Mark Rose,Folger Shakespeare Library,eng,232,234,,1978,3,unigram; bigram; trigram
http://www.jstor.org/stable/2867941,Review Article,Shakespeare Quarterly,1966,,article,jstor,1966-10-01,4,17,http://www.jstor.org/stable/2867941,J. G. M.,Folger Shakespeare Library,eng,440,440,,317,1,unigram; bigram; trigram
http://www.jstor.org/stable/2867427,"[Illustration]: Two pages of the author's plot...relating to Philander, King of Thrace",Shakespeare Quarterly,1960,,article,jstor,1960-01-01,1,11,http://www.jstor.org/stable/2867427,,Folger Shakespeare Library,eng,38,38,,145,1,unigram; bigram; trigram
http://www.jstor.org/stable/2868595,"[Illustration]: Herbert Beerbohm as King John, Franklin McLeay as Hubert, and Charles Sefton as Arthur",Shakespeare Quarterly,1973,,article,jstor,1973-10-01,4,24,http://www.jstor.org/stable/2868595,,Folger Shakespeare Library,eng,,,,55,1,unigram; bigram; trigram
http://www.jstor.org/stable/2868980,Nineteen Zodiacs: Measure for Measure I. ii. 172,Shakespeare Quarterly,1969,,article,jstor,1969-01-01,1,20,http://www.jstor.org/stable/2868980,Norman Nathan,Folger Shakespeare Library,eng,83,84,,564,2,unigram; bigram; trigram
http://www.jstor.org/stable/2867622,Review Article,Shakespeare Quarterly,1966,,article,jstor,1966-01-01,1,17,http://www.jstor.org/stable/2867622,John W. Dickinson,Folger Shakespeare Library,eng,98,99,,139,2,unigram; bigram; trigram
http://www.jstor.org/stable/2866735,Review Article,Shakespeare Quarterly,1951,,article,jstor,1951-01-01,1,2,http://www.jstor.org/stable/2866735,John Crow,Folger Shakespeare Library,eng,81,84,,1921,4,unigram; bigram; trigram
http://www.jstor.org/stable/2902110,Cordelia's Return,Shakespeare Quarterly,1999,,article,jstor,1999-04-01,1,50,http://www.jstor.org/stable/2902110,Richard Knowles,Folger Shakespeare Library,eng,33,50,,10615,18,unigram; bigram; trigram
http://www.jstor.org/stable/2867387,Cordelia and the Fool,Shakespeare Quarterly,1961,,article,jstor,1961-04-01,2,12,http://www.jstor.org/stable/2867387,Thomas B. Stroup,Folger Shakespeare Library,eng,127,132,,3303,6,unigram; bigram; trigram
http://www.jstor.org/stable/2868983,Hamlet IV. iv. 26-29,Shakespeare Quarterly,1969,,article,jstor,1969-01-01,1,20,http://www.jstor.org/stable/2868983,Gordon W. O'Brien,Folger Shakespeare Library,eng,88,90,,1339,3,unigram; bigram; trigram
http://www.jstor.org/stable/2871303,Review Article,Shakespeare Quarterly,1994,,article,jstor,1994-04-01,1,45,http://www.jstor.org/stable/2871303,Sally-Beth MacLean,Folger Shakespeare Library,eng,122,125,,1713,4,unigram; bigram; trigram
http://www.jstor.org/stable/2867078,Review Article,Shakespeare Quarterly,1961,,article,jstor,1961-07-01,3,12,http://www.jstor.org/stable/2867078,John Leon Lievsay,Folger Shakespeare Library,eng,338,339,,150,2,unigram; bigram; trigram
http://www.jstor.org/stable/3844281,Review Article,Shakespeare Quarterly,2005,,article,jstor,2005-12-01,4,56,http://www.jstor.org/stable/3844281,James Schiffer,Folger Shakespeare Library,eng,509,511,,1358,3,unigram; bigram; trigram
http://www.jstor.org/stable/2868269,"[Illustration]: ""Wonders on the Deep""",Shakespeare Quarterly,1965,,article,jstor,1965-04-01,2,16,http://www.jstor.org/stable/2868269,,Folger Shakespeare Library,eng,200,200,,265,1,unigram; bigram; trigram
http://www.jstor.org/stable/2869981,Review Article,Shakespeare Quarterly,1986,,article,jstor,1986-07-01,2,37,http://www.jstor.org/stable/2869981,Gary Jay Williams,Folger Shakespeare Library,eng,276,278,,1607,3,unigram; bigram; trigram
http://www.jstor.org/stable/3844262,Back Matter,Shakespeare Quarterly,2002,,article,jstor,2002-12-01,4,53,http://www.jstor.org/stable/3844262,,Folger Shakespeare Library,eng,605,607,,4824,22,unigram; bigram; trigram
http://www.jstor.org/stable/3648703,Review Article,Shakespeare Quarterly,2001,,article,jstor,2001-12-01,4,52,http://www.jstor.org/stable/3648703,Carol Chillington Rutter,Folger Shakespeare Library,eng,505,508,,1411,4,unigram; bigram; trigram
http://www.jstor.org/stable/2867300,Shakespeare's Romantic Shrews,Shakespeare Quarterly,1960,,article,jstor,1960-07-01,3,11,http://www.jstor.org/stable/2867300,Charles Brooks,Folger Shakespeare Library,eng,351,356,,3475,6,unigram; bigram; trigram
http://www.jstor.org/stable/2867481,Front Matter,Shakespeare Quarterly,1960,,article,jstor,1960-10-01,4,11,http://www.jstor.org/stable/2867481,,Folger Shakespeare Library,eng,399,400,,506,2,unigram; bigram; trigram
http://www.jstor.org/stable/2867613,Review Article,Shakespeare Quarterly,1966,,article,jstor,1966-01-01,1,17,http://www.jstor.org/stable/2867613,Louise George Clubb,Folger Shakespeare Library,eng,89,90,,583,2,unigram; bigram; trigram
http://www.jstor.org/stable/2868603,The Colorado Shakespeare Festival--1973,Shakespeare Quarterly,1973,,article,jstor,1973-10-01,4,24,http://www.jstor.org/stable/2868603,J. H. Crouch,Folger Shakespeare Library,eng,416,418,,1434,3,unigram; bigram; trigram
http://www.jstor.org/stable/3844164,Review Article,Shakespeare Quarterly,2004,,article,jstor,2004-10-01,3,55,http://www.jstor.org/stable/3844164,Susan Comilang,Folger Shakespeare Library,eng,350,352,,1511,3,unigram; bigram; trigram
http://www.jstor.org/stable/2870589,A Star Is Born: Feste on the Modern Stage,Shakespeare Quarterly,1988,,article,jstor,1988-04-01,,1,http://www.jstor.org/stable/2870589,Karen Greif,Folger Shakespeare Library,eng,61,78,,12725,18,unigram; bigram; trigram
http://www.jstor.org/stable/2868194,Review Article,Shakespeare Quarterly,1963,,article,jstor,1963-10-01,4,14,http://www.jstor.org/stable/2868194,John Shroeder,Folger Shakespeare Library,eng,474,474,,367,1,unigram; bigram; trigram
http://www.jstor.org/stable/2867138,The Shakespeare Season in New York,Shakespeare Quarterly,1958,,article,jstor,1958-10-01,4,9,http://www.jstor.org/stable/2867138,Alice Griffin,Folger Shakespeare Library,eng,531,534,,1649,4,unigram; bigram; trigram
http://www.jstor.org/stable/2868692,Correspondence,Shakespeare Quarterly,1972,,article,jstor,1972-10-01,4,23,http://www.jstor.org/stable/2868692,,Folger Shakespeare Library,eng,461,461,,176,1,unigram; bigram; trigram
http://www.jstor.org/stable/2869804,Shakespeare in the Berkshires,Shakespeare Quarterly,1982,,article,jstor,1982-07-01,2,33,http://www.jstor.org/stable/2869804,Peter Berek,Folger Shakespeare Library,eng,212,213,,1265,2,unigram; bigram; trigram
http://www.jstor.org/stable/2870731,"The Colorado Shakespeare Festival, 1988",Shakespeare Quarterly,1989,,article,jstor,1989-10-01,3,40,http://www.jstor.org/stable/2870731,Michael Mullin,Folger Shakespeare Library,eng,336,341,,2840,6,unigram; bigram; trigram
http://www.jstor.org/stable/2870408,Review Article,Shakespeare Quarterly,1987,,article,jstor,1987-04-01,1,38,http://www.jstor.org/stable/2870408,Clifford Davidson,Folger Shakespeare Library,eng,102,103,,1378,2,unigram; bigram; trigram
http://www.jstor.org/stable/2870349,Less Than the Sum Of Its Parts,Shakespeare Quarterly,1982,,article,jstor,1982-04-01,1,33,http://www.jstor.org/stable/2870349,Cyrus Hoy,Folger Shakespeare Library,eng,108,110,,2073,3,unigram; bigram; trigram
http://www.jstor.org/stable/2869972,Review Article,Shakespeare Quarterly,1986,,article,jstor,1986-07-01,2,37,http://www.jstor.org/stable/2869972,Arthur M. Eastman,Folger Shakespeare Library,eng,263,264,,769,2,unigram; bigram; trigram
http://www.jstor.org/stable/2869275,"Publius, Mark Anthony's Sister's Son",Shakespeare Quarterly,1975,,article,jstor,1975-01-01,1,26,http://www.jstor.org/stable/2869275,John W. Velz; Sarah C. Velz,Folger Shakespeare Library,eng,69,74,,2482,6,unigram; bigram; trigram
http://www.jstor.org/stable/2868919,"Shakespeare in Maine: Summer, 1971",Shakespeare Quarterly,1971,,article,jstor,1971-10-01,4,22,http://www.jstor.org/stable/2868919,"Herbert R. Coursen, Jr.",Folger Shakespeare Library,eng,389,392,,2212,4,unigram; bigram; trigram
http://www.jstor.org/stable/44990653,Front Matter,Shakespeare Quarterly,1982,,article,jstor,1982-01-01,5,33,http://www.jstor.org/stable/44990653,,Oxford University Press,eng,,,,1470,5,unigram; bigram; trigram
http://www.jstor.org/stable/2867526,Review Article,Shakespeare Quarterly,1957,,article,jstor,1957-01-01,1,8,http://www.jstor.org/stable/2867526,St. Vincent Troubridge,Folger Shakespeare Library,eng,101,104,,1448,4,unigram; bigram; trigram
http://www.jstor.org/stable/2870000,Play Groups,Shakespeare Quarterly,1981,,article,jstor,1981-12-01,4,32,http://www.jstor.org/stable/2870000,Harrison T. Meserole; John B. Smith,Folger Shakespeare Library,eng,504,512,,6388,9,unigram; bigram; trigram
http://www.jstor.org/stable/2871148,Review Article,Shakespeare Quarterly,1993,,article,jstor,1993-07-01,2,44,http://www.jstor.org/stable/2871148,Robert N. Watson,Folger Shakespeare Library,eng,242,245,,1922,4,unigram; bigram; trigram
http://www.jstor.org/stable/2866483,Review Article,Shakespeare Quarterly,1953,,article,jstor,1953-10-01,4,4,http://www.jstor.org/stable/2866483,Sybil Rosenfeld,Folger Shakespeare Library,eng,469,470,,800,2,unigram; bigram; trigram
http://www.jstor.org/stable/2867876,The Range of Shakespeare's Comedy,Shakespeare Quarterly,1964,,article,jstor,1964-04-01,2,15,http://www.jstor.org/stable/2867876,Edward Hubler,Folger Shakespeare Library,eng,55,66,,7037,12,unigram; bigram; trigram
http://www.jstor.org/stable/3844243,Review Article,Shakespeare Quarterly,2002,,article,jstor,2002-12-01,4,53,http://www.jstor.org/stable/3844243,David Riggs,Folger Shakespeare Library,eng,550,553,,2205,4,unigram; bigram; trigram
http://www.jstor.org/stable/2869248,"Shakespeare, Illustrated: Charles Kean's 1857 Production of The Tempest",Shakespeare Quarterly,1975,,article,jstor,1975-04-01,2,26,http://www.jstor.org/stable/2869248,Mary M. Nilan,Folger Shakespeare Library,eng,196,204,,5009,9,unigram; bigram; trigram
http://www.jstor.org/stable/40731147,Review Article,Shakespeare Quarterly,2010,,article,jstor,2010-04-01,1,61,http://www.jstor.org/stable/40731147,Joshua Scodel,Folger Shakespeare Library,eng,136,138,,1074,3,unigram; bigram; trigram
http://www.jstor.org/stable/2866569,Review Article,Shakespeare Quarterly,1953,,article,jstor,1953-01-01,1,4,http://www.jstor.org/stable/2866569,Richard H. Perkinson,Folger Shakespeare Library,eng,97,97,,137,1,unigram; bigram; trigram
http://www.jstor.org/stable/3844201,Review Article,Shakespeare Quarterly,2004,,article,jstor,2004-12-01,,4,http://www.jstor.org/stable/3844201,Hugh Craig,Folger Shakespeare Library,eng,462,464,,1465,3,unigram; bigram; trigram
http://www.jstor.org/stable/2866880,"""A Table of Green Fields"" Once More",Shakespeare Quarterly,1959,,article,jstor,1959-07-01,3,10,http://www.jstor.org/stable/2866880,S. F. Johnson,Folger Shakespeare Library,eng,450,451,,807,2,unigram; bigram; trigram
http://www.jstor.org/stable/2867801,[Illustration]: The Actaeon Myth,Shakespeare Quarterly,1963,,article,jstor,1963-07-01,3,14,http://www.jstor.org/stable/2867801,,Folger Shakespeare Library,eng,200,200,,156,1,unigram; bigram; trigram
http://www.jstor.org/stable/24778590,Review Article,Shakespeare Quarterly,2014,,article,jstor,2014-10-01,3,65,http://www.jstor.org/stable/24778590,Jason Scott-Warren,Folger Shakespeare Library,eng,349,351,,1488,3,unigram; bigram; trigram
http://www.jstor.org/stable/2868602,"The 1973 Season at the American Shakespeare Theatre, Stratford Connecticut",Shakespeare Quarterly,1973,,article,jstor,1973-10-01,4,24,http://www.jstor.org/stable/2868602,Peter D. Smith,Folger Shakespeare Library,eng,411,415,,2921,5,unigram; bigram; trigram
http://www.jstor.org/stable/2867208,Review Article,Shakespeare Quarterly,1960,,article,jstor,1960-04-01,2,11,http://www.jstor.org/stable/2867208,Kemp Malone,Folger Shakespeare Library,eng,207,209,,1628,3,unigram; bigram; trigram
http://www.jstor.org/stable/2869942,Shakespearean Metastance,Shakespeare Quarterly,1984,,article,jstor,1984-07-01,2,35,http://www.jstor.org/stable/2869942,John T. Shawcross,Folger Shakespeare Library,eng,239,241,,1679,3,unigram; bigram; trigram
http://www.jstor.org/stable/2868070,"The Earl of Bedford's ""Best"" Bed",Shakespeare Quarterly,1967,,article,jstor,1967-01-01,1,18,http://www.jstor.org/stable/2868070,Elaine W. Fowler,Folger Shakespeare Library,eng,80,80,,386,1,unigram; bigram; trigram
http://www.jstor.org/stable/2868992,Back Matter,Shakespeare Quarterly,1969,,article,jstor,1969-01-01,1,20,http://www.jstor.org/stable/2868992,,Folger Shakespeare Library,eng,107,107,,388,1,unigram; bigram; trigram
http://www.jstor.org/stable/24778474,"“If it be love indeed”: Transference, Love, and ""Anthony and Cleopatra""",Shakespeare Quarterly,2013,,article,jstor,2013-10-01,3,64,http://www.jstor.org/stable/24778474,David Hillman,Folger Shakespeare Library,eng,301,333,,16186,33,unigram; bigram; trigram
http://www.jstor.org/stable/2866358,The Original Music of a Song in 2 Henry IV,Shakespeare Quarterly,1956,,article,jstor,1956-10-01,4,7,http://www.jstor.org/stable/2866358,John P. Cutts,Folger Shakespeare Library,eng,385,392,,2876,8,unigram; bigram; trigram
http://www.jstor.org/stable/2866114,Shakespeare and Legendary History: Lear and Cymbeline,Shakespeare Quarterly,1956,,article,jstor,1956-01-01,1,7,http://www.jstor.org/stable/2866114,Irving Ribner,Folger Shakespeare Library,eng,47,52,,3551,6,unigram; bigram; trigram
http://www.jstor.org/stable/2867011,Shakespeare Clubs,Shakespeare Quarterly,1957,,article,jstor,1957-07-01,3,8,http://www.jstor.org/stable/2867011,,Folger Shakespeare Library,eng,403,403,,393,1,unigram; bigram; trigram
http://www.jstor.org/stable/2868426,Shakespeare and the Ocular Proof,Shakespeare Quarterly,1970,,article,jstor,1970-10-01,4,21,http://www.jstor.org/stable/2868426,Alex Aronson,Folger Shakespeare Library,eng,411,429,,9945,19,unigram; bigram; trigram
http://www.jstor.org/stable/2869606,"A Midsummer Night's Dream: The Fairies, Bottom, and the Mystery of Things",Shakespeare Quarterly,1975,,article,jstor,1975-07-01,3,26,http://www.jstor.org/stable/2869606,Ronald F. Miller,Folger Shakespeare Library,eng,254,268,,8107,15,unigram; bigram; trigram
http://www.jstor.org/stable/2866099,Notes and Comments,Shakespeare Quarterly,1955,,article,jstor,1955-10-01,4,6,http://www.jstor.org/stable/2866099,,Folger Shakespeare Library,eng,476,479,,1593,4,unigram; bigram; trigram
http://www.jstor.org/stable/2868889,"Time and His ""Glass"" in the Winter's Tale",Shakespeare Quarterly,1974,,article,jstor,1974-01-01,1,25,http://www.jstor.org/stable/2868889,Raymond J. Rundus,Folger Shakespeare Library,eng,123,125,,1357,3,unigram; bigram; trigram
http://www.jstor.org/stable/2866717,Volume Information,Shakespeare Quarterly,1951,,article,jstor,1951-01-01,1,2,http://www.jstor.org/stable/2866717,,Folger Shakespeare Library,eng,i,xxxiii,,15540,36,unigram; bigram; trigram
http://www.jstor.org/stable/2866219,[Illustration]: The Rape of Lucrece (1594),Shakespeare Quarterly,1951,,article,jstor,1951-04-01,2,2,http://www.jstor.org/stable/2866219,,Folger Shakespeare Library,eng,130,130,,43,1,unigram; bigram; trigram
http://www.jstor.org/stable/2869498,"Shakespeare at Valley Forge: The International Shakespeare Association Congress, 1976",Shakespeare Quarterly,1976,,article,jstor,1976-07-01,3,27,http://www.jstor.org/stable/2869498,Stephen Booth,Folger Shakespeare Library,eng,231,242,,6048,12,unigram; bigram; trigram
http://www.jstor.org/stable/3844136,""" 'Who Is It That Can Tell Me Who I Am?' / 'Lear's Shadow' "": A Taiwanese Actor's Personal Response to ""King Lear""",Shakespeare Quarterly,2006,,article,jstor,2006-07-01,2,57,http://www.jstor.org/stable/3844136,Ruru Li,Folger Shakespeare Library,eng,195,215,,9809,21,unigram; bigram; trigram
http://www.jstor.org/stable/2869816,Shakespeare in Florida,Shakespeare Quarterly,1982,,article,jstor,1982-07-01,2,33,http://www.jstor.org/stable/2869816,Eugene S. Clasby,Folger Shakespeare Library,eng,237,238,,366,2,unigram; bigram; trigram
http://www.jstor.org/stable/2866173,"[Illustration]: The English Myrror, 1586",Shakespeare Quarterly,1953,,article,jstor,1953-04-01,2,4,http://www.jstor.org/stable/2866173,,Folger Shakespeare Library,eng,152,152,,167,1,unigram; bigram; trigram
http://www.jstor.org/stable/2869754,Idaho Shakespeare Festival,Shakespeare Quarterly,1982,,article,jstor,1982-10-01,3,33,http://www.jstor.org/stable/2869754,James H. Maguire,Folger Shakespeare Library,eng,379,380,,1125,2,unigram; bigram; trigram
http://www.jstor.org/stable/2868803,The Three Cousins in Richard II,Shakespeare Quarterly,1971,,article,jstor,1971-04-01,2,22,http://www.jstor.org/stable/2868803,Warren J. MacIsaac,Folger Shakespeare Library,eng,137,146,,5038,10,unigram; bigram; trigram
http://www.jstor.org/stable/2870855,Review Article,Shakespeare Quarterly,1991,,article,jstor,1991-10-01,3,42,http://www.jstor.org/stable/2870855,Robert Y. Turner,Folger Shakespeare Library,eng,373,375,,1464,3,unigram; bigram; trigram
http://www.jstor.org/stable/40731145,Review Article,Shakespeare Quarterly,2010,,article,jstor,2010-04-01,1,61,http://www.jstor.org/stable/40731145,F. W. Brownlow,Folger Shakespeare Library,eng,132,134,,1111,3,unigram; bigram; trigram
http://www.jstor.org/stable/23025639,Review Article,Shakespeare Quarterly,2011,,article,jstor,2011-07-01,2,62,http://www.jstor.org/stable/23025639,John D. Staines,Folger Shakespeare Library,eng,295,298,,1324,4,unigram; bigram; trigram
http://www.jstor.org/stable/2871297,Hotspur's Prisoners and the Laws of War in 1 Henry IV,Shakespeare Quarterly,1994,,article,jstor,1994-04-01,1,45,http://www.jstor.org/stable/2871297,E. A. Rauchut,Folger Shakespeare Library,eng,96,97,,1429,2,unigram; bigram; trigram
http://www.jstor.org/stable/2871170,"""A Thing Unfirm"": Plato's Republic and Shakespeare's Julius Caesar",Shakespeare Quarterly,1993,,article,jstor,1993-04-01,1,44,http://www.jstor.org/stable/2871170,Barbara L. Parker,Folger Shakespeare Library,eng,30,43,,7796,14,unigram; bigram; trigram
http://www.jstor.org/stable/2870466,Review Article,Shakespeare Quarterly,1991,,article,jstor,1991-12-01,4,42,http://www.jstor.org/stable/2870466,Robert Y. Turner,Folger Shakespeare Library,eng,485,487,,1575,3,unigram; bigram; trigram
http://www.jstor.org/stable/2869352,"Textual Studies, Etc.",Shakespeare Quarterly,1979,,article,jstor,1979-10-01,4,30,http://www.jstor.org/stable/2869352,Harrison T. Meserole; John B. Smith,Folger Shakespeare Library,eng,480,480,,153,1,unigram; bigram; trigram
http://www.jstor.org/stable/24778575,Last Words: The Biographemes of Shakespeare,Shakespeare Quarterly,2014,,article,jstor,2014-12-01,4,65,http://www.jstor.org/stable/24778575,Brian Cummings,Folger Shakespeare Library,eng,482,490,,4426,9,unigram; bigram; trigram
http://www.jstor.org/stable/2867045,Review Article,Shakespeare Quarterly,1959,,article,jstor,1959-01-01,1,10,http://www.jstor.org/stable/2867045,May Spiro,Folger Shakespeare Library,eng,118,119,,277,2,unigram; bigram; trigram
http://www.jstor.org/stable/41819774,Review Article,Shakespeare Quarterly,2012,,article,jstor,2012-12-01,4,63,http://www.jstor.org/stable/41819774,Lina Perkins Wilder,Folger Shakespeare Library,eng,598,602,,2247,5,unigram; bigram; trigram
http://www.jstor.org/stable/2866852,Back Matter,Shakespeare Quarterly,1962,,article,jstor,1962-07-01,3,13,http://www.jstor.org/stable/2866852,,Folger Shakespeare Library,eng,373,374,,529,2,unigram; bigram; trigram
http://www.jstor.org/stable/2869007,Bondage and Release in The Merchant of Venice,Shakespeare Quarterly,1969,,article,jstor,1969-04-01,2,20,http://www.jstor.org/stable/2869007,John P. Sisk,Folger Shakespeare Library,eng,217,223,,4031,7,unigram; bigram; trigram
http://www.jstor.org/stable/2868902,Notes and Comments,Shakespeare Quarterly,1974,,article,jstor,1974-01-01,1,25,http://www.jstor.org/stable/2868902,,Folger Shakespeare Library,eng,147,147,,141,1,unigram; bigram; trigram
http://www.jstor.org/stable/2871228,Review Article,Shakespeare Quarterly,1994,,article,jstor,1994-07-01,2,45,http://www.jstor.org/stable/2871228,Lee Bliss,Folger Shakespeare Library,eng,250,252,,1794,3,unigram; bigram; trigram
http://www.jstor.org/stable/2869607,As You Like It: Et in Arcadia Ego,Shakespeare Quarterly,1975,,article,jstor,1975-07-01,3,26,http://www.jstor.org/stable/2869607,Harry Morris,Folger Shakespeare Library,eng,269,275,,3884,7,unigram; bigram; trigram
http://www.jstor.org/stable/2870956,Credible Consorts: What Happens When Shakespeare's Sisters Enter the Syllabus?,Shakespeare Quarterly,1996,,article,jstor,1996-12-01,4,47,http://www.jstor.org/stable/2870956,Megan Matchinske,Folger Shakespeare Library,eng,433,450,,10138,18,unigram; bigram; trigram
http://www.jstor.org/stable/2866745,Characterization in Shakespearian Comedy,Shakespeare Quarterly,1953,,article,jstor,1953-07-01,3,4,http://www.jstor.org/stable/2866745,Northrop Frye,Folger Shakespeare Library,eng,271,277,,3939,7,unigram; bigram; trigram
http://www.jstor.org/stable/3844249,Review Article,Shakespeare Quarterly,2002,,article,jstor,2002-12-01,4,53,http://www.jstor.org/stable/3844249,Claire Sponsler,Folger Shakespeare Library,eng,569,571,,1664,3,unigram; bigram; trigram
http://www.jstor.org/stable/2868871,Review Article,Shakespeare Quarterly,1973,,article,jstor,1973-04-01,2,24,http://www.jstor.org/stable/2868871,Carroll Camden,Folger Shakespeare Library,eng,238,239,,594,2,unigram; bigram; trigram
http://www.jstor.org/stable/2868613,The New York Shakespeare Festival 1973,Shakespeare Quarterly,1973,,article,jstor,1973-10-01,4,24,http://www.jstor.org/stable/2868613,Jack J. Jorgens,Folger Shakespeare Library,eng,423,427,,2488,5,unigram; bigram; trigram
http://www.jstor.org/stable/2870119,Review Article,Shakespeare Quarterly,1986,,article,jstor,1986-10-01,3,37,http://www.jstor.org/stable/2870119,William T. Liston,Folger Shakespeare Library,eng,413,415,,1119,3,unigram; bigram; trigram
http://www.jstor.org/stable/2871402,"John Kynaston (1728-83), A Neglected Shakespearean",Shakespeare Quarterly,1997,,article,jstor,1997-04-01,1,48,http://www.jstor.org/stable/2871402,Arthur Sherbo,Folger Shakespeare Library,eng,80,83,,2554,4,unigram; bigram; trigram
http://www.jstor.org/stable/2870189,"""Thrift is Blessing"": Exchange and Explanation In The Merchant of Venice",Shakespeare Quarterly,1986,,article,jstor,1986-04-01,1,37,http://www.jstor.org/stable/2870189,Lars Engle,Folger Shakespeare Library,eng,20,37,,9332,18,unigram; bigram; trigram
http://www.jstor.org/stable/2869288,Shakespeare's Industrious Scenes,Shakespeare Quarterly,1979,,article,jstor,1979-04-01,2,30,http://www.jstor.org/stable/2869288,Bernard Beckerman,Folger Shakespeare Library,eng,138,150,,7614,13,unigram; bigram; trigram
http://www.jstor.org/stable/2867408,[Illustration]: Thomas McKean's Copy of the First American Edition of Shakespeare's Works,Shakespeare Quarterly,1961,,article,jstor,1961-04-01,2,12,http://www.jstor.org/stable/2867408,,Folger Shakespeare Library,eng,,,,40,1,unigram; bigram; trigram
http://www.jstor.org/stable/2869129,Shakespeare in Hungary,Shakespeare Quarterly,1978,,article,jstor,1978-04-01,2,29,http://www.jstor.org/stable/2869129,István Pálffy,Folger Shakespeare Library,eng,292,294,,1762,3,unigram; bigram; trigram
http://www.jstor.org/stable/2867914,[Illustration]: Mothers and Teachers Understand the Problems of a Hen Raising little Ducks,Shakespeare Quarterly,1966,,article,jstor,1966-10-01,4,17,http://www.jstor.org/stable/2867914,,Folger Shakespeare Library,eng,388,388,,27,1,unigram; bigram; trigram
http://www.jstor.org/stable/2870987,Review Article,Shakespeare Quarterly,1995,,article,jstor,1995-12-01,4,46,http://www.jstor.org/stable/2870987,Ivo Kamps,Folger Shakespeare Library,eng,471,473,,1321,3,unigram; bigram; trigram
http://www.jstor.org/stable/3844165,Review Article,Shakespeare Quarterly,2004,,article,jstor,2004-10-01,3,55,http://www.jstor.org/stable/3844165,Eric S. Mallin,Folger Shakespeare Library,eng,352,355,,2054,4,unigram; bigram; trigram
http://www.jstor.org/stable/40210284,Review Article,Shakespeare Quarterly,2008,,article,jstor,2008-10-01,3,59,http://www.jstor.org/stable/40210284,Denise A. Walen,Folger Shakespeare Library,eng,337,339,,1116,3,unigram; bigram; trigram
http://www.jstor.org/stable/2867559,"Shakespeare in New York City, 1956-1957",Shakespeare Quarterly,1957,,article,jstor,1957-10-01,4,8,http://www.jstor.org/stable/2867559,Alice Griffin,Folger Shakespeare Library,eng,515,519,,2425,5,unigram; bigram; trigram
http://www.jstor.org/stable/2869320,Shakespeare in Seattle,Shakespeare Quarterly,1979,,article,jstor,1979-04-01,2,30,http://www.jstor.org/stable/2869320,Charles Frey,Folger Shakespeare Library,eng,262,264,,2236,3,unigram; bigram; trigram
http://www.jstor.org/stable/2869459,Reference Works,Shakespeare Quarterly,1978,,article,jstor,1978-10-01,4,29,http://www.jstor.org/stable/2869459,Harrison T. Meserole,Folger Shakespeare Library,eng,481,482,,871,2,unigram; bigram; trigram
http://www.jstor.org/stable/2868609,[Illustration]: The Merry Wives of Windsor,Shakespeare Quarterly,1973,,article,jstor,1973-10-01,4,24,http://www.jstor.org/stable/2868609,,Folger Shakespeare Library,eng,,,,38,1,unigram; bigram; trigram
http://www.jstor.org/stable/44990761,BIBLIOGRAPHY: World Shakespeare Bibliography 1993,Shakespeare Quarterly,1994,,article,jstor,1994-01-01,5,45,http://www.jstor.org/stable/44990761,James L. Harner; Harrison T. Meserole; Priscilla J. Letterman,Oxford University Press,eng,505,912,,344596,407,unigram; bigram; trigram
http://www.jstor.org/stable/2871026,Review Article,Shakespeare Quarterly,1997,,article,jstor,1997-10-01,3,48,http://www.jstor.org/stable/2871026,Jill L. Levenson,Folger Shakespeare Library,eng,345,347,,1548,3,unigram; bigram; trigram
http://www.jstor.org/stable/2867356,Review Article,Shakespeare Quarterly,1958,,article,jstor,1958-07-01,3,9,http://www.jstor.org/stable/2867356,Robert Adger Law,Folger Shakespeare Library,eng,412,413,,576,2,unigram; bigram; trigram
http://www.jstor.org/stable/3844311,Review Article,Shakespeare Quarterly,2005,,article,jstor,2005-07-01,2,56,http://www.jstor.org/stable/3844311,Patrick Cheney,Folger Shakespeare Library,eng,220,224,,2676,5,unigram; bigram; trigram
http://www.jstor.org/stable/3844184,Review Article,Shakespeare Quarterly,2003,,article,jstor,2003-07-01,2,54,http://www.jstor.org/stable/3844184,David Hillman,Folger Shakespeare Library,eng,207,209,,1582,3,unigram; bigram; trigram
http://www.jstor.org/stable/2866699,"[Illustration]: Vulgaria,",Shakespeare Quarterly,1952,,article,jstor,1952-10-01,4,3,http://www.jstor.org/stable/2866699,,Folger Shakespeare Library,eng,358,358,,314,1,unigram; bigram; trigram
http://www.jstor.org/stable/2868476,Review Article,Shakespeare Quarterly,1974,,article,jstor,1974-04-01,2,25,http://www.jstor.org/stable/2868476,Jörg Hasler,Folger Shakespeare Library,eng,275,277,,1002,3,unigram; bigram; trigram
http://www.jstor.org/stable/2867812,[Illustration]: The Actaeon Myth,Shakespeare Quarterly,1963,,article,jstor,1963-07-01,3,14,http://www.jstor.org/stable/2867812,,Folger Shakespeare Library,eng,262,262,,63,1,unigram; bigram; trigram
http://www.jstor.org/stable/2867116,The Cambridge Drama Festival,Shakespeare Quarterly,1959,,article,jstor,1959-10-01,4,10,http://www.jstor.org/stable/2867116,Elliot Norton,Folger Shakespeare Library,eng,597,602,,3109,6,unigram; bigram; trigram
http://www.jstor.org/stable/2867411,Notes and Comments,Shakespeare Quarterly,1961,,article,jstor,1961-04-01,2,12,http://www.jstor.org/stable/2867411,,Folger Shakespeare Library,eng,164,164,,293,1,unigram; bigram; trigram
http://www.jstor.org/stable/2869764,Back Matter,Shakespeare Quarterly,1982,,article,jstor,1982-10-01,3,33,http://www.jstor.org/stable/2869764,,Folger Shakespeare Library,eng,,,,490,2,unigram; bigram; trigram
http://www.jstor.org/stable/2867887,[Illustration]: Mr. Green's Benefit,Shakespeare Quarterly,1964,,article,jstor,1964-04-01,2,15,http://www.jstor.org/stable/2867887,,Folger Shakespeare Library,eng,160,160,,267,1,unigram; bigram; trigram
http://www.jstor.org/stable/23025623,From the Editor: Surviving Hamlet,Shakespeare Quarterly,2011,,article,jstor,2011-07-01,2,62,http://www.jstor.org/stable/23025623,Jonathan Gil Harris,Folger Shakespeare Library,eng,145,147,,1161,3,unigram; bigram; trigram
http://www.jstor.org/stable/2870227,"Stratford Festival Canada, 1982",Shakespeare Quarterly,1983,,article,jstor,1983-04-01,1,34,http://www.jstor.org/stable/2870227,Ralph Berry,Folger Shakespeare Library,eng,93,96,,2573,4,unigram; bigram; trigram
http://www.jstor.org/stable/2868400,Plainness of Style in King Lear,Shakespeare Quarterly,1970,,article,jstor,1970-01-01,1,21,http://www.jstor.org/stable/2868400,Emily W. Leider,Folger Shakespeare Library,eng,45,53,,4763,9,unigram; bigram; trigram
http://www.jstor.org/stable/2870229,Champlain Shakespeare Festival,Shakespeare Quarterly,1983,,article,jstor,1983-04-01,1,34,http://www.jstor.org/stable/2870229,Kenneth S. Rothwell,Folger Shakespeare Library,eng,98,99,,1112,2,unigram; bigram; trigram
http://www.jstor.org/stable/2867022,Romeo's Loquacious Friend,Shakespeare Quarterly,1959,,article,jstor,1959-01-01,1,10,http://www.jstor.org/stable/2867022,Herbert McArthur,Folger Shakespeare Library,eng,35,44,,5426,10,unigram; bigram; trigram
http://www.jstor.org/stable/2902331,Review Article,Shakespeare Quarterly,2000,,article,jstor,2000-04-01,1,51,http://www.jstor.org/stable/2902331,Miriam Gilbert,Folger Shakespeare Library,eng,105,108,,1508,4,unigram; bigram; trigram
http://www.jstor.org/stable/2867940,Review Article,Shakespeare Quarterly,1966,,article,jstor,1966-10-01,4,17,http://www.jstor.org/stable/2867940,J. G. M.,Folger Shakespeare Library,eng,439,440,,173,2,unigram; bigram; trigram
http://www.jstor.org/stable/2871243,Review Article,Shakespeare Quarterly,1994,,article,jstor,1994-10-01,3,45,http://www.jstor.org/stable/2871243,S. P. Cerasano,Folger Shakespeare Library,eng,366,368,,1702,3,unigram; bigram; trigram
http://www.jstor.org/stable/2868833,Review Article,Shakespeare Quarterly,1970,,article,jstor,1970-04-01,2,21,http://www.jstor.org/stable/2868833,M. A. Shaaber,Folger Shakespeare Library,eng,181,182,,664,2,unigram; bigram; trigram
http://www.jstor.org/stable/2871313,Bibliographies and Checklists,Shakespeare Quarterly,1997,,article,jstor,1997-01-01,5,48,http://www.jstor.org/stable/2871313,,Folger Shakespeare Library,eng,539,540,,680,2,unigram; bigram; trigram
http://www.jstor.org/stable/40210306,Review Article,Shakespeare Quarterly,2008,,article,jstor,2008-12-01,4,59,http://www.jstor.org/stable/40210306,Alexander C. Y. Huang,Folger Shakespeare Library,eng,500,503,,1150,4,unigram; bigram; trigram
http://www.jstor.org/stable/2870101,Ophelia's Maimèd Rites,Shakespeare Quarterly,1986,,article,jstor,1986-10-01,3,37,http://www.jstor.org/stable/2870101,Michael MacDonald,Folger Shakespeare Library,eng,309,317,,5031,9,unigram; bigram; trigram
http://www.jstor.org/stable/2870235,Shakespeare in Pittsburgh,Shakespeare Quarterly,1983,,article,jstor,1983-04-01,1,34,http://www.jstor.org/stable/2870235,Donald G. Adam,Folger Shakespeare Library,eng,111,112,,1379,2,unigram; bigram; trigram
http://www.jstor.org/stable/2871419,The Materiality of the Shakespearean Text,Shakespeare Quarterly,1993,,article,jstor,1993-10-01,3,44,http://www.jstor.org/stable/2871419,Margreta de Grazia; Peter Stallybrass,Folger Shakespeare Library,eng,255,283,,16888,29,unigram; bigram; trigram
http://www.jstor.org/stable/2868131,"[Illustration]: Terentius, Hecyra II.i",Shakespeare Quarterly,1963,,article,jstor,1963-01-01,1,14,http://www.jstor.org/stable/2868131,,Folger Shakespeare Library,eng,2,2,,33,1,unigram; bigram; trigram
http://www.jstor.org/stable/2869697,English Protestiantism and Tudor Literature,Shakespeare Quarterly,1984,,article,jstor,1984-04-01,1,35,http://www.jstor.org/stable/2869697,Horton Davies,Folger Shakespeare Library,eng,113,114,,1345,2,unigram; bigram; trigram
http://www.jstor.org/stable/2869120,Shakespeare In Utah,Shakespeare Quarterly,1978,,article,jstor,1978-04-01,2,29,http://www.jstor.org/stable/2869120,John A. Mills,Folger Shakespeare Library,eng,252,257,,3881,6,unigram; bigram; trigram
http://www.jstor.org/stable/2868137,Form and Disorder in The Tempest,Shakespeare Quarterly,1963,,article,jstor,1963-01-01,1,14,http://www.jstor.org/stable/2868137,Rose Abdelnour Zimbardo,Folger Shakespeare Library,eng,49,56,,4386,8,unigram; bigram; trigram
http://www.jstor.org/stable/2867216,Review Article,Shakespeare Quarterly,1960,,article,jstor,1960-04-01,2,11,http://www.jstor.org/stable/2867216,David C. Mearns,Folger Shakespeare Library,eng,222,222,,439,1,unigram; bigram; trigram
http://www.jstor.org/stable/2868198,A Shakespearian Limerick,Shakespeare Quarterly,1963,,article,jstor,1963-10-01,4,14,http://www.jstor.org/stable/2868198,Stephen J. Herben,Folger Shakespeare Library,eng,481,481,,236,1,unigram; bigram; trigram
http://www.jstor.org/stable/2869266,"A Note on Sonnet 73, Line 12",Shakespeare Quarterly,1975,,article,jstor,1975-01-01,1,26,http://www.jstor.org/stable/2869266,Alan Taylor Bradford,Folger Shakespeare Library,eng,48,49,,929,2,unigram; bigram; trigram
http://www.jstor.org/stable/2869544,Illinois Shakespeare Festival,Shakespeare Quarterly,1980,,article,jstor,1980-07-01,2,31,http://www.jstor.org/stable/2869544,Richard P. Wheeler,Folger Shakespeare Library,eng,235,237,,2031,3,unigram; bigram; trigram
http://www.jstor.org/stable/2870023,Shakesepeare in Philadephia,Shakespeare Quarterly,1981,,article,jstor,1981-07-01,2,32,http://www.jstor.org/stable/2870023,Cary M. Mazer,Folger Shakespeare Library,eng,200,202,,1486,3,unigram; bigram; trigram
http://www.jstor.org/stable/2902374,Review Article,Shakespeare Quarterly,1999,,article,jstor,1999-10-01,3,50,http://www.jstor.org/stable/2902374,David Hillman,Folger Shakespeare Library,eng,394,396,,1711,3,unigram; bigram; trigram
http://www.jstor.org/stable/2868153,Review Article,Shakespeare Quarterly,1963,,article,jstor,1963-01-01,1,14,http://www.jstor.org/stable/2868153,R. W. Dent,Folger Shakespeare Library,eng,83,83,,180,1,unigram; bigram; trigram
http://www.jstor.org/stable/2870896,Review Article,Shakespeare Quarterly,1992,,article,jstor,1992-07-01,2,43,http://www.jstor.org/stable/2870896,Linda Charnes,Folger Shakespeare Library,eng,250,253,,2023,4,unigram; bigram; trigram
http://www.jstor.org/stable/2870911,Review Article,Shakespeare Quarterly,1992,,article,jstor,1992-04-01,1,43,http://www.jstor.org/stable/2870911,Joel B. Altman,Folger Shakespeare Library,eng,92,97,,3667,6,unigram; bigram; trigram
http://www.jstor.org/stable/2870588,"""Whome None But Death Could Shake"": An Unreported Epitaph on Shakespeare",Shakespeare Quarterly,1988,,article,jstor,1988-04-01,1,39,http://www.jstor.org/stable/2870588,Robert C. Evans,Folger Shakespeare Library,eng,60,60,,409,1,unigram; bigram; trigram
http://www.jstor.org/stable/2869409,Alabama Shakespeare Festival,Shakespeare Quarterly,1977,,article,jstor,1977-04-01,2,28,http://www.jstor.org/stable/2869409,Carol McGinnis Kay,Folger Shakespeare Library,eng,220,223,,2075,4,unigram; bigram; trigram
http://www.jstor.org/stable/2870457,The Function of Criticism at the Present Time and All Others,Shakespeare Quarterly,1990,,article,jstor,1990-07-01,2,41,http://www.jstor.org/stable/2870457,Stephen Booth,Folger Shakespeare Library,eng,262,268,,3929,7,unigram; bigram; trigram
http://www.jstor.org/stable/2867536,Review Article,Shakespeare Quarterly,1957,,article,jstor,1957-01-01,1,8,http://www.jstor.org/stable/2867536,"Robertson Griswold, Jr.",Folger Shakespeare Library,eng,121,121,,543,1,unigram; bigram; trigram
http://www.jstor.org/stable/2867214,Review Article,Shakespeare Quarterly,1960,,article,jstor,1960-04-01,2,11,http://www.jstor.org/stable/2867214,John W. Shroeder,Folger Shakespeare Library,eng,219,220,,812,2,unigram; bigram; trigram
http://www.jstor.org/stable/2870756,"Shakespeare at Stratford-upon-Avon, 1988",Shakespeare Quarterly,1989,,article,jstor,1989-04-01,1,40,http://www.jstor.org/stable/2870756,Robert Smallwood,Folger Shakespeare Library,eng,83,94,,8599,12,unigram; bigram; trigram
http://www.jstor.org/stable/2870542,Front Matter,Shakespeare Quarterly,1991,,article,jstor,1991-07-01,2,42,http://www.jstor.org/stable/2870542,,Folger Shakespeare Library,eng,i,ii,,731,4,unigram; bigram; trigram
http://www.jstor.org/stable/2868546,"The 1969 Season at Stratford, Connecticut",Shakespeare Quarterly,1969,,article,jstor,1969-10-01,4,20,http://www.jstor.org/stable/2868546,Peter D. Smith,Folger Shakespeare Library,eng,447,450,,1983,4,unigram; bigram; trigram
http://www.jstor.org/stable/2867680,Review Article,Shakespeare Quarterly,1965,,article,jstor,1965-10-01,4,16,http://www.jstor.org/stable/2867680,Richard W. van Fossen,Folger Shakespeare Library,eng,360,360,,256,1,unigram; bigram; trigram
http://www.jstor.org/stable/2869218,Shakespeare in Austria,Shakespeare Quarterly,1980,,article,jstor,1980-10-01,3,31,http://www.jstor.org/stable/2869218,Wolfgang Riehle,Folger Shakespeare Library,eng,424,427,,2578,4,unigram; bigram; trigram
http://www.jstor.org/stable/2867055,Front Matter,Shakespeare Quarterly,1961,,article,jstor,1961-07-01,3,12,http://www.jstor.org/stable/2867055,,Folger Shakespeare Library,eng,237,238,,338,2,unigram; bigram; trigram
http://www.jstor.org/stable/2868963,Indexes,Shakespeare Quarterly,1974,,article,jstor,1974-10-01,4,25,http://www.jstor.org/stable/2868963,Bruce Nesbitt; Thomas F. Grieve,Folger Shakespeare Library,eng,524,545,,9828,22,unigram; bigram; trigram
http://www.jstor.org/stable/3844043,Review Article,Shakespeare Quarterly,2002,,article,jstor,2002-04-01,1,53,http://www.jstor.org/stable/3844043,Anston Bosman,Folger Shakespeare Library,eng,116,119,,2180,4,unigram; bigram; trigram
http://www.jstor.org/stable/2870894,Review Article,Shakespeare Quarterly,1992,,article,jstor,1992-07-01,2,43,http://www.jstor.org/stable/2870894,Sidney Gottlieb,Folger Shakespeare Library,eng,244,247,,1762,4,unigram; bigram; trigram
http://www.jstor.org/stable/2870285,"""The Place of a Brother"" in ""As You Like It"": Social Process and Comic Form",Shakespeare Quarterly,1981,,article,jstor,1981-04-01,1,32,http://www.jstor.org/stable/2870285,Louis Adrian Montrose,Folger Shakespeare Library,eng,28,54,,14947,27,unigram; bigram; trigram
http://www.jstor.org/stable/2869945,Shakespeare's Compilers,Shakespeare Quarterly,1984,,article,jstor,1984-07-01,2,35,http://www.jstor.org/stable/2869945,T. H. Howard-Hill,Folger Shakespeare Library,eng,245,246,,493,2,unigram; bigram; trigram
http://www.jstor.org/stable/40210264,Review Article,Shakespeare Quarterly,2008,,article,jstor,2008-07-01,2,59,http://www.jstor.org/stable/40210264,David Roberts,Folger Shakespeare Library,eng,210,212,,1099,3,unigram; bigram; trigram
http://www.jstor.org/stable/2868782,Suffolk and Margaret: A Study of Some Sections of Shakespeare's Henry VI,Shakespeare Quarterly,1974,,article,jstor,1974-07-01,3,25,http://www.jstor.org/stable/2868782,Gwyn Williams,Folger Shakespeare Library,eng,310,322,,5491,13,unigram; bigram; trigram
http://www.jstor.org/stable/2867852,Review Article,Shakespeare Quarterly,1968,,article,jstor,1968-01-01,1,19,http://www.jstor.org/stable/2867852,Berners A. W. Jackson,Folger Shakespeare Library,eng,92,93,,747,2,unigram; bigram; trigram
http://www.jstor.org/stable/2866909,Review Article,Shakespeare Quarterly,1962,,article,jstor,1962-01-01,1,13,http://www.jstor.org/stable/2866909,Ants Oras,Folger Shakespeare Library,eng,92,93,,1224,2,unigram; bigram; trigram
http://www.jstor.org/stable/2869263,Edmund's Redemption in King Lear,Shakespeare Quarterly,1975,,article,jstor,1975-01-01,1,26,http://www.jstor.org/stable/2869263,Richard Matthews,Folger Shakespeare Library,eng,25,29,,2356,5,unigram; bigram; trigram
http://www.jstor.org/stable/2866737,Review Article,Shakespeare Quarterly,1951,,article,jstor,1951-01-01,1,2,http://www.jstor.org/stable/2866737,Elio Gianturco,Folger Shakespeare Library,eng,84,85,,587,2,unigram; bigram; trigram
http://www.jstor.org/stable/2870979,The First Quarto of Hamlet: Reforming Widow Gertred,Shakespeare Quarterly,1995,,article,jstor,1995-12-01,4,46,http://www.jstor.org/stable/2870979,Dorothea Kehler,Folger Shakespeare Library,eng,398,413,,9526,16,unigram; bigram; trigram
http://www.jstor.org/stable/2869564,Festschriften and Other Analyzed Collections,Shakespeare Quarterly,1976,,article,jstor,1976-10-01,4,27,http://www.jstor.org/stable/2869564,Harrison T. Meserole,Folger Shakespeare Library,eng,397,398,,728,2,unigram; bigram; trigram
http://www.jstor.org/stable/2867326,"[Illustration]: ""A very rich Lotterie generall""",Shakespeare Quarterly,1958,,article,jstor,1958-07-01,3,9,http://www.jstor.org/stable/2867326,,Folger Shakespeare Library,eng,,,,36,1,unigram; bigram; trigram
http://www.jstor.org/stable/2871059,Two Productions of Hamlet: Stratford and Ashland,Shakespeare Quarterly,1996,,article,jstor,1996-04-01,1,47,http://www.jstor.org/stable/2871059,H. R. Coursen,Folger Shakespeare Library,eng,61,72,,7500,12,unigram; bigram; trigram
http://www.jstor.org/stable/3844172,"Affective Resistance: Performing Passivity and Playing a-Part in ""The Taming of the Shrew""",Shakespeare Quarterly,2003,,article,jstor,2003-07-01,2,54,http://www.jstor.org/stable/3844172,Holly A. Crocker,Folger Shakespeare Library,eng,142,159,,8029,19,unigram; bigram; trigram
http://www.jstor.org/stable/2869736,"""New Heaven, New Earth"": The Escape from Mutability In Antony and Cleopatra",Shakespeare Quarterly,1982,,article,jstor,1982-10-01,3,33,http://www.jstor.org/stable/2869736,William D. Wolf,Folger Shakespeare Library,eng,328,335,,4228,8,unigram; bigram; trigram
http://www.jstor.org/stable/2868174,Seasons and Flowers in The Winter's Tale,Shakespeare Quarterly,1963,,article,jstor,1963-10-01,4,14,http://www.jstor.org/stable/2868174,William O. Scott,Folger Shakespeare Library,eng,411,417,,3721,7,unigram; bigram; trigram
http://www.jstor.org/stable/2866120,Review Article,Shakespeare Quarterly,1956,,article,jstor,1956-01-01,1,7,http://www.jstor.org/stable/2866120,Charlton Hinman,Folger Shakespeare Library,eng,97,101,,2813,5,unigram; bigram; trigram
http://www.jstor.org/stable/2870192,Taking Tropes Seriously: Language and Violence in Shakespeare's Rape of Lucrece,Shakespeare Quarterly,1986,,article,jstor,1986-04-01,1,37,http://www.jstor.org/stable/2870192,Katharine Eisaman Maus,Folger Shakespeare Library,eng,66,82,,9429,17,unigram; bigram; trigram
http://www.jstor.org/stable/2866673,Shakespeare Clubs and Study Groups,Shakespeare Quarterly,1951,,article,jstor,1951-07-01,3,2,http://www.jstor.org/stable/2866673,,Folger Shakespeare Library,eng,274,274,,548,1,unigram; bigram; trigram
http://www.jstor.org/stable/3844051,Review Article,Shakespeare Quarterly,2002,,article,jstor,2002-04-01,1,53,http://www.jstor.org/stable/3844051,Alison A. Chapman,Folger Shakespeare Library,eng,137,140,,2134,4,unigram; bigram; trigram
http://www.jstor.org/stable/2871418,Front Matter,Shakespeare Quarterly,1993,,article,jstor,1993-10-01,3,44,http://www.jstor.org/stable/2871418,,Folger Shakespeare Library,eng,,,,661,3,unigram; bigram; trigram
http://www.jstor.org/stable/2869373,Lear's Soiled Horse,Shakespeare Quarterly,1980,,article,jstor,1980-04-01,1,31,http://www.jstor.org/stable/2869373,David Everett Blythe,Folger Shakespeare Library,eng,86,88,,786,3,unigram; bigram; trigram
http://www.jstor.org/stable/2869829,Speaking the Speech,Shakespeare Quarterly,1983,,article,jstor,1983-07-01,2,34,http://www.jstor.org/stable/2869829,"O. B. Hardison, Jr.",Folger Shakespeare Library,eng,133,146,,7966,14,unigram; bigram; trigram
http://www.jstor.org/stable/2870849,Cressida's Children: Troilus and Cressida in Gdansk,Shakespeare Quarterly,1991,,article,jstor,1991-10-01,3,42,http://www.jstor.org/stable/2870849,Andrzej Zurowski,Folger Shakespeare Library,eng,359,363,,3450,5,unigram; bigram; trigram
http://www.jstor.org/stable/2866553,"[Illustration]: Alexander Nowell's A Catechisme, 1593",Shakespeare Quarterly,1953,,article,jstor,1953-01-01,1,4,http://www.jstor.org/stable/2866553,,Folger Shakespeare Library,eng,34,34,,103,1,unigram; bigram; trigram
http://www.jstor.org/stable/3844292,Review Article,Shakespeare Quarterly,2004,,article,jstor,2004-07-01,2,55,http://www.jstor.org/stable/3844292,Jean Feerick,Folger Shakespeare Library,eng,221,223,,1505,3,unigram; bigram; trigram
http://www.jstor.org/stable/2870788,Review Article,Shakespeare Quarterly,1990,,article,jstor,1990-12-01,4,41,http://www.jstor.org/stable/2870788,Deborah T. Curren-Aquino,Folger Shakespeare Library,eng,531,533,,1525,3,unigram; bigram; trigram
http://www.jstor.org/stable/2866972,Review Article,Shakespeare Quarterly,1957,,article,jstor,1957-04-01,2,8,http://www.jstor.org/stable/2866972,F. David Hoeniger,Folger Shakespeare Library,eng,236,237,,1165,2,unigram; bigram; trigram
http://www.jstor.org/stable/2871233,"""And Let Mild Women to Him Lose Their Mildness"": Philomela, Female Violence, and Shakespeare's The Rape of Lucrece",Shakespeare Quarterly,1994,,article,jstor,1994-10-01,3,45,http://www.jstor.org/stable/2871233,Jane O. Newman,Folger Shakespeare Library,eng,304,326,,13192,23,unigram; bigram; trigram
http://www.jstor.org/stable/2866598,[Illustration]: Theeves Falling Out,Shakespeare Quarterly,1954,,article,jstor,1954-04-01,2,5,http://www.jstor.org/stable/2866598,,Folger Shakespeare Library,eng,204,204,,113,1,unigram; bigram; trigram
http://www.jstor.org/stable/2869334,Richard II in Munich,Shakespeare Quarterly,1979,,article,jstor,1979-04-01,2,30,http://www.jstor.org/stable/2869334,Ernst Häublein,Folger Shakespeare Library,eng,300,300,,611,1,unigram; bigram; trigram
http://www.jstor.org/stable/2867140,"Stratford, Connecticut, Shakespeare Festival, 1958",Shakespeare Quarterly,1958,,article,jstor,1958-10-01,4,9,http://www.jstor.org/stable/2867140,Claire McGlinchee,Folger Shakespeare Library,eng,539,542,,1984,4,unigram; bigram; trigram
http://www.jstor.org/stable/40210291,Review Article,Shakespeare Quarterly,2008,,article,jstor,2008-10-01,3,59,http://www.jstor.org/stable/40210291,Stuart Sillars,Folger Shakespeare Library,eng,356,358,,1283,3,unigram; bigram; trigram
http://www.jstor.org/stable/2867690,Shakespeare's Dress in His Portraits,Shakespeare Quarterly,1967,,article,jstor,1967-04-01,2,18,http://www.jstor.org/stable/2867690,J. L. Nevinson,Folger Shakespeare Library,eng,101,106,,2933,6,unigram; bigram; trigram
http://www.jstor.org/stable/2868642,Selected Reprints,Shakespeare Quarterly,1973,,article,jstor,1973-10-01,4,24,http://www.jstor.org/stable/2868642,Bruce Nesbitt,Folger Shakespeare Library,eng,574,579,,2189,6,unigram; bigram; trigram
http://www.jstor.org/stable/2866943,Review Article,Shakespeare Quarterly,1959,,article,jstor,1959-04-01,2,10,http://www.jstor.org/stable/2866943,Jiro Ozu,Folger Shakespeare Library,eng,242,243,,388,2,unigram; bigram; trigram
http://www.jstor.org/stable/2869705,Front Matter,Shakespeare Quarterly,1985,,article,jstor,1985-10-01,3,36,http://www.jstor.org/stable/2869705,,Folger Shakespeare Library,eng,257,259,,1201,5,unigram; bigram; trigram
http://www.jstor.org/stable/2869416,Shakespeare in California and Utah,Shakespeare Quarterly,1977,,article,jstor,1977-04-01,2,28,http://www.jstor.org/stable/2869416,Stephen Booth,Folger Shakespeare Library,eng,229,244,,11273,16,unigram; bigram; trigram
http://www.jstor.org/stable/2867650,Back Matter,Shakespeare Quarterly,1967,,article,jstor,1967-10-01,4,18,http://www.jstor.org/stable/2867650,,Folger Shakespeare Library,eng,445,445,,284,1,unigram; bigram; trigram
http://www.jstor.org/stable/2868607,[Illustration]: Macbeth,Shakespeare Quarterly,1973,,article,jstor,1973-10-01,4,24,http://www.jstor.org/stable/2868607,,Folger Shakespeare Library,eng,,,,38,1,unigram; bigram; trigram
http://www.jstor.org/stable/2868791,Review Article,Shakespeare Quarterly,1974,,article,jstor,1974-07-01,3,25,http://www.jstor.org/stable/2868791,David M. Bergeron,Folger Shakespeare Library,eng,367,367,,555,1,unigram; bigram; trigram
http://www.jstor.org/stable/3844279,Review Article,Shakespeare Quarterly,2005,,article,jstor,2005-12-01,4,56,http://www.jstor.org/stable/3844279,Margaret Maurer,Folger Shakespeare Library,eng,504,507,,2143,4,unigram; bigram; trigram
http://www.jstor.org/stable/2868333,Review Article,Shakespeare Quarterly,1964,,article,jstor,1964-07-01,3,15,http://www.jstor.org/stable/2868333,Norman Sanders,Folger Shakespeare Library,eng,233,234,,779,2,unigram; bigram; trigram
http://www.jstor.org/stable/2867803,"[Illustration]: ""Di Atteon Mutato in Ceruo""",Shakespeare Quarterly,1963,,article,jstor,1963-07-01,3,14,http://www.jstor.org/stable/2867803,,Folger Shakespeare Library,eng,214,214,,41,1,unigram; bigram; trigram
http://www.jstor.org/stable/3844245,Review Article,Shakespeare Quarterly,2002,,article,jstor,2002-12-01,4,53,http://www.jstor.org/stable/3844245,Kristen Poole,Folger Shakespeare Library,eng,557,561,,2799,5,unigram; bigram; trigram
http://www.jstor.org/stable/2870368,John Shakespeare in The Exchequer,Shakespeare Quarterly,1984,,article,jstor,1984-10-01,3,35,http://www.jstor.org/stable/2870368,D. L. Thomas; N. E. Evans,Folger Shakespeare Library,eng,315,318,,2366,4,unigram; bigram; trigram
http://www.jstor.org/stable/2866976,Review Article,Shakespeare Quarterly,1957,,article,jstor,1957-04-01,2,8,http://www.jstor.org/stable/2866976,Calvin D. Linton,Folger Shakespeare Library,eng,241,242,,713,2,unigram; bigram; trigram
http://www.jstor.org/stable/2868685,Review Article,Shakespeare Quarterly,1972,,article,jstor,1972-10-01,4,23,http://www.jstor.org/stable/2868685,Virgil B. Heltzel,Folger Shakespeare Library,eng,452,453,,1320,2,unigram; bigram; trigram
http://www.jstor.org/stable/2869976,Review Article,Shakespeare Quarterly,1986,,article,jstor,1986-07-01,2,37,http://www.jstor.org/stable/2869976,Robert S. Miola,Folger Shakespeare Library,eng,267,269,,869,3,unigram; bigram; trigram
http://www.jstor.org/stable/2869619,Review Article,Shakespeare Quarterly,1975,,article,jstor,1975-07-01,3,26,http://www.jstor.org/stable/2869619,Louise George Clubb,Folger Shakespeare Library,eng,311,312,,849,2,unigram; bigram; trigram
http://www.jstor.org/stable/2868134,The Mood of Measure for Measure,Shakespeare Quarterly,1963,,article,jstor,1963-01-01,1,14,http://www.jstor.org/stable/2868134,D. R. C. Marsh,Folger Shakespeare Library,eng,31,38,,4210,8,unigram; bigram; trigram
http://www.jstor.org/stable/2869862,Jonson and Shakespeare At Chess?,Shakespeare Quarterly,1983,,article,jstor,1983-12-01,4,34,http://www.jstor.org/stable/2869862,Bryan Loughrey; Neil Taylor,Folger Shakespeare Library,eng,440,448,,5348,9,unigram; bigram; trigram
http://www.jstor.org/stable/2867421,Front Matter,Shakespeare Quarterly,1960,,article,jstor,1960-01-01,1,11,http://www.jstor.org/stable/2867421,,Folger Shakespeare Library,eng,1,2,,376,2,unigram; bigram; trigram
http://www.jstor.org/stable/2868282,Review Article,Shakespeare Quarterly,1965,,article,jstor,1965-04-01,2,16,http://www.jstor.org/stable/2868282,Charles H. Shattuck,Folger Shakespeare Library,eng,256,258,,1598,3,unigram; bigram; trigram
http://www.jstor.org/stable/2866609,Supplements to the New Variorum Shakespeare,Shakespeare Quarterly,1955,,article,jstor,1955-07-01,3,6,http://www.jstor.org/stable/2866609,,Folger Shakespeare Library,eng,247,247,,527,1,unigram; bigram; trigram
http://www.jstor.org/stable/2868775,"Grumio's ""Rope-Tricks"" and the Nurse's ""Ropery""",Shakespeare Quarterly,1971,,article,jstor,1971-01-01,1,22,http://www.jstor.org/stable/2868775,Richard Levin,Folger Shakespeare Library,eng,82,86,,2413,5,unigram; bigram; trigram
http://www.jstor.org/stable/3648711,Review Article,Shakespeare Quarterly,2001,,article,jstor,2001-12-01,4,52,http://www.jstor.org/stable/3648711,Richard Halpern,Folger Shakespeare Library,eng,527,529,,1373,3,unigram; bigram; trigram
http://www.jstor.org/stable/2867376,Annual Meeting,Shakespeare Quarterly,1958,,article,jstor,1958-07-01,3,9,http://www.jstor.org/stable/2867376,,Folger Shakespeare Library,eng,438,438,,260,1,unigram; bigram; trigram
http://www.jstor.org/stable/24778591,Review Article,Shakespeare Quarterly,2014,,article,jstor,2014-10-01,3,65,http://www.jstor.org/stable/24778591,F. W. Brownlow,Folger Shakespeare Library,eng,352,353,,993,2,unigram; bigram; trigram
http://www.jstor.org/stable/3648659,Review Article,Shakespeare Quarterly,2001,,article,jstor,2001-04-01,1,52,http://www.jstor.org/stable/3648659,Willam Kerwin,Folger Shakespeare Library,eng,159,161,,1212,3,unigram; bigram; trigram
http://www.jstor.org/stable/2867415,"Collections, Editions, and Translations",Shakespeare Quarterly,1961,,article,jstor,1961-04-01,2,12,http://www.jstor.org/stable/2867415,Robert W. Dent,Folger Shakespeare Library,eng,170,178,,4053,9,unigram; bigram; trigram
http://www.jstor.org/stable/2870238,Saxo and Shakespeare,Shakespeare Quarterly,1983,,article,jstor,1983-04-01,1,34,http://www.jstor.org/stable/2870238,Kenneth Muir,Folger Shakespeare Library,eng,116,116,,649,1,unigram; bigram; trigram
http://www.jstor.org/stable/2868159,An Early Hamlet Echo?,Shakespeare Quarterly,1963,,article,jstor,1963-01-01,1,14,http://www.jstor.org/stable/2868159,Robert W. Dent,Folger Shakespeare Library,eng,87,89,,1469,3,unigram; bigram; trigram
http://www.jstor.org/stable/2869912,An Impressive Philolgical Achievement,Shakespeare Quarterly,1983,,article,jstor,1983-10-01,3,34,http://www.jstor.org/stable/2869912,R. J. Schoeck,Folger Shakespeare Library,eng,371,372,,1033,2,unigram; bigram; trigram
http://www.jstor.org/stable/2870330,Ancients and Moderns,Shakespeare Quarterly,1985,,article,jstor,1985-12-01,4,36,http://www.jstor.org/stable/2870330,Gary Taylor,Folger Shakespeare Library,eng,525,527,,1746,3,unigram; bigram; trigram
http://www.jstor.org/stable/24778462,Review Article,Shakespeare Quarterly,2013,,article,jstor,2013-07-01,2,64,http://www.jstor.org/stable/24778462,Alan Lopez,Folger Shakespeare Library,eng,246,248,,768,3,unigram; bigram; trigram
http://www.jstor.org/stable/2867064,[Illustration]: Venice as known to the Elizabethans. A Bird's-Eye View,Shakespeare Quarterly,1961,,article,jstor,1961-07-01,3,12,http://www.jstor.org/stable/2867064,,Folger Shakespeare Library,eng,304,304,,164,1,unigram; bigram; trigram
http://www.jstor.org/stable/3844084,Review Article,Shakespeare Quarterly,2005,,article,jstor,2005-10-01,3,56,http://www.jstor.org/stable/3844084,Lee Bliss,Folger Shakespeare Library,eng,354,356,,1489,3,unigram; bigram; trigram
http://www.jstor.org/stable/2870760,Review Article,Shakespeare Quarterly,1989,,article,jstor,1989-04-01,1,40,http://www.jstor.org/stable/2870760,Alexander Leggatt,Folger Shakespeare Library,eng,102,104,,1651,3,unigram; bigram; trigram
http://www.jstor.org/stable/2867071,Review Article,Shakespeare Quarterly,1961,,article,jstor,1961-07-01,3,12,http://www.jstor.org/stable/2867071,Roy Lamson,Folger Shakespeare Library,eng,328,329,,831,2,unigram; bigram; trigram
http://www.jstor.org/stable/2870354,"Nashe, Shakespeare, and the Grotesque",Shakespeare Quarterly,1982,,article,jstor,1982-04-01,1,33,http://www.jstor.org/stable/2870354,Johan Gerritsen,Folger Shakespeare Library,eng,118,119,,919,2,unigram; bigram; trigram
http://www.jstor.org/stable/2866671,Notes and Comments,Shakespeare Quarterly,1951,,article,jstor,1951-07-01,3,2,http://www.jstor.org/stable/2866671,,Folger Shakespeare Library,eng,271,272,,794,2,unigram; bigram; trigram
http://www.jstor.org/stable/2870299,Prince Henry Stuart Defamed,Shakespeare Quarterly,1981,,article,jstor,1981-04-01,1,32,http://www.jstor.org/stable/2870299,Robert B. Bennett,Folger Shakespeare Library,eng,124,127,,1349,3,unigram; bigram; trigram
http://www.jstor.org/stable/3844042,"Two ""Hamlets""",Shakespeare Quarterly,2002,,article,jstor,2002-04-01,1,53,http://www.jstor.org/stable/3844042,Kate D. Levin,Folger Shakespeare Library,eng,106,115,,5358,10,unigram; bigram; trigram
http://www.jstor.org/stable/2868917,"Shakespeare at the Old Globe, 1971",Shakespeare Quarterly,1971,,article,jstor,1971-10-01,,4,http://www.jstor.org/stable/2868917,Lynn K. Horobetz,Folger Shakespeare Library,eng,385,387,,1380,3,unigram; bigram; trigram
http://www.jstor.org/stable/2866091,Review Article,Shakespeare Quarterly,1955,,article,jstor,1955-10-01,4,6,http://www.jstor.org/stable/2866091,W. Gordon Zeeveld,Folger Shakespeare Library,eng,470,471,,509,2,unigram; bigram; trigram
http://www.jstor.org/stable/2866447,Review Article,Shakespeare Quarterly,1956,,article,jstor,1956-04-01,2,7,http://www.jstor.org/stable/2866447,Alice Walker,Folger Shakespeare Library,eng,243,246,,2196,4,unigram; bigram; trigram
http://www.jstor.org/stable/2870157,Front Matter,Shakespeare Quarterly,1984,,article,jstor,1984-12-01,4,35,http://www.jstor.org/stable/2870157,,Folger Shakespeare Library,eng,385,387,,1231,5,unigram; bigram; trigram
http://www.jstor.org/stable/2869040,Editions and Translations; Selections and Adaptations,Shakespeare Quarterly,1975,,article,jstor,1975-10-01,4,26,http://www.jstor.org/stable/2869040,Thomas F. Grieve; Rudolph E. Habenicht,Folger Shakespeare Library,eng,333,336,,2232,4,unigram; bigram; trigram
http://www.jstor.org/stable/2869243,"Othello: ""A Fixed Figure for the Time of Scorn""",Shakespeare Quarterly,1975,,article,jstor,1975-04-01,,2,http://www.jstor.org/stable/2869243,Jean Klene,Folger Shakespeare Library,eng,139,150,,6362,12,unigram; bigram; trigram
http://www.jstor.org/stable/2869058,The Director as Mythagog: Jonathan Miller Talks about Directing Shakespeare,Shakespeare Quarterly,1976,,article,jstor,1976-01-01,1,27,http://www.jstor.org/stable/2869058,Helen Krich Chinoy,Folger Shakespeare Library,eng,7,14,,3596,8,unigram; bigram; trigram
http://www.jstor.org/stable/2866181,Review Article,Shakespeare Quarterly,1953,,article,jstor,1953-04-01,2,4,http://www.jstor.org/stable/2866181,Hubert Heffner,Folger Shakespeare Library,eng,187,189,,1332,3,unigram; bigram; trigram
http://www.jstor.org/stable/3844255,Review Article,Shakespeare Quarterly,2002,,article,jstor,2002-12-01,4,53,http://www.jstor.org/stable/3844255,Valerie Wayne,Folger Shakespeare Library,eng,584,586,,1628,3,unigram; bigram; trigram
http://www.jstor.org/stable/2870470,Review Article,Shakespeare Quarterly,1991,,article,jstor,1991-12-01,4,42,http://www.jstor.org/stable/2870470,Peter W. M. Blayney,Folger Shakespeare Library,eng,493,497,,2993,5,unigram; bigram; trigram
http://www.jstor.org/stable/2871098,Household Kates: Domesticating Commodities in The Taming of the Shrew,Shakespeare Quarterly,1996,,article,jstor,1996-07-01,2,47,http://www.jstor.org/stable/2871098,Natasha Korda,Folger Shakespeare Library,eng,109,131,,13398,23,unigram; bigram; trigram
http://www.jstor.org/stable/40731148,Review Article,Shakespeare Quarterly,2010,,article,jstor,2010-04-01,1,61,http://www.jstor.org/stable/40731148,Heather Hirschfeld,Folger Shakespeare Library,eng,138,141,,1674,4,unigram; bigram; trigram
http://www.jstor.org/stable/41350163,Review Article,Shakespeare Quarterly,2011,,article,jstor,2011-12-01,4,62,http://www.jstor.org/stable/41350163,Karen Cunningham,Folger Shakespeare Library,eng,620,622,,1150,3,unigram; bigram; trigram
http://www.jstor.org/stable/2870075,Back Matter,Shakespeare Quarterly,1984,,article,jstor,1984-01-01,5,35,http://www.jstor.org/stable/2870075,,Folger Shakespeare Library,eng,,,,428,2,unigram; bigram; trigram
http://www.jstor.org/stable/41679756,Review Article,Shakespeare Quarterly,2012,,article,jstor,2012-07-01,2,63,http://www.jstor.org/stable/41679756,Judith Owens,Folger Shakespeare Library,eng,261,264,,1476,4,unigram; bigram; trigram
http://www.jstor.org/stable/2871426,Review Article,Shakespeare Quarterly,1993,,article,jstor,1993-10-01,3,44,http://www.jstor.org/stable/2871426,W. B. Worthen,Folger Shakespeare Library,eng,365,367,,1187,3,unigram; bigram; trigram
http://www.jstor.org/stable/3844161,Review Article,Shakespeare Quarterly,2004,,article,jstor,2004-10-01,3,55,http://www.jstor.org/stable/3844161,Roslyn L. Knutson,Folger Shakespeare Library,eng,343,345,,1635,3,unigram; bigram; trigram
http://www.jstor.org/stable/2868696,"[Illustration]: Woodcut Illustration of Plautus' Captivi (Venice, 1518)",Shakespeare Quarterly,1970,,article,jstor,1970-07-01,3,21,http://www.jstor.org/stable/2868696,,Folger Shakespeare Library,eng,,,,45,1,unigram; bigram; trigram
http://www.jstor.org/stable/2871004,"The Topos of ""Inversion of Values"" in Hero's Depiction of Beatrice",Shakespeare Quarterly,1993,,article,jstor,1993-12-01,4,44,http://www.jstor.org/stable/2871004,Donald McGrady,Folger Shakespeare Library,eng,472,476,,3415,5,unigram; bigram; trigram
http://www.jstor.org/stable/2868404,"[Illustration]: Woodcut Illustration of Plautus' Asinaria, fol. LXIII",Shakespeare Quarterly,1970,,article,jstor,1970-01-01,1,21,http://www.jstor.org/stable/2868404,,Folger Shakespeare Library,eng,76,76,,35,1,unigram; bigram; trigram
http://www.jstor.org/stable/2868268,Macbeth: The Nemesis of the Post-Shakespearian Actor,Shakespeare Quarterly,1965,,article,jstor,1965-04-01,2,16,http://www.jstor.org/stable/2868268,Elizabeth Nielsen,Folger Shakespeare Library,eng,193,199,,3974,7,unigram; bigram; trigram
http://www.jstor.org/stable/2867810,[Illustration]: The Actaeon Myth,Shakespeare Quarterly,1963,,article,jstor,1963-07-01,3,14,http://www.jstor.org/stable/2867810,,Folger Shakespeare Library,eng,252,252,,112,1,unigram; bigram; trigram
http://www.jstor.org/stable/2870442,Front Matter,Shakespeare Quarterly,1990,,article,jstor,1990-07-01,2,41,http://www.jstor.org/stable/2870442,,Folger Shakespeare Library,eng,i,ii,,684,4,unigram; bigram; trigram
http://www.jstor.org/stable/2870071,The Wrong Way and the Right Way,Shakespeare Quarterly,1984,,article,jstor,1984-01-01,,5,http://www.jstor.org/stable/2870071,Kenneth Muir,Folger Shakespeare Library,eng,642,643,,739,2,unigram; bigram; trigram
http://www.jstor.org/stable/2867336,[Illustration]: Nine pins. From Le Centre de l'Amour Decouvert subs Divers Emblesmes Galans et Facetieux,Shakespeare Quarterly,1958,,article,jstor,1958-07-01,3,9,http://www.jstor.org/stable/2867336,,Folger Shakespeare Library,eng,346,346,,78,1,unigram; bigram; trigram
http://www.jstor.org/stable/2869138,Freeing Shakespeare,Shakespeare Quarterly,1978,,article,jstor,1978-04-01,2,29,http://www.jstor.org/stable/2869138,Marvin Rosenberg,Folger Shakespeare Library,eng,314,314,,590,1,unigram; bigram; trigram
http://www.jstor.org/stable/2869753,Utah Shakespearean Festival,Shakespeare Quarterly,1982,,article,jstor,1982-10-01,3,33,http://www.jstor.org/stable/2869753,Barry Weller,Folger Shakespeare Library,eng,377,379,,2079,3,unigram; bigram; trigram
http://www.jstor.org/stable/2867687,Back Matter,Shakespeare Quarterly,1965,,article,jstor,1965-10-01,4,16,http://www.jstor.org/stable/2867687,,Folger Shakespeare Library,eng,370,370,,541,1,unigram; bigram; trigram
http://www.jstor.org/stable/2870411,Review Article,Shakespeare Quarterly,1987,,article,jstor,1987-04-01,1,38,http://www.jstor.org/stable/2870411,Richard C. McCoy,Folger Shakespeare Library,eng,107,109,,1285,3,unigram; bigram; trigram
http://www.jstor.org/stable/2866777,Notes and Comments,Shakespeare Quarterly,1953,,article,jstor,1953-07-01,3,4,http://www.jstor.org/stable/2866777,,Folger Shakespeare Library,eng,367,367,,393,1,unigram; bigram; trigram
http://www.jstor.org/stable/2868009,[Illustration]: A Portion of A Prospect of London and Westminster (1682),Shakespeare Quarterly,1962,,article,jstor,1962-10-01,4,13,http://www.jstor.org/stable/2868009,,Folger Shakespeare Library,eng,,,,82,1,unigram; bigram; trigram
http://www.jstor.org/stable/2868843,"The ""Grey-Eyed Morne"" Passage in Romeo and Juliet",Shakespeare Quarterly,1970,,article,jstor,1970-04-01,2,21,http://www.jstor.org/stable/2868843,Barry J. Gaines,Folger Shakespeare Library,eng,196,198,,1109,3,unigram; bigram; trigram
http://www.jstor.org/stable/2869433,"Productions, Staging and Stage History, Festivals, Theatrical Techniques, Television, Radio, Readings, Recordings",Shakespeare Quarterly,1977,,article,jstor,1977-10-01,4,28,http://www.jstor.org/stable/2869433,Harrison T. Meserole,Folger Shakespeare Library,eng,424,443,,13318,20,unigram; bigram; trigram
http://www.jstor.org/stable/2870516,Review Article,Shakespeare Quarterly,1987,,article,jstor,1987-10-01,3,38,http://www.jstor.org/stable/2870516,Larry S. Champion,Folger Shakespeare Library,eng,379,381,,1186,3,unigram; bigram; trigram
http://www.jstor.org/stable/2870841,Back Matter,Shakespeare Quarterly,1989,,article,jstor,1989-07-01,2,40,http://www.jstor.org/stable/2870841,,Folger Shakespeare Library,eng,255,256,,1172,3,unigram; bigram; trigram
http://www.jstor.org/stable/2870629,On the Dating of Shakespeare's Early Plays,Shakespeare Quarterly,1988,,article,jstor,1988-07-01,2,39,http://www.jstor.org/stable/2870629,Sidney Thomas,Folger Shakespeare Library,eng,187,194,,4338,8,unigram; bigram; trigram
http://www.jstor.org/stable/2870417,"King John, The Troublesome Reigne, and ""documentary links"": A Rejoinder",Shakespeare Quarterly,1987,,article,jstor,1987-04-01,1,38,http://www.jstor.org/stable/2870417,E.A.J. Honigmann,Folger Shakespeare Library,eng,124,126,,2016,3,unigram; bigram; trigram
http://www.jstor.org/stable/2868629,Review Article,Shakespeare Quarterly,1973,,article,jstor,1973-10-01,4,24,http://www.jstor.org/stable/2868629,K. B. Michael,Folger Shakespeare Library,eng,476,478,,805,3,unigram; bigram; trigram
http://www.jstor.org/stable/2902321,Modernizing Shakespeare: Nicholas Rowe and The Tempest,Shakespeare Quarterly,2000,,article,jstor,2000-04-01,1,51,http://www.jstor.org/stable/2902321,Peter Holland,Folger Shakespeare Library,eng,24,32,,4338,9,unigram; bigram; trigram
http://www.jstor.org/stable/4123493,"The Body of the Actor in ""Coriolanus""",Shakespeare Quarterly,2006,,article,jstor,2006-12-01,4,57,http://www.jstor.org/stable/4123493,Eve Rachele Sanders,Folger Shakespeare Library,eng,387,412,,11856,26,unigram; bigram; trigram
http://www.jstor.org/stable/2902129,Deaths in the Family: The Loss of a Son and the Rise of Shakespearean Comedy,Shakespeare Quarterly,2000,,article,jstor,2000-07-01,2,51,http://www.jstor.org/stable/2902129,Richard P. Wheeler,Folger Shakespeare Library,eng,127,153,,13326,27,unigram; bigram; trigram
http://www.jstor.org/stable/2867847,Review Article,Shakespeare Quarterly,1968,,article,jstor,1968-01-01,1,19,http://www.jstor.org/stable/2867847,Thomas A. Kirby,Folger Shakespeare Library,eng,86,87,,755,2,unigram; bigram; trigram
http://www.jstor.org/stable/2869841,Ilinois Shakespeare Festival,Shakespeare Quarterly,1983,,article,jstor,1983-07-01,,2,http://www.jstor.org/stable/2869841,Richard P. Wheeler,Folger Shakespeare Library,eng,225,227,,2013,3,unigram; bigram; trigram
http://www.jstor.org/stable/41819764,Front Matter,Shakespeare Quarterly,2012,,article,jstor,2012-12-01,4,63,http://www.jstor.org/stable/41819764,,Folger Shakespeare Library,eng,,,,672,4,unigram; bigram; trigram
http://www.jstor.org/stable/2866429,Reply to James W. Andrews,Shakespeare Quarterly,1950,,article,jstor,1950-07-01,3,1,http://www.jstor.org/stable/2866429,Henry W. Wells,Folger Shakespeare Library,eng,189,190,,742,2,unigram; bigram; trigram
http://www.jstor.org/stable/41350175,Review Article,Shakespeare Quarterly,2012,,article,jstor,2012-04-01,1,63,http://www.jstor.org/stable/41350175,Margaret Mikesell,Folger Shakespeare Library,eng,126,130,,1794,5,unigram; bigram; trigram
http://www.jstor.org/stable/2870342,Humfrey Hower,Shakespeare Quarterly,1982,,article,jstor,1982-04-01,1,33,http://www.jstor.org/stable/2870342,Gary Taylor,Folger Shakespeare Library,eng,95,97,,1784,3,unigram; bigram; trigram
http://www.jstor.org/stable/2870092,Shakespeare in Kentucky,Shakespeare Quarterly,1985,,article,jstor,1985-04-01,1,36,http://www.jstor.org/stable/2870092,John Spalding Gatton,Folger Shakespeare Library,eng,101,105,,2820,5,unigram; bigram; trigram
http://www.jstor.org/stable/2869382,Still a Problem Play,Shakespeare Quarterly,1980,,article,jstor,1980-04-01,1,31,http://www.jstor.org/stable/2869382,Joan Hartwig,Folger Shakespeare Library,eng,104,107,,2071,4,unigram; bigram; trigram
http://www.jstor.org/stable/24778468,Contributors,Shakespeare Quarterly,2013,,article,jstor,2013-07-01,2,64,http://www.jstor.org/stable/24778468,,Folger Shakespeare Library,eng,263,264,,511,2,unigram; bigram; trigram
http://www.jstor.org/stable/2869033,Other Worlds of Hamlet,Shakespeare Quarterly,1976,,article,jstor,1976-04-01,2,27,http://www.jstor.org/stable/2869033,Arthur F. Kinney,Folger Shakespeare Library,eng,215,222,,4206,7,unigram; bigram; trigram
http://www.jstor.org/stable/4123514,"Two ""New"" Seventeenth-Century Portraits of Shakespeare",Shakespeare Quarterly,2006,,article,jstor,2006-10-01,,3,http://www.jstor.org/stable/4123514,Jackson C. Boswell,Folger Shakespeare Library,eng,309,317,,3416,9,unigram; bigram; trigram
http://www.jstor.org/stable/2869350,Editions and Texts,Shakespeare Quarterly,1979,,article,jstor,1979-10-01,4,30,http://www.jstor.org/stable/2869350,Harrison T. Meserole; John B. Smith,Folger Shakespeare Library,eng,477,478,,1013,2,unigram; bigram; trigram
http://www.jstor.org/stable/40468381,"Shakespeare's Citizen-Subject: Distracting the Gaze, Contracting the City ""A Response to Christopher Pye""",Shakespeare Quarterly,2009,,article,jstor,2009-12-01,4,60,http://www.jstor.org/stable/40468381,Julia Reinhard Lupton,Folger Shakespeare Library,eng,448,453,,2667,6,unigram; bigram; trigram
http://www.jstor.org/stable/2869191,A More Interesting Life,Shakespeare Quarterly,1978,,article,jstor,1978-01-01,1,29,http://www.jstor.org/stable/2869191,Kenneth Muir,Folger Shakespeare Library,eng,126,126,,402,1,unigram; bigram; trigram
http://www.jstor.org/stable/2870829,Review Article,Shakespeare Quarterly,1989,,article,jstor,1989-07-01,2,40,http://www.jstor.org/stable/2870829,Robert Hapgood,Folger Shakespeare Library,eng,228,230,,1863,3,unigram; bigram; trigram
http://www.jstor.org/stable/2868687,Review Article,Shakespeare Quarterly,1972,,article,jstor,1972-10-01,4,23,http://www.jstor.org/stable/2868687,Virgil B. Heltzel,Folger Shakespeare Library,eng,455,455,,478,1,unigram; bigram; trigram
http://www.jstor.org/stable/2870187,From the Editor,Shakespeare Quarterly,1986,,article,jstor,1986-04-01,,1,http://www.jstor.org/stable/2870187,Barbara A. Mowat,Folger Shakespeare Library,eng,3,4,,794,2,unigram; bigram; trigram
http://www.jstor.org/stable/2902386,Back Matter,Shakespeare Quarterly,1999,,article,jstor,1999-01-01,5,50,http://www.jstor.org/stable/2902386,,Folger Shakespeare Library,eng,,,,1017,5,unigram; bigram; trigram
http://www.jstor.org/stable/2871289,Front Matter,Shakespeare Quarterly,1994,,article,jstor,1994-04-01,1,45,http://www.jstor.org/stable/2871289,,Folger Shakespeare Library,eng,i,ii,,762,4,unigram; bigram; trigram
http://www.jstor.org/stable/3844156,Review Article,Shakespeare Quarterly,2004,,article,jstor,2004-10-01,3,55,http://www.jstor.org/stable/3844156,Naomi Conn Liebler,Folger Shakespeare Library,eng,330,331,,1064,2,unigram; bigram; trigram
http://www.jstor.org/stable/2866714,Notes and Comments,Shakespeare Quarterly,1952,,article,jstor,1952-10-01,4,3,http://www.jstor.org/stable/2866714,,Folger Shakespeare Library,eng,389,393,,2078,5,unigram; bigram; trigram
http://www.jstor.org/stable/3844353,Review Article,Shakespeare Quarterly,2002,,article,jstor,2002-10-01,3,53,http://www.jstor.org/stable/3844353,Philippa Berry,Folger Shakespeare Library,eng,401,403,,1595,3,unigram; bigram; trigram
http://www.jstor.org/stable/2870271,Shakespeare in Switzerland,Shakespeare Quarterly,1981,,article,jstor,1981-10-01,3,32,http://www.jstor.org/stable/2870271,Balz Engler,Folger Shakespeare Library,eng,389,389,,603,1,unigram; bigram; trigram
http://www.jstor.org/stable/2870680,Hamlet in Tokyo,Shakespeare Quarterly,1986,,article,jstor,1986-12-01,4,37,http://www.jstor.org/stable/2870680,James Shapiro,Folger Shakespeare Library,eng,489,491,,1477,3,unigram; bigram; trigram
http://www.jstor.org/stable/2866993,Recognition and Reversal in Antony and Cleopatra,Shakespeare Quarterly,1957,,article,jstor,1957-07-01,3,8,http://www.jstor.org/stable/2866993,Sylvan Barnet,Folger Shakespeare Library,eng,331,334,,2111,4,unigram; bigram; trigram
http://www.jstor.org/stable/2871070,Back Matter,Shakespeare Quarterly,1996,,article,jstor,1996-04-01,1,47,http://www.jstor.org/stable/2871070,,Folger Shakespeare Library,eng,99,100,,3164,11,unigram; bigram; trigram
http://www.jstor.org/stable/2869407,New Jersey Shakespeare Festival,Shakespeare Quarterly,1977,,article,jstor,1977-04-01,2,28,http://www.jstor.org/stable/2869407,,Folger Shakespeare Library,eng,216,218,,1481,3,unigram; bigram; trigram
http://www.jstor.org/stable/2868166,Notes and Comments,Shakespeare Quarterly,1963,,article,jstor,1963-01-01,1,14,http://www.jstor.org/stable/2868166,,Folger Shakespeare Library,eng,98,99,,614,2,unigram; bigram; trigram
http://www.jstor.org/stable/2868701,The Political Context in Antony and Cleopatra,Shakespeare Quarterly,1970,,article,jstor,1970-07-01,3,21,http://www.jstor.org/stable/2868701,Marilyn Williamson,Folger Shakespeare Library,eng,241,251,,5328,11,unigram; bigram; trigram
http://www.jstor.org/stable/2869480,Three Books on Lear,Shakespeare Quarterly,1979,,article,jstor,1979-07-01,3,30,http://www.jstor.org/stable/2869480,Michael Goldman,Folger Shakespeare Library,eng,419,421,,1891,3,unigram; bigram; trigram
http://www.jstor.org/stable/2868618,"Utah Shakespearean Festival, 1973",Shakespeare Quarterly,1973,,article,jstor,1973-10-01,4,24,http://www.jstor.org/stable/2868618,Janet H. Weaver,Folger Shakespeare Library,eng,444,445,,971,2,unigram; bigram; trigram
http://www.jstor.org/stable/2867771,"[Illustration]: Terentius, Andria I.i Shows the Supports of the Platform Stage",Shakespeare Quarterly,1963,,article,jstor,1963-04-01,2,14,http://www.jstor.org/stable/2867771,,Folger Shakespeare Library,eng,114,114,,69,1,unigram; bigram; trigram
http://www.jstor.org/stable/2868273,The Date of Edward III,Shakespeare Quarterly,1965,,article,jstor,1965-04-01,2,16,http://www.jstor.org/stable/2868273,Karl P. Wentersdorf,Folger Shakespeare Library,eng,227,231,,2655,5,unigram; bigram; trigram
http://www.jstor.org/stable/23025635,Review Article,Shakespeare Quarterly,2011,,article,jstor,2011-07-01,2,62,http://www.jstor.org/stable/23025635,William Dodd,Folger Shakespeare Library,eng,284,286,,1200,3,unigram; bigram; trigram
http://www.jstor.org/stable/2867685,Notes and Comments,Shakespeare Quarterly,1965,,article,jstor,1965-10-01,4,16,http://www.jstor.org/stable/2867685,,Folger Shakespeare Library,eng,365,367,,932,3,unigram; bigram; trigram
http://www.jstor.org/stable/2869162,Front Matter,Shakespeare Quarterly,1978,,article,jstor,1978-01-01,1,29,http://www.jstor.org/stable/2869162,,Folger Shakespeare Library,eng,1,4,,1626,5,unigram; bigram; trigram
http://www.jstor.org/stable/2870455,Shakespeare as Fetish,Shakespeare Quarterly,1990,,article,jstor,1990-07-01,2,41,http://www.jstor.org/stable/2870455,Marjorie Garber,Folger Shakespeare Library,eng,242,250,,4958,9,unigram; bigram; trigram
http://www.jstor.org/stable/2868643,Indexes,Shakespeare Quarterly,1973,,article,jstor,1973-10-01,4,24,http://www.jstor.org/stable/2868643,,Folger Shakespeare Library,eng,579,600,,9803,22,unigram; bigram; trigram
http://www.jstor.org/stable/2866513,Robert Metcalf Smith 1886-1952,Shakespeare Quarterly,1952,,article,jstor,1952-04-01,2,3,http://www.jstor.org/stable/2866513,,Folger Shakespeare Library,eng,139,139,,303,2,unigram; bigram; trigram
http://www.jstor.org/stable/2866691,On Behalf of that Falstaff,Shakespeare Quarterly,1952,,article,jstor,1952-10-01,4,3,http://www.jstor.org/stable/2866691,Samuel B. Hemingway,Folger Shakespeare Library,eng,307,311,,2654,5,unigram; bigram; trigram
http://www.jstor.org/stable/2866680,"1 King Henry the Fourth, II, iv, 315 ff",Shakespeare Quarterly,1950,,article,jstor,1950-04-01,2,1,http://www.jstor.org/stable/2866680,Samuel N. Bogorad,Folger Shakespeare Library,eng,76,77,,573,2,unigram; bigram; trigram
http://www.jstor.org/stable/2867956,An Allusion in 1593 to The Taming of the Shrew?,Shakespeare Quarterly,1964,,article,jstor,1964-01-01,1,15,http://www.jstor.org/stable/2867956,William H. Moore,Folger Shakespeare Library,eng,55,60,,3166,6,unigram; bigram; trigram
http://www.jstor.org/stable/2902379,Volume Information,Shakespeare Quarterly,1999,,article,jstor,1999-01-01,5,50,http://www.jstor.org/stable/2902379,,Folger Shakespeare Library,eng,,,,1181,6,unigram; bigram; trigram
http://www.jstor.org/stable/2870276,An Important Shakespeare Journal,Shakespeare Quarterly,1981,,article,jstor,1981-10-01,3,32,http://www.jstor.org/stable/2870276,Anna Kay France,Folger Shakespeare Library,eng,407,408,,1195,2,unigram; bigram; trigram
http://www.jstor.org/stable/3844341,Front Matter,Shakespeare Quarterly,2002,,article,jstor,2002-10-01,3,53,http://www.jstor.org/stable/3844341,,Folger Shakespeare Library,eng,i,ii,,1163,4,unigram; bigram; trigram
http://www.jstor.org/stable/2870213,Back Matter,Shakespeare Quarterly,1986,,article,jstor,1986-04-01,1,37,http://www.jstor.org/stable/2870213,,Folger Shakespeare Library,eng,142,143,,1361,4,unigram; bigram; trigram
http://www.jstor.org/stable/2871215,"Mourning and Misogyny: Hamlet, The Revenger's Tragedy, and the Final Progress of Elizabeth I, 1600-1607",Shakespeare Quarterly,1994,,article,jstor,1994-07-01,2,45,http://www.jstor.org/stable/2871215,Steven Mullaney,Folger Shakespeare Library,eng,139,162,,13487,24,unigram; bigram; trigram
http://www.jstor.org/stable/2902147,Review Article,Shakespeare Quarterly,2000,,article,jstor,2000-07-01,2,51,http://www.jstor.org/stable/2902147,Jay L. Halio,Folger Shakespeare Library,eng,258,260,,1325,3,unigram; bigram; trigram
http://www.jstor.org/stable/2869789,"Lamb, Shakespeare, and the Stage",Shakespeare Quarterly,1982,,article,jstor,1982-07-01,2,33,http://www.jstor.org/stable/2869789,Roy Park,Folger Shakespeare Library,eng,164,177,,7921,14,unigram; bigram; trigram
http://www.jstor.org/stable/2866923,"[Illustration]: Old St. Paul's Cathedral, viewed from the west. From the engraving by Wenceslaus Hollar, 1656",Shakespeare Quarterly,1959,,article,jstor,1959-04-01,2,10,http://www.jstor.org/stable/2866923,,Folger Shakespeare Library,eng,176,176,,18,1,unigram; bigram; trigram
http://www.jstor.org/stable/2868690,Review Article,Shakespeare Quarterly,1972,,article,jstor,1972-10-01,4,23,http://www.jstor.org/stable/2868690,Richard Harrier,Folger Shakespeare Library,eng,458,460,,874,3,unigram; bigram; trigram
http://www.jstor.org/stable/2870632,Teaching Shakespeare in China,Shakespeare Quarterly,1988,,article,jstor,1988-07-01,2,39,http://www.jstor.org/stable/2870632,Edward Berry,Folger Shakespeare Library,eng,212,216,,3218,5,unigram; bigram; trigram
http://www.jstor.org/stable/2866851,Index,Shakespeare Quarterly,1962,,article,jstor,1962-07-01,3,13,http://www.jstor.org/stable/2866851,Robert W. Dent,Folger Shakespeare Library,eng,435,449,,6556,15,unigram; bigram; trigram
http://www.jstor.org/stable/2867165,Two Notes on Hamlet,Shakespeare Quarterly,1958,,article,jstor,1958-10-01,4,9,http://www.jstor.org/stable/2867165,Andrew S. Cairncross,Folger Shakespeare Library,eng,586,588,,1055,3,unigram; bigram; trigram
http://www.jstor.org/stable/2869274,Watermarks in the Manuscript of Sir Thomas More and a Possible Collation,Shakespeare Quarterly,1975,,article,jstor,1975-01-01,1,26,http://www.jstor.org/stable/2869274,Michael L. Hays,Folger Shakespeare Library,eng,66,69,,1911,4,unigram; bigram; trigram
http://www.jstor.org/stable/2867585,Libraries and Collections,Shakespeare Quarterly,1965,,article,jstor,1965-07-01,3,16,http://www.jstor.org/stable/2867585,Robert W. Dent,Folger Shakespeare Library,eng,45,47,,933,3,unigram; bigram; trigram
http://www.jstor.org/stable/2866701,[Illustration]: Vocabula,Shakespeare Quarterly,1952,,article,jstor,1952-10-01,4,3,http://www.jstor.org/stable/2866701,,Folger Shakespeare Library,eng,366,366,,30,1,unigram; bigram; trigram
http://www.jstor.org/stable/2867728,Why The Sweets Melted: A Study in Shakespeare's Imagery,Shakespeare Quarterly,1965,,article,jstor,1965-01-01,,1,http://www.jstor.org/stable/2867728,C. H. Hobday,Folger Shakespeare Library,eng,3,17,,7059,15,unigram; bigram; trigram
http://www.jstor.org/stable/2870916,Review Article,Shakespeare Quarterly,1992,,article,jstor,1992-04-01,1,43,http://www.jstor.org/stable/2870916,Robert Hapgood,Folger Shakespeare Library,eng,103,105,,1310,3,unigram; bigram; trigram
http://www.jstor.org/stable/3844302,Front Matter,Shakespeare Quarterly,2005,,article,jstor,2005-07-01,2,56,http://www.jstor.org/stable/3844302,,Folger Shakespeare Library,eng,i,ii,,646,3,unigram; bigram; trigram
http://www.jstor.org/stable/2870432,Review Article,Shakespeare Quarterly,1987,,article,jstor,1987-12-01,4,38,http://www.jstor.org/stable/2870432,Paul Werstine,Folger Shakespeare Library,eng,522,524,,1640,3,unigram; bigram; trigram
http://www.jstor.org/stable/3844313,Review Article,Shakespeare Quarterly,2005,,article,jstor,2005-07-01,2,56,http://www.jstor.org/stable/3844313,Lars Engle,Folger Shakespeare Library,eng,226,228,,1449,3,unigram; bigram; trigram
http://www.jstor.org/stable/2867670,"[Illustration]: Gardening. In Nicolas de Bonnefons, The French Gardiner",Shakespeare Quarterly,1965,,article,jstor,1965-10-01,4,16,http://www.jstor.org/stable/2867670,,Folger Shakespeare Library,eng,348,348,,61,1,unigram; bigram; trigram
http://www.jstor.org/stable/40468398,Review Article,Shakespeare Quarterly,2009,,article,jstor,2009-12-01,4,60,http://www.jstor.org/stable/40468398,Laurie E. Osborne,Folger Shakespeare Library,eng,524,526,,996,3,unigram; bigram; trigram
http://www.jstor.org/stable/2867396,Review Article,Shakespeare Quarterly,1961,,article,jstor,1961-04-01,2,12,http://www.jstor.org/stable/2867396,John E. Hankins,Folger Shakespeare Library,eng,148,149,,419,2,unigram; bigram; trigram
http://www.jstor.org/stable/3844064,Review Article,Shakespeare Quarterly,2003,,article,jstor,2003-12-01,4,54,http://www.jstor.org/stable/3844064,Bruce R. Smith,Folger Shakespeare Library,eng,463,466,,2232,4,unigram; bigram; trigram
http://www.jstor.org/stable/2870322,From Vergil To Shakespeare,Shakespeare Quarterly,1985,,article,jstor,1985-12-01,4,36,http://www.jstor.org/stable/2870322,Robert S. Miola,Folger Shakespeare Library,eng,502,504,,1562,3,unigram; bigram; trigram
http://www.jstor.org/stable/2869148,The First Quarto of Pericles Reconsidered,Shakespeare Quarterly,1978,,article,jstor,1978-07-01,3,29,http://www.jstor.org/stable/2869148,S. Musgrove,Folger Shakespeare Library,eng,389,406,,10656,18,unigram; bigram; trigram
http://www.jstor.org/stable/2870318,Televisionary Shakespeare: Working with The Shakespeare Hour,Shakespeare Quarterly,1985,,article,jstor,1985-12-01,4,36,http://www.jstor.org/stable/2870318,Maurice Charney,Folger Shakespeare Library,eng,489,495,,5677,7,unigram; bigram; trigram
http://www.jstor.org/stable/2866693,Shakespeare in the Periodicals 1700-1740: A Study of the Growth of a Knowledge of the Dramatist in the Eighteenth Century,Shakespeare Quarterly,1952,,article,jstor,1952-10-01,4,3,http://www.jstor.org/stable/2866693,"George Winchester Stone, Jr.",Folger Shakespeare Library,eng,313,328,,7869,16,unigram; bigram; trigram
http://www.jstor.org/stable/2866053,The Recapitulation Dream in Richard III and Macbeth,Shakespeare Quarterly,1955,,article,jstor,1955-01-01,,1,http://www.jstor.org/stable/2866053,Aerol Arnold,Folger Shakespeare Library,eng,51,62,,5594,12,unigram; bigram; trigram
http://www.jstor.org/stable/3648660,Review Article,Shakespeare Quarterly,2001,,article,jstor,2001-04-01,1,52,http://www.jstor.org/stable/3648660,Jonathan Gil Harris,Folger Shakespeare Library,eng,161,164,,1828,4,unigram; bigram; trigram
http://www.jstor.org/stable/2869015,Review Article,Shakespeare Quarterly,1969,,article,jstor,1969-04-01,2,20,http://www.jstor.org/stable/2869015,James O. Wood,Folger Shakespeare Library,eng,236,237,,333,2,unigram; bigram; trigram
http://www.jstor.org/stable/2868577,A Note on the Motives of Marcus Brutts,Shakespeare Quarterly,1972,,article,jstor,1972-04-01,2,23,http://www.jstor.org/stable/2868577,Ronald Berman,Folger Shakespeare Library,eng,197,200,,1724,4,unigram; bigram; trigram
http://www.jstor.org/stable/2869601,Volume Information,Shakespeare Quarterly,1975,,article,jstor,1975-07-01,3,26,http://www.jstor.org/stable/2869601,,Folger Shakespeare Library,eng,i,xxix,,13660,28,unigram; bigram; trigram
http://www.jstor.org/stable/2870323,A Shapely Study Of Time in Shakespeare,Shakespeare Quarterly,1985,,article,jstor,1985-12-01,4,36,http://www.jstor.org/stable/2870323,Patricia C. Alley,Folger Shakespeare Library,eng,504,505,,765,2,unigram; bigram; trigram
http://www.jstor.org/stable/2902204,From the Editor,Shakespeare Quarterly,1998,,article,jstor,1998-04-01,1,49,http://www.jstor.org/stable/2902204,Gail Kern Paster,Folger Shakespeare Library,eng,iii,iii,,544,1,unigram; bigram; trigram
http://www.jstor.org/stable/2866591,Review Article,Shakespeare Quarterly,1954,,article,jstor,1954-04-01,2,5,http://www.jstor.org/stable/2866591,Milton Crane,Folger Shakespeare Library,eng,186,188,,971,3,unigram; bigram; trigram
http://www.jstor.org/stable/2871112,Review Article,Shakespeare Quarterly,1996,,article,jstor,1996-07-01,2,47,http://www.jstor.org/stable/2871112,Frances E. Dolan,Folger Shakespeare Library,eng,219,221,,802,3,unigram; bigram; trigram
http://www.jstor.org/stable/2870150,Shakespeare and Women,Shakespeare Quarterly,1982,,article,jstor,1982-12-01,4,33,http://www.jstor.org/stable/2870150,Jeanne Addison Roberts,Folger Shakespeare Library,eng,533,536,,2415,4,unigram; bigram; trigram
http://www.jstor.org/stable/2866836,Review Article,Shakespeare Quarterly,1962,,article,jstor,1962-07-01,3,13,http://www.jstor.org/stable/2866836,Roger J. Trienens,Folger Shakespeare Library,eng,356,357,,496,2,unigram; bigram; trigram
http://www.jstor.org/stable/3844193,Review Article,Shakespeare Quarterly,2003,,article,jstor,2003-07-01,2,54,http://www.jstor.org/stable/3844193,Goran V. Stanivukovic,Folger Shakespeare Library,eng,230,232,,1506,3,unigram; bigram; trigram
http://www.jstor.org/stable/3844178,Review Article,Shakespeare Quarterly,2003,,article,jstor,2003-07-01,2,54,http://www.jstor.org/stable/3844178,Evelyn Tribble,Folger Shakespeare Library,eng,195,197,,1580,3,unigram; bigram; trigram
http://www.jstor.org/stable/2868785,Shakespeare's Venus: An Experiment in Tragedy,Shakespeare Quarterly,1974,,article,jstor,1974-07-01,3,25,http://www.jstor.org/stable/2868785,James H. Lake,Folger Shakespeare Library,eng,351,355,,2442,5,unigram; bigram; trigram
http://www.jstor.org/stable/3648701,Review Article,Shakespeare Quarterly,2001,,article,jstor,2001-12-01,4,52,http://www.jstor.org/stable/3648701,Mary C. Fuller,Folger Shakespeare Library,eng,499,502,,1722,4,unigram; bigram; trigram
http://www.jstor.org/stable/2866149,Interpretations of Measure for Measure,Shakespeare Quarterly,1950,,article,jstor,1950-10-01,4,1,http://www.jstor.org/stable/2866149,Robert M. Smith,Folger Shakespeare Library,eng,208,218,,5543,11,unigram; bigram; trigram
http://www.jstor.org/stable/2870635,Apocryphal Plays in Los Angeles: Continued,Shakespeare Quarterly,1988,,article,jstor,1988-07-01,2,39,http://www.jstor.org/stable/2870635,Joseph H. Stodder,Folger Shakespeare Library,eng,232,238,,3929,7,unigram; bigram; trigram
http://www.jstor.org/stable/3844320,Front Matter,Shakespeare Quarterly,2004,,article,jstor,2004-04-01,1,55,http://www.jstor.org/stable/3844320,,Folger Shakespeare Library,eng,i,ii,,1073,3,unigram; bigram; trigram
http://www.jstor.org/stable/2869101,From the Editor: Ecumenical Shakespeare,Shakespeare Quarterly,1978,,article,jstor,1978-04-01,2,29,http://www.jstor.org/stable/2869101,,Folger Shakespeare Library,eng,131,131,,713,1,unigram; bigram; trigram
http://www.jstor.org/stable/3844134,"The Tragedians of the City? Q1 ""Hamlet"" and the Settlements of the 1590s",Shakespeare Quarterly,2006,,article,jstor,2006-07-01,2,57,http://www.jstor.org/stable/3844134,Paul Menzer,Folger Shakespeare Library,eng,162,182,,10338,21,unigram; bigram; trigram
http://www.jstor.org/stable/2866359,"Shakespeare on the New York Stage, 1955-1956",Shakespeare Quarterly,1956,,article,jstor,1956-10-01,4,7,http://www.jstor.org/stable/2866359,Arthur Colby Sprague,Folger Shakespeare Library,eng,393,398,,3317,8,unigram; bigram; trigram
http://www.jstor.org/stable/2866584,[Illustration]: Lanthorne and Candle-light.,Shakespeare Quarterly,1954,,article,jstor,1954-04-01,2,5,http://www.jstor.org/stable/2866584,,Folger Shakespeare Library,eng,154,154,,58,1,unigram; bigram; trigram
http://www.jstor.org/stable/2867266,"[Illustration]: ""Londinium"", the Arch in Fenchurch Street",Shakespeare Quarterly,1961,,article,jstor,1961-01-01,1,12,http://www.jstor.org/stable/2867266,,Folger Shakespeare Library,eng,,,,47,1,unigram; bigram; trigram
http://www.jstor.org/stable/2866666,Review Article,Shakespeare Quarterly,1951,,article,jstor,1951-07-01,3,2,http://www.jstor.org/stable/2866666,Charles Prouty,Folger Shakespeare Library,eng,261,263,,956,3,unigram; bigram; trigram
http://www.jstor.org/stable/2868597,Counterfeits of Soldiership in Henry IV,Shakespeare Quarterly,1973,,article,jstor,1973-10-01,4,24,http://www.jstor.org/stable/2868597,James Black,Folger Shakespeare Library,eng,372,382,,5805,11,unigram; bigram; trigram
http://www.jstor.org/stable/41679769,"Trophies, Traces, Relics, and Props: The Untimely Objects of ""Richard III""",Shakespeare Quarterly,2012,,article,jstor,2012-10-01,3,63,http://www.jstor.org/stable/41679769,Philip Schwyzer,Folger Shakespeare Library,eng,297,327,,15208,31,unigram; bigram; trigram
http://www.jstor.org/stable/2871319,Shakespeare and His Stage,Shakespeare Quarterly,1997,,article,jstor,1997-01-01,5,48,http://www.jstor.org/stable/2871319,,Folger Shakespeare Library,eng,548,550,,1970,3,unigram; bigram; trigram
http://www.jstor.org/stable/2866829,Review Article,Shakespeare Quarterly,1962,,article,jstor,1962-07-01,3,13,http://www.jstor.org/stable/2866829,Eldred D. Jones,Folger Shakespeare Library,eng,347,348,,610,2,unigram; bigram; trigram
http://www.jstor.org/stable/2866289,Review Article,Shakespeare Quarterly,1952,,article,jstor,1952-01-01,1,3,http://www.jstor.org/stable/2866289,Margaret Webster,Folger Shakespeare Library,eng,63,68,,3546,6,unigram; bigram; trigram
http://www.jstor.org/stable/2871393,Review Article,Shakespeare Quarterly,1996,,article,jstor,1996-10-01,3,47,http://www.jstor.org/stable/2871393,Mary Ellen Lamb,Folger Shakespeare Library,eng,352,353,,826,2,unigram; bigram; trigram
http://www.jstor.org/stable/40210319,"""This Sympathizèd One Day's Error"": Genre, Representation, and Subjectivity in the Comedy of Errors",Shakespeare Quarterly,2009,,article,jstor,2009-04-01,1,60,http://www.jstor.org/stable/40210319,Martine van Elk,Folger Shakespeare Library,eng,47,72,,13170,26,unigram; bigram; trigram
http://www.jstor.org/stable/2866657,Robert Roberts: A Printer of Shakespeare's Fourth Folio,Shakespeare Quarterly,1951,,article,jstor,1951-07-01,3,2,http://www.jstor.org/stable/2866657,Fredson Bowers,Folger Shakespeare Library,eng,241,246,,3921,6,unigram; bigram; trigram
http://www.jstor.org/stable/2869317,Shakespeare in Southern California,Shakespeare Quarterly,1979,,article,jstor,1979-04-01,2,30,http://www.jstor.org/stable/2869317,Joseph H. Stodder; Lillian Wilds,Folger Shakespeare Library,eng,232,245,,11253,14,unigram; bigram; trigram
http://www.jstor.org/stable/2867522,[Illustration]: The Constant Couple,Shakespeare Quarterly,1957,,article,jstor,1957-01-01,1,8,http://www.jstor.org/stable/2867522,,Folger Shakespeare Library,eng,90,90,,35,1,unigram; bigram; trigram
http://www.jstor.org/stable/2868886,Fantasy and Wonder in Shakespeare's Last Plays,Shakespeare Quarterly,1974,,article,jstor,1974-01-01,1,25,http://www.jstor.org/stable/2868886,Kenneth J. Semon,Folger Shakespeare Library,eng,89,102,,7019,14,unigram; bigram; trigram
http://www.jstor.org/stable/2870603,Review Article,Shakespeare Quarterly,1988,,article,jstor,1988-04-01,1,39,http://www.jstor.org/stable/2870603,Darryl J. Gless,Folger Shakespeare Library,eng,129,132,,2150,4,unigram; bigram; trigram
http://www.jstor.org/stable/2870633,Exploring the Script: Shakespearean Pay-offs in 1987,Shakespeare Quarterly,1988,,article,jstor,1988-07-01,2,39,http://www.jstor.org/stable/2870633,Alan C. Dessen,Folger Shakespeare Library,eng,217,226,,6853,10,unigram; bigram; trigram
http://www.jstor.org/stable/2866017,The Use of the Upper Stage in Romeo and Juliet,Shakespeare Quarterly,1954,,article,jstor,1954-10-01,4,5,http://www.jstor.org/stable/2866017,Richard Hosley,Folger Shakespeare Library,eng,371,379,,5974,9,unigram; bigram; trigram
http://www.jstor.org/stable/2902149,Review Article,Shakespeare Quarterly,2000,,article,jstor,2000-07-01,2,51,http://www.jstor.org/stable/2902149,Roy Flannagan,Folger Shakespeare Library,eng,263,266,,1580,4,unigram; bigram; trigram
http://www.jstor.org/stable/2870735,Review Article,Shakespeare Quarterly,1989,,article,jstor,1989-10-01,3,40,http://www.jstor.org/stable/2870735,Michael D. Bristol,Folger Shakespeare Library,eng,349,352,,1231,3,unigram; bigram; trigram
http://www.jstor.org/stable/3844209,Review Article,Shakespeare Quarterly,2004,,article,jstor,2004-12-01,4,55,http://www.jstor.org/stable/3844209,Susan Carlson,Folger Shakespeare Library,eng,483,486,,2062,4,unigram; bigram; trigram
http://www.jstor.org/stable/2867746,Review Article,Shakespeare Quarterly,1965,,article,jstor,1965-01-01,1,16,http://www.jstor.org/stable/2867746,David M. Bevington,Folger Shakespeare Library,eng,118,119,,573,2,unigram; bigram; trigram
http://www.jstor.org/stable/2868780,Front Matter,Shakespeare Quarterly,1974,,article,jstor,1974-07-01,3,25,http://www.jstor.org/stable/2868780,,Folger Shakespeare Library,eng,295,296,,904,4,unigram; bigram; trigram
http://www.jstor.org/stable/2869342,Back Matter,Shakespeare Quarterly,1979,,article,jstor,1979-04-01,2,30,http://www.jstor.org/stable/2869342,,Folger Shakespeare Library,eng,,,,157,2,unigram; bigram; trigram
http://www.jstor.org/stable/2866669,Review Article,Shakespeare Quarterly,1951,,article,jstor,1951-07-01,3,2,http://www.jstor.org/stable/2866669,Elio Gianturco,Folger Shakespeare Library,eng,267,269,,1049,3,unigram; bigram; trigram
http://www.jstor.org/stable/2870831,Review Article,Shakespeare Quarterly,1989,,article,jstor,1989-07-01,2,40,http://www.jstor.org/stable/2870831,Jyotsna Singh,Folger Shakespeare Library,eng,232,235,,1531,4,unigram; bigram; trigram
http://www.jstor.org/stable/2869525,A Cabaret Version of Antony and Cleopatra,Shakespeare Quarterly,1980,,article,jstor,1980-07-01,2,31,http://www.jstor.org/stable/2869525,Richard Neuse,Folger Shakespeare Library,eng,186,187,,661,2,unigram; bigram; trigram
http://www.jstor.org/stable/2870173,Henry IV and The Tempest At Santa Cruz,Shakespeare Quarterly,1984,,article,jstor,1984-12-01,4,35,http://www.jstor.org/stable/2870173,Mary Judith Dunbar,Folger Shakespeare Library,eng,475,479,,3225,5,unigram; bigram; trigram
http://www.jstor.org/stable/2867428,The Old Man at Work: Forgeries in the Stationers' Registers,Shakespeare Quarterly,1960,,article,jstor,1960-01-01,1,11,http://www.jstor.org/stable/2867428,Franklin Dickey,Folger Shakespeare Library,eng,39,47,,5441,9,unigram; bigram; trigram
http://www.jstor.org/stable/2868115,Review Article,Shakespeare Quarterly,1964,,article,jstor,1964-10-01,,4,http://www.jstor.org/stable/2868115,W. W. Arndt,Folger Shakespeare Library,eng,438,439,,592,2,unigram; bigram; trigram
http://www.jstor.org/stable/2871310,Front Matter,Shakespeare Quarterly,1997,,article,jstor,1997-01-01,5,48,http://www.jstor.org/stable/2871310,,Folger Shakespeare Library,eng,517,526,,1928,9,unigram; bigram; trigram
http://www.jstor.org/stable/2867075,Review Article,Shakespeare Quarterly,1961,,article,jstor,1961-07-01,3,12,http://www.jstor.org/stable/2867075,Milton Crane,Folger Shakespeare Library,eng,336,338,,706,3,unigram; bigram; trigram
http://www.jstor.org/stable/2866074,Irving in Shakespeare: Interpretation or Creation?,Shakespeare Quarterly,1955,,article,jstor,1955-10-01,,4,http://www.jstor.org/stable/2866074,E. J. West,Folger Shakespeare Library,eng,415,422,,3948,8,unigram; bigram; trigram
http://www.jstor.org/stable/2870728,Macbeth's Season of Imperception,Shakespeare Quarterly,1989,,article,jstor,1989-10-01,3,40,http://www.jstor.org/stable/2870728,Steven Doloff,Folger Shakespeare Library,eng,328,329,,515,2,unigram; bigram; trigram
http://www.jstor.org/stable/2902268,Review Article,Shakespeare Quarterly,1998,,article,jstor,1998-10-01,3,49,http://www.jstor.org/stable/2902268,Lois Potter,Folger Shakespeare Library,eng,335,337,,1198,3,unigram; bigram; trigram
http://www.jstor.org/stable/2866902,Review Article,Shakespeare Quarterly,1962,,article,jstor,1962-01-01,1,13,http://www.jstor.org/stable/2866902,"Franklin B. Williams, Jr.",Folger Shakespeare Library,eng,82,82,,338,1,unigram; bigram; trigram
http://www.jstor.org/stable/2866238,Front Matter,Shakespeare Quarterly,1951,,article,jstor,1951-10-01,4,2,http://www.jstor.org/stable/2866238,,Folger Shakespeare Library,eng,,,,364,2,unigram; bigram; trigram
http://www.jstor.org/stable/2869306,Shakespeare in Florida,Shakespeare Quarterly,1979,,article,jstor,1979-04-01,2,30,http://www.jstor.org/stable/2869306,Eugene S. Clasby,Folger Shakespeare Library,eng,204,205,,1175,2,unigram; bigram; trigram
http://www.jstor.org/stable/2867125,Correspondence,Shakespeare Quarterly,1959,,article,jstor,1959-10-01,4,10,http://www.jstor.org/stable/2867125,,Folger Shakespeare Library,eng,618,618,,327,1,unigram; bigram; trigram
http://www.jstor.org/stable/2870361,Front Matter,Shakespeare Quarterly,1984,,article,jstor,1984-10-01,3,35,http://www.jstor.org/stable/2870361,,Folger Shakespeare Library,eng,257,259,,1291,5,unigram; bigram; trigram
http://www.jstor.org/stable/2868260,Hamlet and the Coronation of Christian IV,Shakespeare Quarterly,1965,,article,jstor,1965-04-01,2,16,http://www.jstor.org/stable/2868260,Gunnar Sjögren,Folger Shakespeare Library,eng,155,160,,2903,6,unigram; bigram; trigram
http://www.jstor.org/stable/23025656,Review Article,Shakespeare Quarterly,2011,,article,jstor,2011-10-01,3,62,http://www.jstor.org/stable/23025656,Anthony R. Guneratne,Folger Shakespeare Library,eng,475,478,,1453,4,unigram; bigram; trigram
http://www.jstor.org/stable/2869042,Dissertations,Shakespeare Quarterly,1975,,article,jstor,1975-10-01,4,26,http://www.jstor.org/stable/2869042,Thomas F. Grieve; Rudolph E. Habenicht,Folger Shakespeare Library,eng,346,351,,2757,6,unigram; bigram; trigram
http://www.jstor.org/stable/2866396,Pepys' Shakespeare Song,Shakespeare Quarterly,1955,,article,jstor,1955-04-01,2,6,http://www.jstor.org/stable/2866396,MacDonald Emslie,Folger Shakespeare Library,eng,159,170,,4210,12,unigram; bigram; trigram
http://www.jstor.org/stable/2902217,Review Article,Shakespeare Quarterly,1998,,article,jstor,1998-04-01,1,49,http://www.jstor.org/stable/2902217,Jonathan Gil Harris,Folger Shakespeare Library,eng,102,104,,1972,3,unigram; bigram; trigram
http://www.jstor.org/stable/2869691,"Shakespeare in Bergen, 1983",Shakespeare Quarterly,1984,,article,jstor,1984-04-01,1,35,http://www.jstor.org/stable/2869691,Andrew Kennedy,Folger Shakespeare Library,eng,95,96,,1230,2,unigram; bigram; trigram
http://www.jstor.org/stable/2866842,Rosalind's Gentle Jupiter,Shakespeare Quarterly,1962,,article,jstor,1962-07-01,3,13,http://www.jstor.org/stable/2866842,Mary Ellen Rickey,Folger Shakespeare Library,eng,365,366,,765,2,unigram; bigram; trigram
http://www.jstor.org/stable/2867196,Coleville of the Dale,Shakespeare Quarterly,1958,,article,jstor,1958-01-01,1,9,http://www.jstor.org/stable/2867196,Peter G. Phialas,Folger Shakespeare Library,eng,86,88,,1202,3,unigram; bigram; trigram
http://www.jstor.org/stable/2871021,Review Article,Shakespeare Quarterly,1997,,article,jstor,1997-10-01,3,48,http://www.jstor.org/stable/2871021,Heather Dubrow,Folger Shakespeare Library,eng,336,338,,1482,3,unigram; bigram; trigram
http://www.jstor.org/stable/2866486,Review Article,Shakespeare Quarterly,1953,,article,jstor,1953-10-01,4,4,http://www.jstor.org/stable/2866486,Hubert Heffner,Folger Shakespeare Library,eng,477,479,,1194,3,unigram; bigram; trigram
http://www.jstor.org/stable/2866945,The Foresters' Song in As You Like It,Shakespeare Quarterly,1959,,article,jstor,1959-04-01,2,10,http://www.jstor.org/stable/2866945,Peter J. Seng,Folger Shakespeare Library,eng,246,249,,1984,4,unigram; bigram; trigram
http://www.jstor.org/stable/2868691,Review Article,Shakespeare Quarterly,1972,,article,jstor,1972-10-01,4,23,http://www.jstor.org/stable/2868691,R. J. S.,Folger Shakespeare Library,eng,460,460,,94,1,unigram; bigram; trigram
http://www.jstor.org/stable/2867059,Will and Reason in Troilus and Cressida,Shakespeare Quarterly,1961,,article,jstor,1961-07-01,3,12,http://www.jstor.org/stable/2867059,David Kaula,Folger Shakespeare Library,eng,271,283,,7137,13,unigram; bigram; trigram
http://www.jstor.org/stable/2868942,"New York Shakespeare Festival, Lincoln Center, 1973-74",Shakespeare Quarterly,1974,,article,jstor,1974-10-01,4,25,http://www.jstor.org/stable/2868942,M. E. Comtois,Folger Shakespeare Library,eng,405,409,,2311,5,unigram; bigram; trigram
http://www.jstor.org/stable/2902227,General Shakespeareana,Shakespeare Quarterly,1998,,article,jstor,1998-01-01,5,49,http://www.jstor.org/stable/2902227,,Folger Shakespeare Library,eng,495,573,,67307,79,unigram; bigram; trigram
http://www.jstor.org/stable/2870043,Idaho Shakespeare Festival,Shakespeare Quarterly,1981,,article,jstor,1981-07-01,2,32,http://www.jstor.org/stable/2870043,James H. Maguire,Folger Shakespeare Library,eng,246,248,,1260,3,unigram; bigram; trigram
http://www.jstor.org/stable/2870020,"American Shakespeare Theatre, Stratford, Connecticut",Shakespeare Quarterly,1981,,article,jstor,1981-07-01,2,32,http://www.jstor.org/stable/2870020,Peter Saccio,Folger Shakespeare Library,eng,193,196,,2606,4,unigram; bigram; trigram
http://www.jstor.org/stable/2871235,"Shakespeare at Stratford-upon-Avon, 1993-94",Shakespeare Quarterly,1994,,article,jstor,1994-10-01,3,45,http://www.jstor.org/stable/2871235,Russell Jackson,Folger Shakespeare Library,eng,332,348,,9800,17,unigram; bigram; trigram
http://www.jstor.org/stable/2868126,Shakespeare and Francis Sabie,Shakespeare Quarterly,1964,,article,jstor,1964-10-01,4,15,http://www.jstor.org/stable/2868126,Ann Stanford,Folger Shakespeare Library,eng,454,455,,636,2,unigram; bigram; trigram
http://www.jstor.org/stable/2867158,Review Article,Shakespeare Quarterly,1958,,article,jstor,1958-10-01,4,9,http://www.jstor.org/stable/2867158,Brice Harris,Folger Shakespeare Library,eng,577,578,,619,2,unigram; bigram; trigram
http://www.jstor.org/stable/2868374,Volume Information,Shakespeare Quarterly,1969,,article,jstor,1969-07-01,3,20,http://www.jstor.org/stable/2868374,,Folger Shakespeare Library,eng,iii,xvii,,6779,15,unigram; bigram; trigram
http://www.jstor.org/stable/2871200,Shakespeare In Edinburgh,Shakespeare Quarterly,1985,,article,jstor,1985-07-01,2,36,http://www.jstor.org/stable/2871200,Gerald M. Berkowitz,Folger Shakespeare Library,eng,222,226,,2961,5,unigram; bigram; trigram
http://www.jstor.org/stable/2902304,Review Article,Shakespeare Quarterly,1998,,article,jstor,1998-07-01,2,49,http://www.jstor.org/stable/2902304,Cynthia Marshall,Folger Shakespeare Library,eng,210,214,,2560,5,unigram; bigram; trigram
http://www.jstor.org/stable/2866414,Shakespeare: An Annotated Bibliography for 1954,Shakespeare Quarterly,1955,,article,jstor,1955-04-01,2,6,http://www.jstor.org/stable/2866414,Paul A. Jorgensen,Folger Shakespeare Library,eng,201,202,,593,2,unigram; bigram; trigram
http://www.jstor.org/stable/2867671,Review Article,Shakespeare Quarterly,1965,,article,jstor,1965-10-01,4,16,http://www.jstor.org/stable/2867671,Kenneth Muir,Folger Shakespeare Library,eng,349,350,,863,2,unigram; bigram; trigram
http://www.jstor.org/stable/2869112,New Jersey Shakespeare Festival,Shakespeare Quarterly,1978,,article,jstor,1978-04-01,,2,http://www.jstor.org/stable/2869112,Bernard Beckerman,Folger Shakespeare Library,eng,232,234,,1401,3,unigram; bigram; trigram
http://www.jstor.org/stable/2870303,"""Something Rich and Strange"": Caliban's Theatrical Metamorphoses",Shakespeare Quarterly,1985,,article,jstor,1985-12-01,4,36,http://www.jstor.org/stable/2870303,Virginia Mason Vaughan,Folger Shakespeare Library,eng,390,405,,7515,16,unigram; bigram; trigram
http://www.jstor.org/stable/2870256,Shakespeare in Adelaide,Shakespeare Quarterly,1981,,article,jstor,1981-10-01,3,32,http://www.jstor.org/stable/2870256,Alan Brissenden,Folger Shakespeare Library,eng,363,364,,584,2,unigram; bigram; trigram
http://www.jstor.org/stable/2866457,Review Article,Shakespeare Quarterly,1956,,article,jstor,1956-04-01,,2,http://www.jstor.org/stable/2866457,R. A. Foakes,Folger Shakespeare Library,eng,270,272,,1098,3,unigram; bigram; trigram
http://www.jstor.org/stable/2870716,Review Article,Shakespeare Quarterly,1988,,article,jstor,1988-12-01,4,39,http://www.jstor.org/stable/2870716,Michael D. Bristol,Folger Shakespeare Library,eng,517,518,,876,2,unigram; bigram; trigram
http://www.jstor.org/stable/2869589,Editions and Texts,Shakespeare Quarterly,1980,,article,jstor,1980-12-01,4,31,http://www.jstor.org/stable/2869589,Harrison T. Meserole; John B. Smith,Folger Shakespeare Library,eng,490,492,,1699,3,unigram; bigram; trigram
http://www.jstor.org/stable/2871159,Review Article,Shakespeare Quarterly,1995,,article,jstor,1995-04-01,1,46,http://www.jstor.org/stable/2871159,Margaret P. Hannay,Folger Shakespeare Library,eng,92,93,,842,2,unigram; bigram; trigram
http://www.jstor.org/stable/2867788,Review Article,Shakespeare Quarterly,1963,,article,jstor,1963-04-01,2,14,http://www.jstor.org/stable/2867788,G. P. V. Akrigg,Folger Shakespeare Library,eng,174,175,,453,2,unigram; bigram; trigram
http://www.jstor.org/stable/2870389,Painting as Literature,Shakespeare Quarterly,1984,,article,jstor,1984-10-01,3,35,http://www.jstor.org/stable/2870389,Geoffrey Ashton,Folger Shakespeare Library,eng,373,374,,1042,2,unigram; bigram; trigram
http://www.jstor.org/stable/2871071,Front Matter,Shakespeare Quarterly,1964,,article,jstor,1964-01-01,,15,http://www.jstor.org/stable/2871071,,Folger Shakespeare Library,eng,,,,496,4,unigram; bigram; trigram
http://www.jstor.org/stable/24778435,"""Hamlet's"" Alchemy: Transubstantiation, Modernity, Belief",Shakespeare Quarterly,2013,,article,jstor,2013-04-01,1,64,http://www.jstor.org/stable/24778435,Katherine Eggert,Folger Shakespeare Library,eng,45,57,,6242,13,unigram; bigram; trigram
http://www.jstor.org/stable/2869669,In Praise of Two Eminent Shakespeareans,Shakespeare Quarterly,1979,,article,jstor,1979-01-01,1,30,http://www.jstor.org/stable/2869669,A. B. Kernan,Folger Shakespeare Library,eng,100,103,,1959,4,unigram; bigram; trigram
http://www.jstor.org/stable/2868032,Review Article,Shakespeare Quarterly,1962,,article,jstor,1962-10-01,4,13,http://www.jstor.org/stable/2868032,Peter G. Phialas,Folger Shakespeare Library,eng,570,571,,628,2,unigram; bigram; trigram
http://www.jstor.org/stable/2869052,The Hoby Letter and Richard II: A Parable of Criticism,Shakespeare Quarterly,1975,,article,jstor,1975-10-01,4,26,http://www.jstor.org/stable/2869052,David M. Bergeron,Folger Shakespeare Library,eng,477,480,,1930,4,unigram; bigram; trigram
http://www.jstor.org/stable/2867247,Review Article,Shakespeare Quarterly,1958,,article,jstor,1958-04-01,2,9,http://www.jstor.org/stable/2867247,Edward Hubler,Folger Shakespeare Library,eng,192,193,,654,2,unigram; bigram; trigram
http://www.jstor.org/stable/2868641,Reviews of Books Previously Recorded in Shakespeare Quarterly Bibliographies,Shakespeare Quarterly,1973,,article,jstor,1973-10-01,4,24,http://www.jstor.org/stable/2868641,Bruce Nesbitt,Folger Shakespeare Library,eng,564,574,,4875,11,unigram; bigram; trigram
http://www.jstor.org/stable/2868066,"The Melancholy of Moor-Ditch: A Gloss of 1 Henry IV, I. ii. 87-88",Shakespeare Quarterly,1967,,article,jstor,1967-01-01,1,18,http://www.jstor.org/stable/2868066,Bridget Gellert,Folger Shakespeare Library,eng,70,71,,747,2,unigram; bigram; trigram
http://www.jstor.org/stable/2871374,Subject Index,Shakespeare Quarterly,1997,,article,jstor,1997-01-01,5,48,http://www.jstor.org/stable/2871374,,Folger Shakespeare Library,eng,840,848,,6128,9,unigram; bigram; trigram
http://www.jstor.org/stable/2867473,"An Early Allusion to Richard III, and Its Bearing on the Date of the Play",Shakespeare Quarterly,1961,,article,jstor,1961-10-01,4,12,http://www.jstor.org/stable/2867473,G. A. Wilkes,Folger Shakespeare Library,eng,464,465,,921,2,unigram; bigram; trigram
http://www.jstor.org/stable/2902148,Review Article,Shakespeare Quarterly,2000,,article,jstor,2000-07-01,2,51,http://www.jstor.org/stable/2902148,Georgianna Ziegler,Folger Shakespeare Library,eng,260,263,,1816,4,unigram; bigram; trigram
http://www.jstor.org/stable/2870695,Review Article,Shakespeare Quarterly,1986,,article,jstor,1986-12-01,4,37,http://www.jstor.org/stable/2870695,Charles R. Forker,Folger Shakespeare Library,eng,534,536,,1620,3,unigram; bigram; trigram
http://www.jstor.org/stable/2869302,"Shakespeare in Washington, D. C.",Shakespeare Quarterly,1979,,article,jstor,1979-04-01,2,30,http://www.jstor.org/stable/2869302,Jeanne Addison Roberts,Folger Shakespeare Library,eng,192,196,,3227,5,unigram; bigram; trigram
http://www.jstor.org/stable/2869187,Elizabethan Love Poetry,Shakespeare Quarterly,1978,,article,jstor,1978-01-01,1,29,http://www.jstor.org/stable/2869187,Hallett Smith,Folger Shakespeare Library,eng,114,116,,1340,3,unigram; bigram; trigram
http://www.jstor.org/stable/2868039,Review Article,Shakespeare Quarterly,1962,,article,jstor,1962-10-01,4,13,http://www.jstor.org/stable/2868039,Maria Regina Abrantes da Silva Pinto,Folger Shakespeare Library,eng,577,578,,609,2,unigram; bigram; trigram
http://www.jstor.org/stable/41819769,Review Article,Shakespeare Quarterly,2012,,article,jstor,2012-12-01,4,63,http://www.jstor.org/stable/41819769,Mark Bayer,Folger Shakespeare Library,eng,577,580,,1619,4,unigram; bigram; trigram
http://www.jstor.org/stable/24778492,"The Question of Original Sin in ""Hamlet""",Shakespeare Quarterly,2013,,article,jstor,2013-12-01,4,64,http://www.jstor.org/stable/24778492,John Gillies,Folger Shakespeare Library,eng,396,424,,14404,29,unigram; bigram; trigram
http://www.jstor.org/stable/2870787,Review Article,Shakespeare Quarterly,1990,,article,jstor,1990-12-01,4,41,http://www.jstor.org/stable/2870787,Susan Snyder,Folger Shakespeare Library,eng,530,531,,1078,2,unigram; bigram; trigram
http://www.jstor.org/stable/2868517,Notice,Shakespeare Quarterly,1972,,article,jstor,1972-07-01,3,23,http://www.jstor.org/stable/2868517,,Folger Shakespeare Library,eng,266,266,,82,1,unigram; bigram; trigram
http://www.jstor.org/stable/2871043,"""How shall we find the concord of this discord?"": Teaching Shakespeare in Israel, 1994",Shakespeare Quarterly,1995,,article,jstor,1995-07-01,2,46,http://www.jstor.org/stable/2871043,Michael Yogev,Folger Shakespeare Library,eng,157,164,,4083,8,unigram; bigram; trigram
http://www.jstor.org/stable/2870372,"Gonzalo's ""Lasting Pillars"": The Tempest, V.i.208",Shakespeare Quarterly,1984,,article,jstor,1984-10-01,3,35,http://www.jstor.org/stable/2870372,Dennis C. Kay,Folger Shakespeare Library,eng,322,324,,1698,3,unigram; bigram; trigram
http://www.jstor.org/stable/2866979,Review Article,Shakespeare Quarterly,1957,,article,jstor,1957-04-01,2,8,http://www.jstor.org/stable/2866979,J. G. M.,Folger Shakespeare Library,eng,243,244,,296,2,unigram; bigram; trigram
http://www.jstor.org/stable/2866520,Volume Information,Shakespeare Quarterly,1954,,article,jstor,1954-01-01,1,5,http://www.jstor.org/stable/2866520,,Folger Shakespeare Library,eng,i,xxiv,,12530,27,unigram; bigram; trigram
http://www.jstor.org/stable/2871267,Review Article,Shakespeare Quarterly,1997,,article,jstor,1997-12-01,4,48,http://www.jstor.org/stable/2871267,R. W. Desai,Folger Shakespeare Library,eng,489,492,,1941,4,unigram; bigram; trigram
http://www.jstor.org/stable/2867101,"Shakespeare's ""Folly"": King Lear",Shakespeare Quarterly,1959,,article,jstor,1959-10-01,4,10,http://www.jstor.org/stable/2867101,Carolyn S. French,Folger Shakespeare Library,eng,523,529,,3271,7,unigram; bigram; trigram
http://www.jstor.org/stable/2871330,Antony and Cleopatra,Shakespeare Quarterly,1997,,article,jstor,1997-01-01,5,48,http://www.jstor.org/stable/2871330,,Folger Shakespeare Library,eng,605,609,,3106,5,unigram; bigram; trigram
http://www.jstor.org/stable/2868769,Review Article,Shakespeare Quarterly,1971,,article,jstor,1971-01-01,1,22,http://www.jstor.org/stable/2868769,Giles E. Dawson,Folger Shakespeare Library,eng,73,73,,257,1,unigram; bigram; trigram
http://www.jstor.org/stable/2870134,Measure for Measure On the Chinese Stage,Shakespeare Quarterly,1982,,article,jstor,1982-12-01,4,33,http://www.jstor.org/stable/2870134,Carolyn Wakeman,Folger Shakespeare Library,eng,499,502,,2270,4,unigram; bigram; trigram
http://www.jstor.org/stable/2870461,A Midsummer Night's Dream: Anamorphism and Theseus' Dream,Shakespeare Quarterly,1991,,article,jstor,1991-12-01,4,42,http://www.jstor.org/stable/2870461,James L. Calderwood,Folger Shakespeare Library,eng,409,430,,13296,22,unigram; bigram; trigram
http://www.jstor.org/stable/2867088,Front Matter,Shakespeare Quarterly,1959,,article,jstor,1959-10-01,4,10,http://www.jstor.org/stable/2867088,,Folger Shakespeare Library,eng,459,459,,489,1,unigram; bigram; trigram
http://www.jstor.org/stable/2869970,Review Article,Shakespeare Quarterly,1986,,article,jstor,1986-07-01,2,37,http://www.jstor.org/stable/2869970,Harold Jenkins,Folger Shakespeare Library,eng,258,260,,1769,3,unigram; bigram; trigram
http://www.jstor.org/stable/2869524,Boston Shakespeare Company,Shakespeare Quarterly,1980,,article,jstor,1980-07-01,2,31,http://www.jstor.org/stable/2869524,Virginia M. Carr,Folger Shakespeare Library,eng,184,186,,1183,3,unigram; bigram; trigram
http://www.jstor.org/stable/2902365,Review Article,Shakespeare Quarterly,1999,,article,jstor,1999-10-01,3,50,http://www.jstor.org/stable/2902365,Barbara Hodgdon,Folger Shakespeare Library,eng,372,375,,2065,4,unigram; bigram; trigram
http://www.jstor.org/stable/2868188,Review Article,Shakespeare Quarterly,1963,,article,jstor,1963-10-01,4,14,http://www.jstor.org/stable/2868188,R. F. Hill,Folger Shakespeare Library,eng,467,468,,650,2,unigram; bigram; trigram
http://www.jstor.org/stable/2902353,Review Article,Shakespeare Quarterly,2000,,article,jstor,2000-12-01,4,51,http://www.jstor.org/stable/2902353,Margarida Gandara Rauen,Folger Shakespeare Library,eng,509,512,,1954,4,unigram; bigram; trigram
http://www.jstor.org/stable/2868049,Review Article,Shakespeare Quarterly,1962,,article,jstor,1962-10-01,4,13,http://www.jstor.org/stable/2868049,Giles E. Dawson,Folger Shakespeare Library,eng,584,584,,138,1,unigram; bigram; trigram
http://www.jstor.org/stable/2871113,Review Article,Shakespeare Quarterly,1996,,article,jstor,1996-07-01,2,47,http://www.jstor.org/stable/2871113,Jay L. Halio,Folger Shakespeare Library,eng,221,222,,1211,2,unigram; bigram; trigram
http://www.jstor.org/stable/2867796,Correspondence,Shakespeare Quarterly,1963,,article,jstor,1963-04-01,2,14,http://www.jstor.org/stable/2867796,,Folger Shakespeare Library,eng,189,189,,55,1,unigram; bigram; trigram
http://www.jstor.org/stable/2869990,Bibliographies and Checklists,Shakespeare Quarterly,1981,,article,jstor,1981-12-01,4,32,http://www.jstor.org/stable/2869990,Harrison T. Meserole; John B. Smith,Folger Shakespeare Library,eng,441,444,,1936,4,unigram; bigram; trigram
http://www.jstor.org/stable/2866046,Twelfth Night and Shakespearian Comedy,Shakespeare Quarterly,1955,,article,jstor,1955-01-01,1,6,http://www.jstor.org/stable/2866046,Milton Crane,Folger Shakespeare Library,eng,1,8,,3981,8,unigram; bigram; trigram
http://www.jstor.org/stable/2869196,Logic Versus The Slovenly World in Shakespearean Comedy,Shakespeare Quarterly,1980,,article,jstor,1980-10-01,3,31,http://www.jstor.org/stable/2869196,"O. B. Hardison, Jr.",Folger Shakespeare Library,eng,311,322,,6924,12,unigram; bigram; trigram
http://www.jstor.org/stable/2870937,Review Article,Shakespeare Quarterly,1988,,article,jstor,1988-10-01,3,39,http://www.jstor.org/stable/2870937,Jeanne Addison Roberts,Folger Shakespeare Library,eng,370,371,,661,2,unigram; bigram; trigram
http://www.jstor.org/stable/2869401,Trevor Nunn's Macbeth,Shakespeare Quarterly,1977,,article,jstor,1977-04-01,2,28,http://www.jstor.org/stable/2869401,Marvin Rosenberg,Folger Shakespeare Library,eng,195,196,,1336,2,unigram; bigram; trigram
http://www.jstor.org/stable/2869529,Other Shakespeare in New York City,Shakespeare Quarterly,1980,,article,jstor,1980-07-01,2,31,http://www.jstor.org/stable/2869529,Carol Rosen,Folger Shakespeare Library,eng,197,202,,3267,6,unigram; bigram; trigram
http://www.jstor.org/stable/2867999,[Illustration]: Illustration of Act V of Terence's Eunuchus,Shakespeare Quarterly,1962,,article,jstor,1962-10-01,4,13,http://www.jstor.org/stable/2867999,,Folger Shakespeare Library,eng,520,520,,46,1,unigram; bigram; trigram
http://www.jstor.org/stable/2870902,Overkill in Shakespeare,Shakespeare Quarterly,1992,,article,jstor,1992-04-01,1,43,http://www.jstor.org/stable/2870902,Gillian Murray Kendall,Folger Shakespeare Library,eng,33,50,,9657,18,unigram; bigram; trigram
http://www.jstor.org/stable/2866542,"The ""Good Night, Good Night"" Sequence in Romeo and Juliet",Shakespeare Quarterly,1954,,article,jstor,1954-01-01,1,5,http://www.jstor.org/stable/2866542,Richard Hosley,Folger Shakespeare Library,eng,96,98,,1543,3,unigram; bigram; trigram
http://www.jstor.org/stable/2868419,An Eighteenth-Century Stage Adaptation of the Falstaff Part in the First Part of Henry IV,Shakespeare Quarterly,1970,,article,jstor,1970-01-01,1,21,http://www.jstor.org/stable/2868419,Akihiro Yamada,Folger Shakespeare Library,eng,103,104,,815,2,unigram; bigram; trigram
http://www.jstor.org/stable/24778514,Review Article,Shakespeare Quarterly,2014,,article,jstor,2014-04-01,1,65,http://www.jstor.org/stable/24778514,Deborah T. Curren-Aquino,Folger Shakespeare Library,eng,86,90,,2171,5,unigram; bigram; trigram
http://www.jstor.org/stable/2866256,Review Article,Shakespeare Quarterly,1951,,article,jstor,1951-10-01,4,2,http://www.jstor.org/stable/2866256,Robert M. Smith,Folger Shakespeare Library,eng,353,358,,3198,6,unigram; bigram; trigram
http://www.jstor.org/stable/41679774,Review Article,Shakespeare Quarterly,2012,,article,jstor,2012-10-01,3,63,http://www.jstor.org/stable/41679774,David Riggs,Folger Shakespeare Library,eng,428,431,,1577,4,unigram; bigram; trigram
http://www.jstor.org/stable/2867109,"Stratford, Connecticut, Shakespeare Festival, 1959",Shakespeare Quarterly,1959,,article,jstor,1959-10-01,4,10,http://www.jstor.org/stable/2867109,Claire McGlinchee,Folger Shakespeare Library,eng,573,576,,2147,4,unigram; bigram; trigram
http://www.jstor.org/stable/2870754,They Were Not Such Good Years,Shakespeare Quarterly,1989,,article,jstor,1989-04-01,1,40,http://www.jstor.org/stable/2870754,Frankie Rubinstein,Folger Shakespeare Library,eng,70,74,,3686,5,unigram; bigram; trigram
http://www.jstor.org/stable/2868513,The Third Murderer in Macbeth,Shakespeare Quarterly,1972,,article,jstor,1972-07-01,3,23,http://www.jstor.org/stable/2868513,George Walton Williams,Folger Shakespeare Library,eng,261,261,,274,1,unigram; bigram; trigram
http://www.jstor.org/stable/2871404,Review Article,Shakespeare Quarterly,1997,,article,jstor,1997-04-01,1,48,http://www.jstor.org/stable/2871404,M. Lindsay Kaplan,Folger Shakespeare Library,eng,91,92,,1011,2,unigram; bigram; trigram
http://www.jstor.org/stable/2868438,"[Illustration]: Woodcut Illustration of the First of Hrotsvit's Comedies, Gallicanus (Opera. Nuremberg, 1501)",Shakespeare Quarterly,1970,,article,jstor,1970-10-01,4,21,http://www.jstor.org/stable/2868438,,Folger Shakespeare Library,eng,472,472,,32,1,unigram; bigram; trigram
http://www.jstor.org/stable/2868044,Review Article,Shakespeare Quarterly,1962,,article,jstor,1962-10-01,,4,http://www.jstor.org/stable/2868044,George Burke Johnston,Folger Shakespeare Library,eng,581,581,,498,1,unigram; bigram; trigram
http://www.jstor.org/stable/4123506,Review Article,Shakespeare Quarterly,2006,,article,jstor,2006-12-01,4,57,http://www.jstor.org/stable/4123506,Edmund Valentine Campos,Folger Shakespeare Library,eng,489,492,,1376,4,unigram; bigram; trigram
http://www.jstor.org/stable/2868110,Review Article,Shakespeare Quarterly,1964,,article,jstor,1964-10-01,4,15,http://www.jstor.org/stable/2868110,Robert Loper,Folger Shakespeare Library,eng,433,434,,647,2,unigram; bigram; trigram
http://www.jstor.org/stable/2870928,Grubbing Up the Stock: Dramatizing Queens in Henry VIII,Shakespeare Quarterly,1988,,article,jstor,1988-10-01,3,39,http://www.jstor.org/stable/2870928,Kim H. Noling,Folger Shakespeare Library,eng,291,306,,9411,16,unigram; bigram; trigram
http://www.jstor.org/stable/2871079,[H],Shakespeare Quarterly,1964,,article,jstor,1964-01-01,,15,http://www.jstor.org/stable/2871079,,Folger Shakespeare Library,eng,88,112,,13450,25,unigram; bigram; trigram
http://www.jstor.org/stable/2868190,Review Article,Shakespeare Quarterly,1963,,article,jstor,1963-10-01,4,14,http://www.jstor.org/stable/2868190,Thomas Pyles,Folger Shakespeare Library,eng,469,470,,573,2,unigram; bigram; trigram
http://www.jstor.org/stable/2869482,The New Arden Coriolanus,Shakespeare Quarterly,1979,,article,jstor,1979-07-01,3,30,http://www.jstor.org/stable/2869482,T. H. Howard-Hill,Folger Shakespeare Library,eng,423,426,,2064,4,unigram; bigram; trigram
http://www.jstor.org/stable/2867034,Review Article,Shakespeare Quarterly,1959,,article,jstor,1959-01-01,1,10,http://www.jstor.org/stable/2867034,Yar Slavutych,Folger Shakespeare Library,eng,108,109,,981,2,unigram; bigram; trigram
http://www.jstor.org/stable/2866411,Review Article,Shakespeare Quarterly,1955,,article,jstor,1955-04-01,2,6,http://www.jstor.org/stable/2866411,S. Thomas,Folger Shakespeare Library,eng,192,192,,242,1,unigram; bigram; trigram
